Agency,Complaint Type,BMP,Public View,Location_Type,Descriptor,Additional_Details,Location_Details,Severity
Department of Housing Preservation and Development,Appliance,DAMP,Yes,Apartment,Electric/Gas Range,Control Knob Broken or Missing,Kitchen,
Department of Housing Preservation and Development,Appliance,DAMP,Yes,Apartment,Electric/Gas Range,No Gas or Electricity,Kitchen,
Department of Housing Preservation and Development,Appliance,DAMP,Yes,Apartment,Electric/Gas Range,Pilot Light Out,Kitchen,
Department of Housing Preservation and Development,Appliance,DAMP,Yes,Apartment,Refrigerator,Broken or Missing,Kitchen,
Department of Housing Preservation and Development,Appliance,DAMP,Yes,Apartment,Refrigerator,Control Knob Broken or Missing,Kitchen,
Department of Housing Preservation and Development,Appliance,DAMP,Yes,Apartment,Refrigerator,Freezer Door Broken or Missing,Kitchen,
Department of Housing Preservation and Development,Appliance,DAMP,Yes,Apartment,Refrigerator,Leaking Under Unit,Kitchen,
Department of Housing Preservation and Development,Appliance,DAMP,Yes,Apartment,Refrigerator,Shelf Broken/Loose/Missing,Kitchen,
Department of Housing Preservation and Development,Appliance,DPM,Yes,Apartment,Dishwasher,Broken or Leaking,Kitchen,
Department of Housing Preservation and Development,Appliance,DPM,Yes,Apartment,Electric/Gas Range,Control Knob Broken or Missing,Kitchen,
Department of Housing Preservation and Development,Appliance,DPM,Yes,Apartment,Electric/Gas Range,Electric Outlet Sparking,Kitchen,
Department of Housing Preservation and Development,Appliance,DPM,Yes,Apartment,Electric/Gas Range,No Stove Knob Covers,Kitchen,
Department of Housing Preservation and Development,Appliance,DPM,Yes,Apartment,Electric/Gas Range,Oven Door Loose,Kitchen,
Department of Housing Preservation and Development,Appliance,DPM,Yes,Apartment,Electric/Gas Range,Oven Door Missing or Broken,Kitchen,
Department of Housing Preservation and Development,Appliance,DPM,Yes,Apartment,Electric/Gas Range,Pilot Light Out,Kitchen,
Department of Housing Preservation and Development,Appliance,DPM,Yes,Apartment,Electric/Gas Range,Range/Oven Broken or Missing,Kitchen,
Department of Housing Preservation and Development,Appliance,DPM,Yes,Apartment,Refrigerator,Broken or Missing,Kitchen,
Department of Housing Preservation and Development,Appliance,DPM,Yes,Apartment,Refrigerator,Door Handle Broken or Missing,Kitchen,
Department of Housing Preservation and Development,Appliance,DPM,Yes,Apartment,Refrigerator,Freezer Making Loud Noise,Kitchen,
Department of Housing Preservation and Development,Appliance,DPM,Yes,Apartment,Refrigerator,Leaking Under Unit,Kitchen,
Department of Housing Preservation and Development,Appliance,DPM,Yes,Apartment,Refrigerator,Odor from Unknown Cause,Kitchen,
Department of Housing Preservation and Development,Appliance,Sec 8,Yes,Apartment,Electric/Gas Range,Control Knob Broken or Missing,Kitchen,
Department of Housing Preservation and Development,Appliance,Sec 8,Yes,Apartment,Electric/Gas Range,No Gas,Kitchen,
Department of Housing Preservation and Development,Appliance,Sec 8,Yes,Apartment,Electric/Gas Range,No Gas or Electricity,Kitchen,
Department of Housing Preservation and Development,Appliance,Sec 8,Yes,Apartment,Electric/Gas Range,No Stove Knob Covers,Kitchen,
Department of Housing Preservation and Development,Appliance,Sec 8,Yes,Apartment,Electric/Gas Range,Oven Door Missing or Broken,Kitchen,
Department of Housing Preservation and Development,Appliance,Sec 8,Yes,Apartment,Electric/Gas Range,Pilot Light Out,Kitchen,
Department of Housing Preservation and Development,Appliance,Sec 8,Yes,Apartment,Electric/Gas Range,Range/Oven Broken or Missing,Kitchen,
Department of Housing Preservation and Development,Appliance,Sec 8,Yes,Apartment,Microwave,Broken or Missing,Kitchen,
Department of Housing Preservation and Development,Appliance,Sec 8,Yes,Apartment,Refrigerator,Broken Door Seal,Kitchen,
Department of Housing Preservation and Development,Appliance,Sec 8,Yes,Apartment,Refrigerator,Broken or Missing,Kitchen,
Department of Housing Preservation and Development,Appliance,Sec 8,Yes,Apartment,Refrigerator,Shelf Broken/Loose/Missing,Kitchen,
Department of Housing Preservation and Development,Appliance,DAMP,Yes,Public Area,Refrigerator,Discarded with Door Intact,Building Entrance,
Department of Housing Preservation and Development,Appliance,DAMP,Yes,Public Area,Refrigerator,Discarded with Door Intact,Courtyard,
Department of Housing Preservation and Development,Appliance,DAMP,Yes,Public Area,Refrigerator,Discarded with Door Intact,Basement,
Department of Housing Preservation and Development,Appliance,DAMP,Yes,Public Area,Refrigerator,Discarded with Door Intact,Lobby,
Department of Housing Preservation and Development,Appliance,DAMP,Yes,Public Area,Refrigerator,Discarded with Door Intact,Kitchen,
Department of Housing Preservation and Development,Appliance,DAMP,Yes,Public Area,Refrigerator,Discarded with Door Intact,Fire Exit/Passageway,
Department of Housing Preservation and Development,Appliance,DAMP,Yes,Public Area,Refrigerator,Discarded with Door Intact,Hallway,
Department of Housing Preservation and Development,Appliance,DAMP,Yes,Public Area,Refrigerator,Discarded with Door Intact,Outside,
Department of Housing Preservation and Development,Appliance,DAMP,Yes,Public Area,Refrigerator,Discarded with Door Intact,Yard,
Department of Housing Preservation and Development,Appliance,Sec 8,Yes,Public Area,Refrigerator,Discarded with Door Intact,Outside,
Department of Housing Preservation and Development,Appliance,Sec 8,Yes,Public Area,Refrigerator,Discarded with Door Intact,Yard,
Department of Housing Preservation and Development,Appliance,Sec 8,Yes,Public Area,Refrigerator,Discarded with Door Intact,Lobby,
Department of Housing Preservation and Development,Appliance,Sec 8,Yes,Public Area,Refrigerator,Discarded with Door Intact,Kitchen,
Department of Housing Preservation and Development,Appliance,Sec 8,Yes,Public Area,Refrigerator,Discarded with Door Intact,Hallway,
Department of Housing Preservation and Development,Appliance,Sec 8,Yes,Public Area,Refrigerator,Discarded with Door Intact,Fire Exit/Passageway,
Department of Housing Preservation and Development,Appliance,Sec 8,Yes,Public Area,Refrigerator,Discarded with Door Intact,Basement,
Department of Housing Preservation and Development,Appliance,Sec 8,Yes,Public Area,Refrigerator,Discarded with Door Intact,Courtyard,
Department of Housing Preservation and Development,Appliance,Sec 8,Yes,Public Area,Refrigerator,Discarded with Door Intact,Building Entrance,
Department of Housing Preservation and Development,Appliance,PVT,Yes,Apartment,Electric/Gas Range,Control Knob Broken or Missing,Kitchen,
Department of Housing Preservation and Development,Appliance,PVT,Yes,Apartment,Electric/Gas Range,No Gas or Electricity,Kitchen,
Department of Housing Preservation and Development,Appliance,PVT,Yes,Apartment,Electric/Gas Range,No Stove Knob Covers,Kitchen,
Department of Housing Preservation and Development,Appliance,PVT,Yes,Apartment,Electric/Gas Range,Oven Door Missing or Broken,Kitchen,
Department of Housing Preservation and Development,Appliance,PVT,Yes,Apartment,Electric/Gas Range,Pilot Light Out,Kitchen,
Department of Housing Preservation and Development,Appliance,PVT,Yes,Apartment,Refrigerator,Broken Door Seal,Kitchen,
Department of Housing Preservation and Development,Door/Window,PVT,Yes,Apartment,Door Frame,Frame Broken,Kitchen,Medium
Department of Housing Preservation and Development,Door/Window,PVT,Yes,Apartment,Door Frame,Frame Broken,Living Room,Medium
Department of Housing Preservation and Development,Door/Window,PVT,Yes,Apartment,Door Frame,Frame Broken,Entire Apartment,Medium
Department of Housing Preservation and Development,Door/Window,PVT,Yes,Apartment,Door Frame,Frame Broken,Entrance/Foyer,Medium
Department of Housing Preservation and Development,Door/Window,PVT,Yes,Apartment,Door Frame,Frame Broken,Bathroom,Medium
Department of Housing Preservation and Development,Door/Window,PVT,Yes,Apartment,Door Frame,Frame Broken,Bedroom,Medium
Department of Housing Preservation and Development,Door/Window,PVT,Yes,Apartment,Door Frame,Frame Broken,Other Room/Area,Medium
Department of Housing Preservation and Development,Door/Window,PVT,Yes,Apartment,Door Frame,Frame Broken,Private Hall,Medium
Department of Housing Preservation and Development,Door/Window,PVT,Yes,Apartment,Door to Dumbwaiter,Broken or Open,Entire Apartment,Medium
Department of Housing Preservation and Development,Door/Window,PVT,Yes,Apartment,Door,Broken or Missing,Entire Apartment,High
Department of Housing Preservation and Development,Door/Window,PVT,Yes,Apartment,Door,Broken or Missing,Entrance/Foyer,High
Department of Housing Preservation and Development,Door/Window,PVT,Yes,Apartment,Door,Broken or Missing,Living Room,High
Department of Housing Preservation and Development,Door/Window,PVT,Yes,Apartment,Door,Broken or Missing,Kitchen,High
Department of Housing Preservation and Development,Door/Window,PVT,Yes,Apartment,Door,Broken or Missing,Bedroom,High
Department of Housing Preservation and Development,Door/Window,PVT,Yes,Apartment,Door,Broken or Missing,Bathroom,High
Department of Housing Preservation and Development,Door/Window,PVT,Yes,Apartment,Door,Broken or Missing,Private Hall,High
Department of Housing Preservation and Development,Door/Window,PVT,Yes,Apartment,Door,Broken or Missing,Other Room/Area,High
Department of Housing Preservation and Development,Door/Window,PVT,Yes,Apartment,Door,Lock Broken or Missing,Entrance/Foyer,High
Department of Housing Preservation and Development,Door/Window,PVT,Yes,Apartment,Door,Needs Key for Exit,Entrance/Foyer,Low
Department of Housing Preservation and Development,Door/Window,PVT,Yes,Apartment,Door,Not Self-Closing,Entrance/Foyer,Low
Department of Housing Preservation and Development,Door/Window,PVT,Yes,Apartment,Window Frame,Lock Broken or Missing,Entire Apartment,Low
Department of Housing Preservation and Development,Door/Window,PVT,Yes,Apartment,Window Frame,Lock Broken or Missing,Kitchen,Low
Department of Housing Preservation and Development,Door/Window,PVT,Yes,Apartment,Window Frame,Lock Broken or Missing,Living Room,Low
Department of Housing Preservation and Development,Door/Window,PVT,Yes,Apartment,Window Frame,Lock Broken or Missing,Bathroom,Low
Department of Housing Preservation and Development,Door/Window,PVT,Yes,Apartment,Window Frame,Lock Broken or Missing,Bedroom,Low
Department of Housing Preservation and Development,Door/Window,PVT,Yes,Apartment,Window Frame,Lock Broken or Missing,Private Hall,Low
Department of Housing Preservation and Development,Door/Window,PVT,Yes,Apartment,Window Frame,Lock Broken or Missing,Other Room/Area,Low
Department of Housing Preservation and Development,Door/Window,PVT,Yes,Apartment,Window Frame,Loose or Defective,Other Room/Area,High
Department of Housing Preservation and Development,Door/Window,PVT,Yes,Apartment,Window Frame,Loose or Defective,Bedroom,High
Department of Housing Preservation and Development,Door/Window,PVT,Yes,Apartment,Window Frame,Loose or Defective,Bathroom,High
Department of Housing Preservation and Development,Door/Window,PVT,Yes,Apartment,Window Frame,Loose or Defective,Living Room,High
Department of Housing Preservation and Development,Door/Window,PVT,Yes,Apartment,Window Frame,Loose or Defective,Kitchen,High
Department of Housing Preservation and Development,Door/Window,PVT,Yes,Apartment,Window Frame,Loose or Defective,Entire Apartment,High
Department of Housing Preservation and Development,Door/Window,PVT,Yes,Apartment,Window Frame,Window Stuck Closed or Open,Entire Apartment,Low
Department of Housing Preservation and Development,Door/Window,PVT,Yes,Apartment,Window Frame,Window Stuck Closed or Open,Entrance/Foyer,Low
Department of Housing Preservation and Development,Door/Window,PVT,Yes,Apartment,Window Frame,Window Stuck Closed or Open,Kitchen,Low
Department of Housing Preservation and Development,Door/Window,PVT,Yes,Apartment,Window Frame,Window Stuck Closed or Open,Living Room,Low
Department of Housing Preservation and Development,Door/Window,PVT,Yes,Apartment,Window Frame,Window Stuck Closed or Open,Bathroom,Low
Department of Housing Preservation and Development,Door/Window,PVT,Yes,Apartment,Window Frame,Window Stuck Closed or Open,Bedroom,Low
Department of Housing Preservation and Development,Door/Window,PVT,Yes,Apartment,Window Frame,Window Stuck Closed or Open,Other Room/Area,Low
Department of Housing Preservation and Development,Door/Window,PVT,Yes,Apartment,Window Frame,Window Stuck Closed or Open,Private Hall,Low
Department of Housing Preservation and Development,Door/Window,PVT,Yes,Apartment,Window Pane,Glass Broken or Missing,Private Hall,Medium
Department of Housing Preservation and Development,Door/Window,PVT,Yes,Apartment,Window Pane,Glass Broken or Missing,Other Room/Area,Medium
Department of Housing Preservation and Development,Door/Window,PVT,Yes,Apartment,Window Pane,Glass Broken or Missing,Bedroom,Medium
Department of Housing Preservation and Development,Door/Window,PVT,Yes,Apartment,Window Pane,Glass Broken or Missing,Bathroom,Medium
Department of Housing Preservation and Development,Door/Window,PVT,Yes,Apartment,Window Pane,Glass Broken or Missing,Living Room,Medium
Department of Housing Preservation and Development,Door/Window,PVT,Yes,Apartment,Window Pane,Glass Broken or Missing,Kitchen,Medium
Department of Housing Preservation and Development,Door/Window,PVT,Yes,Apartment,Window Pane,Glass Broken or Missing,Entrance/Foyer,Medium
Department of Housing Preservation and Development,Door/Window,PVT,Yes,Apartment,Window Pane,Glass Broken or Missing,Entire Apartment,Medium
Department of Housing Preservation and Development,Door/Window,DAMP,Yes,Public Area,Door,Needs Key for Exit,Fire Escape/Egress,Low
Department of Housing Preservation and Development,Door/Window,DAMP,Yes,Public Area,Door,Needs Key for Exit,Building Entrance,Low
Department of Housing Preservation and Development,Door/Window,DPM,Yes,Public Area,Door,Needs Key for Exit,Building Entrance,Low
Department of Housing Preservation and Development,Door/Window,DPM,Yes,Public Area,Door,Needs Key for Exit,Fire Escape/Egress,Low
Department of Housing Preservation and Development,Door/Window,PVT,Yes,Public Area,Door,Needs Key for Exit,Building Entrance,Low
Department of Housing Preservation and Development,Door/Window,PVT,Yes,Public Area,Door,Needs Key for Exit,Fire Escape/Egress,Low
Department of Housing Preservation and Development,Door/Window,Sec 8,Yes,Public Area,Door,Needs Key for Exit,Building Entrance,Low
Department of Housing Preservation and Development,Door/Window,Sec 8,Yes,Public Area,Door,Needs Key for Exit,Fire Escape/Egress,Low
Department of Housing Preservation and Development,Door/Window,Sec 8,Yes,Public Area,Door Frame,Frame Broken,Building Entrance,Medium
Department of Housing Preservation and Development,Door/Window,Sec 8,Yes,Public Area,Door Frame,Frame Broken,Boiler Room,Medium
Department of Housing Preservation and Development,Door/Window,Sec 8,Yes,Public Area,Door Frame,Frame Broken,Courtyard,Medium
Department of Housing Preservation and Development,Door/Window,Sec 8,Yes,Public Area,Door Frame,Frame Broken,Cellar,Medium
Department of Housing Preservation and Development,Door/Window,Sec 8,Yes,Public Area,Door Frame,Frame Broken,Compactor Closet,Medium
Department of Housing Preservation and Development,Door/Window,Sec 8,Yes,Public Area,Door Frame,Frame Broken,Basement,Medium
Department of Housing Preservation and Development,Door/Window,Sec 8,Yes,Public Area,Door Frame,Frame Broken,Air Shaft,Medium
Department of Housing Preservation and Development,Door/Window,Sec 8,Yes,Public Area,Door Frame,Frame Broken,Bathroom,Medium
Department of Housing Preservation and Development,Door/Window,Sec 8,Yes,Public Area,Door Frame,Frame Broken,Fire Exit/Passageway,Medium
Department of Housing Preservation and Development,Door/Window,Sec 8,Yes,Public Area,Door Frame,Frame Broken,Fire Escape/Egress,Medium
Department of Housing Preservation and Development,Door/Window,Sec 8,Yes,Public Area,Door Frame,Frame Broken,Garage,Medium
Department of Housing Preservation and Development,Door/Window,Sec 8,Yes,Public Area,Door Frame,Frame Broken,Fire Stairs/Tower,Medium
Department of Housing Preservation and Development,Door/Window,Sec 8,Yes,Public Area,Door Frame,Frame Broken,Hallway,Medium
Department of Housing Preservation and Development,Door/Window,Sec 8,Yes,Public Area,Door Frame,Frame Broken,Laundry Room,Medium
Department of Housing Preservation and Development,Door/Window,Sec 8,Yes,Public Area,Door Frame,Frame Broken,Kitchen,Medium
Department of Housing Preservation and Development,Door/Window,Sec 8,Yes,Public Area,Door Frame,Frame Broken,Lobby,Medium
Department of Housing Preservation and Development,Door/Window,Sec 8,Yes,Public Area,Door Frame,Frame Broken,Yard,Medium
Department of Housing Preservation and Development,Door/Window,Sec 8,Yes,Public Area,Door Frame,Frame Broken,Storage Room,Medium
Department of Housing Preservation and Development,Door/Window,Sec 8,Yes,Public Area,Door Frame,Frame Broken,Stairs,Medium
Department of Housing Preservation and Development,Door/Window,Sec 8,Yes,Public Area,Door Frame,Frame Broken,Meter Room,Medium
Department of Housing Preservation and Development,Door/Window,Sec 8,Yes,Public Area,Door Frame,Frame Broken,Other Room/Area,Medium
Department of Housing Preservation and Development,Door/Window,Sec 8,Yes,Public Area,Door to Dumbwaiter,Broken or Open,Other Room/Area,Medium
Department of Housing Preservation and Development,Door/Window,Sec 8,Yes,Public Area,Door to Dumbwaiter,Broken or Open,Storage Room,Medium
Department of Housing Preservation and Development,Door/Window,Sec 8,Yes,Public Area,Door to Dumbwaiter,Broken or Open,Lobby,Medium
Department of Housing Preservation and Development,Door/Window,Sec 8,Yes,Public Area,Door to Dumbwaiter,Broken or Open,Hallway,Medium
Department of Housing Preservation and Development,Door/Window,Sec 8,Yes,Public Area,Door to Dumbwaiter,Broken or Open,Basement,Medium
Department of Housing Preservation and Development,Door/Window,Sec 8,Yes,Public Area,Door to Dumbwaiter,Broken or Open,Compactor Closet,Medium
Department of Housing Preservation and Development,Door/Window,Sec 8,Yes,Public Area,Door to Dumbwaiter,Broken or Open,Cellar,Medium
Department of Housing Preservation and Development,Door/Window,Sec 8,Yes,Public Area,Door,Broken or Missing,Cellar,High
Department of Housing Preservation and Development,Door/Window,Sec 8,Yes,Public Area,Door,Broken or Missing,Compactor Closet,High
Department of Housing Preservation and Development,Door/Window,Sec 8,Yes,Public Area,Door,Broken or Missing,Courtyard,High
Department of Housing Preservation and Development,Door/Window,Sec 8,Yes,Public Area,Door,Broken or Missing,Boiler Room,High
Department of Housing Preservation and Development,Door/Window,Sec 8,Yes,Public Area,Door,Broken or Missing,Building Entrance,High
Department of Housing Preservation and Development,Door/Window,Sec 8,Yes,Public Area,Door,Broken or Missing,Basement,High
Department of Housing Preservation and Development,Door/Window,Sec 8,Yes,Public Area,Door,Broken or Missing,Air Shaft,High
Department of Housing Preservation and Development,Door/Window,Sec 8,Yes,Public Area,Door,Broken or Missing,Balcony/Terrace,High
Department of Housing Preservation and Development,Door/Window,Sec 8,Yes,Public Area,Door,Broken or Missing,Bathroom,High
Department of Housing Preservation and Development,Door/Window,Sec 8,Yes,Public Area,Door,Broken or Missing,Hallway,High
Department of Housing Preservation and Development,Door/Window,Sec 8,Yes,Public Area,Door,Broken or Missing,Fire Stairs/Tower,High
Department of Housing Preservation and Development,Door/Window,Sec 8,Yes,Public Area,Door,Broken or Missing,Fire Exit/Passageway,High
Department of Housing Preservation and Development,Door/Window,Sec 8,Yes,Public Area,Door,Broken or Missing,Fire Escape/Egress,High
Department of Housing Preservation and Development,Door/Window,Sec 8,Yes,Public Area,Door,Broken or Missing,Lobby,High
Department of Housing Preservation and Development,Door/Window,Sec 8,Yes,Public Area,Door,Broken or Missing,Kitchen,High
Department of Housing Preservation and Development,Door/Window,Sec 8,Yes,Public Area,Door,Broken or Missing,Laundry Room,High
Department of Housing Preservation and Development,Door/Window,Sec 8,Yes,Public Area,Door,Broken or Missing,Storage Room,High
Department of Housing Preservation and Development,Door/Window,Sec 8,Yes,Public Area,Door,Broken or Missing,Yard,High
Department of Housing Preservation and Development,Door/Window,Sec 8,Yes,Public Area,Door,Broken or Missing,Other Room/Area,High
Department of Housing Preservation and Development,Door/Window,Sec 8,Yes,Public Area,Door,Broken or Missing,Meter Room,High
Department of Housing Preservation and Development,Door/Window,Sec 8,Yes,Public Area,Door,Broken or Missing,Stairs,High
Department of Housing Preservation and Development,Door/Window,Sec 8,Yes,Public Area,Door,Lock Broken or Missing,Stairs,High
Department of Housing Preservation and Development,Door/Window,Sec 8,Yes,Public Area,Door,Lock Broken or Missing,Meter Room,High
Department of Housing Preservation and Development,Door/Window,Sec 8,Yes,Public Area,Door,Lock Broken or Missing,Other Room/Area,High
Department of Housing Preservation and Development,Door/Window,Sec 8,Yes,Public Area,Door,Lock Broken or Missing,Yard,High
Department of Housing Preservation and Development,Door/Window,Sec 8,Yes,Public Area,Door,Lock Broken or Missing,Kitchen,High
Department of Housing Preservation and Development,Door/Window,Sec 8,Yes,Public Area,Door,Lock Broken or Missing,Lobby,High
Department of Housing Preservation and Development,Door/Window,Sec 8,Yes,Public Area,Door,Lock Broken or Missing,Hallway,High
Department of Housing Preservation and Development,Door/Window,Sec 8,Yes,Public Area,Door,Lock Broken or Missing,Bathroom,High
Department of Housing Preservation and Development,Door/Window,Sec 8,Yes,Public Area,Door,Lock Broken or Missing,Basement,High
Department of Housing Preservation and Development,Door/Window,Sec 8,Yes,Public Area,Door,Lock Broken or Missing,Boiler Room,High
Department of Housing Preservation and Development,Door/Window,Sec 8,Yes,Public Area,Door,Lock Broken or Missing,Courtyard,High
Department of Housing Preservation and Development,Door/Window,Sec 8,Yes,Public Area,Door,Lock Broken or Missing,Cellar,High
Department of Housing Preservation and Development,Door/Window,Sec 8,Yes,Public Area,Door,Not Self-Closing,Hallway,Low
Department of Housing Preservation and Development,Door/Window,Sec 8,Yes,Public Area,Door,Not Self-Closing,Fire Stairs/Tower,Low
Department of Housing Preservation and Development,Door/Window,Sec 8,Yes,Public Area,Door,Not Self-Closing,Stairs,Low
Department of Housing Preservation and Development,Door/Window,Sec 8,Yes,Public Area,Window Frame,Lock Broken or Missing,Other Room/Area,Low
Department of Housing Preservation and Development,Door/Window,Sec 8,Yes,Public Area,Window Frame,Lock Broken or Missing,Meter Room,Low
Department of Housing Preservation and Development,Door/Window,Sec 8,Yes,Public Area,Window Frame,Lock Broken or Missing,Yard,Low
Department of Housing Preservation and Development,Door/Window,Sec 8,Yes,Public Area,Window Frame,Lock Broken or Missing,Storage Room,Low
Department of Housing Preservation and Development,Door/Window,Sec 8,Yes,Public Area,Window Frame,Lock Broken or Missing,Lobby,Low
Department of Housing Preservation and Development,Door/Window,Sec 8,Yes,Public Area,Window Frame,Lock Broken or Missing,Kitchen,Low
Department of Housing Preservation and Development,Door/Window,Sec 8,Yes,Public Area,Window Frame,Lock Broken or Missing,Boiler Room,Low
Department of Housing Preservation and Development,Door/Window,Sec 8,Yes,Public Area,Window Frame,Lock Broken or Missing,Cellar,Low
Department of Housing Preservation and Development,Door/Window,Sec 8,Yes,Public Area,Window Frame,Lock Broken or Missing,Courtyard,Low
Department of Housing Preservation and Development,Door/Window,Sec 8,Yes,Public Area,Window Frame,Lock Broken or Missing,Basement,Low
Department of Housing Preservation and Development,Door/Window,Sec 8,Yes,Public Area,Window Frame,Lock Broken or Missing,Bathroom,Low
Department of Housing Preservation and Development,Door/Window,Sec 8,Yes,Public Area,Window Frame,LOOSE OR DEFECTIVE,Bathroom,High
Department of Housing Preservation and Development,Door/Window,Sec 8,Yes,Public Area,Window Frame,LOOSE OR DEFECTIVE,Basement,High
Department of Housing Preservation and Development,Door/Window,Sec 8,Yes,Public Area,Window Frame,LOOSE OR DEFECTIVE,Air Shaft,High
Department of Housing Preservation and Development,Door/Window,Sec 8,Yes,Public Area,Window Frame,LOOSE OR DEFECTIVE,Cellar,High
Department of Housing Preservation and Development,Door/Window,Sec 8,Yes,Public Area,Window Frame,LOOSE OR DEFECTIVE,Kitchen,High
Department of Housing Preservation and Development,Door/Window,Sec 8,Yes,Public Area,Window Frame,LOOSE OR DEFECTIVE,Laundry Room,High
Department of Housing Preservation and Development,Door/Window,Sec 8,Yes,Public Area,Window Frame,LOOSE OR DEFECTIVE,Lobby,High
Department of Housing Preservation and Development,Door/Window,Sec 8,Yes,Public Area,Window Frame,LOOSE OR DEFECTIVE,Hallway,High
Department of Housing Preservation and Development,Door/Window,Sec 8,Yes,Public Area,Window Frame,LOOSE OR DEFECTIVE,Storage Room,High
Department of Housing Preservation and Development,Door/Window,Sec 8,Yes,Public Area,Window Frame,LOOSE OR DEFECTIVE,Stairs,High
Department of Housing Preservation and Development,Door/Window,Sec 8,Yes,Public Area,Window Frame,LOOSE OR DEFECTIVE,Other Room/Area,High
Department of Housing Preservation and Development,Door/Window,Sec 8,Yes,Public Area,Window Frame,Window Stuck Closed or Open,Meter Room,Low
Department of Housing Preservation and Development,Door/Window,Sec 8,Yes,Public Area,Window Frame,Window Stuck Closed or Open,Other Room/Area,Low
Department of Housing Preservation and Development,Door/Window,Sec 8,Yes,Public Area,Window Frame,Window Stuck Closed or Open,Yard,Low
Department of Housing Preservation and Development,Door/Window,Sec 8,Yes,Public Area,Window Frame,Window Stuck Closed or Open,Storage Room,Low
Department of Housing Preservation and Development,Door/Window,Sec 8,Yes,Public Area,Window Frame,Window Stuck Closed or Open,Fire Stairs/Tower,Low
Department of Housing Preservation and Development,Door/Window,Sec 8,Yes,Public Area,Window Frame,Window Stuck Closed or Open,Hallway,Low
Department of Housing Preservation and Development,Door/Window,Sec 8,Yes,Public Area,Window Frame,Window Stuck Closed or Open,Fire Escape/Egress,Low
Department of Housing Preservation and Development,Door/Window,Sec 8,Yes,Public Area,Window Frame,Window Stuck Closed or Open,Lobby,Low
Department of Housing Preservation and Development,Door/Window,Sec 8,Yes,Public Area,Window Frame,Window Stuck Closed or Open,Laundry Room,Low
Department of Housing Preservation and Development,Door/Window,Sec 8,Yes,Public Area,Window Frame,Window Stuck Closed or Open,Kitchen,Low
Department of Housing Preservation and Development,Door/Window,Sec 8,Yes,Public Area,Window Frame,Window Stuck Closed or Open,Cellar,Low
Department of Housing Preservation and Development,Door/Window,Sec 8,Yes,Public Area,Window Frame,Window Stuck Closed or Open,Boiler Room,Low
Department of Housing Preservation and Development,Door/Window,Sec 8,Yes,Public Area,Window Frame,Window Stuck Closed or Open,Building Entrance,Low
Department of Housing Preservation and Development,Door/Window,Sec 8,Yes,Public Area,Window Frame,Window Stuck Closed or Open,Basement,Low
Department of Housing Preservation and Development,Door/Window,Sec 8,Yes,Public Area,Window Frame,Window Stuck Closed or Open,Bathroom,Low
Department of Housing Preservation and Development,Door/Window,Sec 8,Yes,Public Area,Window Pane,Glass Broken or Missing,Bathroom,Medium
Department of Housing Preservation and Development,Door/Window,Sec 8,Yes,Public Area,Window Pane,Glass Broken or Missing,Basement,Medium
Department of Housing Preservation and Development,Door/Window,Sec 8,Yes,Public Area,Window Pane,Glass Broken or Missing,Air Shaft,Medium
Department of Housing Preservation and Development,Door/Window,Sec 8,Yes,Public Area,Window Pane,Glass Broken or Missing,Boiler Room,Medium
Department of Housing Preservation and Development,Door/Window,Sec 8,Yes,Public Area,Window Pane,Glass Broken or Missing,Cellar,Medium
Department of Housing Preservation and Development,Door/Window,Sec 8,Yes,Public Area,Window Pane,Glass Broken or Missing,Courtyard,Medium
Department of Housing Preservation and Development,Door/Window,Sec 8,Yes,Public Area,Window Pane,Glass Broken or Missing,Kitchen,Medium
Department of Housing Preservation and Development,Door/Window,Sec 8,Yes,Public Area,Window Pane,Glass Broken or Missing,Laundry Room,Medium
Department of Housing Preservation and Development,Door/Window,Sec 8,Yes,Public Area,Window Pane,Glass Broken or Missing,Lobby,Medium
Department of Housing Preservation and Development,Door/Window,Sec 8,Yes,Public Area,Window Pane,Glass Broken or Missing,Fire Escape/Egress,Medium
Department of Housing Preservation and Development,Door/Window,Sec 8,Yes,Public Area,Window Pane,Glass Broken or Missing,Fire Stairs/Tower,Medium
Department of Housing Preservation and Development,Door/Window,Sec 8,Yes,Public Area,Window Pane,Glass Broken or Missing,Hallway,Medium
Department of Housing Preservation and Development,Door/Window,Sec 8,Yes,Public Area,Window Pane,Glass Broken or Missing,Storage Room,Medium
Department of Housing Preservation and Development,Door/Window,Sec 8,Yes,Public Area,Window Pane,Glass Broken or Missing,Yard,Medium
Department of Housing Preservation and Development,Door/Window,Sec 8,Yes,Public Area,Window Pane,Glass Broken or Missing,Other Room/Area,Medium
Department of Housing Preservation and Development,Door/Window,Sec 8,Yes,Public Area,Window Pane,Glass Broken or Missing,Meter Room,Medium
Department of Housing Preservation and Development,Door/Window,Sec 8,Yes,Public Area,Window Pane,Glass Broken or Missing,Stairs,Medium
Department of Housing Preservation and Development,Door/Window,DPM,Yes,Public Area,Door Frame,Frame Broken,Storage Room,Medium
Department of Housing Preservation and Development,Door/Window,DPM,Yes,Public Area,Door Frame,Frame Broken,Yard,Medium
Department of Housing Preservation and Development,Door/Window,DPM,Yes,Public Area,Door Frame,Frame Broken,Other Room/Area,Medium
Department of Housing Preservation and Development,Door/Window,DPM,Yes,Public Area,Door Frame,Frame Broken,Stairs,Medium
Department of Housing Preservation and Development,Door/Window,DPM,Yes,Public Area,Door Frame,Frame Broken,Hallway,Medium
Department of Housing Preservation and Development,Door/Window,DPM,Yes,Public Area,Door Frame,Frame Broken,Fire Stairs/Tower,Medium
Department of Housing Preservation and Development,Door/Window,DPM,Yes,Public Area,Door Frame,Frame Broken,Garage,Medium
Department of Housing Preservation and Development,Door/Window,DPM,Yes,Public Area,Door Frame,Frame Broken,Kitchen,Medium
Department of Housing Preservation and Development,Door/Window,DPM,Yes,Public Area,Door Frame,Frame Broken,Fire Exit/Passageway,Medium
Department of Housing Preservation and Development,Door/Window,DPM,Yes,Public Area,Door Frame,Frame Broken,Fire Escape/Egress,Medium
Department of Housing Preservation and Development,Door/Window,DPM,Yes,Public Area,Door Frame,Frame Broken,Meter Room,Medium
Department of Housing Preservation and Development,Door/Window,DPM,Yes,Public Area,Door Frame,Frame Broken,Lobby,Medium
Department of Housing Preservation and Development,Door/Window,DPM,Yes,Public Area,Door Frame,Frame Broken,Laundry Room,Medium
Department of Housing Preservation and Development,Door/Window,DPM,Yes,Public Area,Door Frame,Frame Broken,Bathroom,Medium
Department of Housing Preservation and Development,Door/Window,DPM,Yes,Public Area,Door Frame,Frame Broken,Basement,Medium
Department of Housing Preservation and Development,Door/Window,DPM,Yes,Public Area,Door Frame,Frame Broken,Air Shaft,Medium
Department of Housing Preservation and Development,Door/Window,DPM,Yes,Public Area,Door Frame,Frame Broken,Compactor Closet,Medium
Department of Housing Preservation and Development,Door/Window,DPM,Yes,Public Area,Door Frame,Frame Broken,Courtyard,Medium
Department of Housing Preservation and Development,Door/Window,DPM,Yes,Public Area,Door Frame,Frame Broken,Cellar,Medium
Department of Housing Preservation and Development,Door/Window,DPM,Yes,Public Area,Door Frame,Frame Broken,Boiler Room,Medium
Department of Housing Preservation and Development,Door/Window,DPM,Yes,Public Area,Door Frame,Frame Broken,Building Entrance,Medium
Department of Housing Preservation and Development,Door/Window,DPM,Yes,Public Area,Door to Dumbwaiter,Broken or Open,Cellar,Medium
Department of Housing Preservation and Development,Door/Window,DPM,Yes,Public Area,Door to Dumbwaiter,Broken or Open,Compactor Closet,Medium
Department of Housing Preservation and Development,Door/Window,DPM,Yes,Public Area,Door to Dumbwaiter,Broken or Open,Basement,Medium
Department of Housing Preservation and Development,Door/Window,DPM,Yes,Public Area,Door to Dumbwaiter,Broken or Open,Lobby,Medium
Department of Housing Preservation and Development,Door/Window,DPM,Yes,Public Area,Door to Dumbwaiter,Broken or Open,Hallway,Medium
Department of Housing Preservation and Development,Door/Window,DPM,Yes,Public Area,Door to Dumbwaiter,Broken or Open,Other Room/Area,Medium
Department of Housing Preservation and Development,Door/Window,DPM,Yes,Public Area,Door to Dumbwaiter,Broken or Open,Storage Room,Medium
Department of Housing Preservation and Development,Door/Window,DPM,Yes,Public Area,Door,Broken or Missing,Storage Room,High
Department of Housing Preservation and Development,Door/Window,DPM,Yes,Public Area,Door,Broken or Missing,Yard,High
Department of Housing Preservation and Development,Door/Window,DPM,Yes,Public Area,Door,Broken or Missing,Other Room/Area,High
Department of Housing Preservation and Development,Door/Window,DPM,Yes,Public Area,Door,Broken or Missing,Stairs,High
Department of Housing Preservation and Development,Door/Window,DPM,Yes,Public Area,Door,Broken or Missing,Hallway,High
Department of Housing Preservation and Development,Door/Window,DPM,Yes,Public Area,Door,Broken or Missing,Kitchen,High
Department of Housing Preservation and Development,Door/Window,DPM,Yes,Public Area,Door,Broken or Missing,Fire Escape/Egress,High
Department of Housing Preservation and Development,Door/Window,DPM,Yes,Public Area,Door,Broken or Missing,Fire Exit/Passageway,High
Department of Housing Preservation and Development,Door/Window,DPM,Yes,Public Area,Door,Broken or Missing,Fire Stairs/Tower,High
Department of Housing Preservation and Development,Door/Window,DPM,Yes,Public Area,Door,Broken or Missing,Lobby,High
Department of Housing Preservation and Development,Door/Window,DPM,Yes,Public Area,Door,Broken or Missing,Meter Room,High
Department of Housing Preservation and Development,Door/Window,DPM,Yes,Public Area,Door,Broken or Missing,Laundry Room,High
Department of Housing Preservation and Development,Door/Window,DPM,Yes,Public Area,Door,Broken or Missing,Balcony/Terrace,High
Department of Housing Preservation and Development,Door/Window,DPM,Yes,Public Area,Door,Broken or Missing,Basement,High
Department of Housing Preservation and Development,Door/Window,DPM,Yes,Public Area,Door,Broken or Missing,Air Shaft,High
Department of Housing Preservation and Development,Door/Window,DPM,Yes,Public Area,Door,Broken or Missing,Bathroom,High
Department of Housing Preservation and Development,Door/Window,DPM,Yes,Public Area,Door,Broken or Missing,Compactor Closet,High
Department of Housing Preservation and Development,Door/Window,DPM,Yes,Public Area,Door,Broken or Missing,Courtyard,High
Department of Housing Preservation and Development,Door/Window,DPM,Yes,Public Area,Door,Broken or Missing,Cellar,High
Department of Housing Preservation and Development,Door/Window,DPM,Yes,Public Area,Door,Broken or Missing,Building Entrance,High
Department of Housing Preservation and Development,Door/Window,DPM,Yes,Public Area,Door,Broken or Missing,Boiler Room,High
Department of Housing Preservation and Development,Door/Window,DPM,Yes,Public Area,Door,Lock Broken or Missing,Boiler Room,High
Department of Housing Preservation and Development,Door/Window,DPM,Yes,Public Area,Door,Lock Broken or Missing,Cellar,High
Department of Housing Preservation and Development,Door/Window,DPM,Yes,Public Area,Door,Lock Broken or Missing,Courtyard,High
Department of Housing Preservation and Development,Door/Window,DPM,Yes,Public Area,Door,Lock Broken or Missing,Bathroom,High
Department of Housing Preservation and Development,Door/Window,DPM,Yes,Public Area,Door,Lock Broken or Missing,Basement,High
Department of Housing Preservation and Development,Door/Window,DPM,Yes,Public Area,Door,Lock Broken or Missing,Meter Room,High
Department of Housing Preservation and Development,Door/Window,DPM,Yes,Public Area,Door,Lock Broken or Missing,Lobby,High
Department of Housing Preservation and Development,Door/Window,DPM,Yes,Public Area,Door,Lock Broken or Missing,Kitchen,High
Department of Housing Preservation and Development,Door/Window,DPM,Yes,Public Area,Door,Lock Broken or Missing,Hallway,High
Department of Housing Preservation and Development,Door/Window,DPM,Yes,Public Area,Door,Lock Broken or Missing,Stairs,High
Department of Housing Preservation and Development,Door/Window,DPM,Yes,Public Area,Door,Lock Broken or Missing,Other Room/Area,High
Department of Housing Preservation and Development,Door/Window,DPM,Yes,Public Area,Door,Lock Broken or Missing,Yard,High
Department of Housing Preservation and Development,Door/Window,DPM,Yes,Public Area,Door,Not Self-Closing,Hallway,Low
Department of Housing Preservation and Development,Door/Window,DPM,Yes,Public Area,Door,Not Self-Closing,Fire Stairs/Tower,Low
Department of Housing Preservation and Development,Door/Window,DPM,Yes,Public Area,Door,Not Self-Closing,Stairs,Low
Department of Housing Preservation and Development,Door/Window,DPM,Yes,Public Area,Window Frame,Lock Broken or Missing,Other Room/Area,Low
Department of Housing Preservation and Development,Door/Window,DPM,Yes,Public Area,Window Frame,Lock Broken or Missing,Yard,Low
Department of Housing Preservation and Development,Door/Window,DPM,Yes,Public Area,Window Frame,Lock Broken or Missing,Storage Room,Low
Department of Housing Preservation and Development,Door/Window,DPM,Yes,Public Area,Window Frame,Lock Broken or Missing,Kitchen,Low
Department of Housing Preservation and Development,Door/Window,DPM,Yes,Public Area,Window Frame,Lock Broken or Missing,Lobby,Low
Department of Housing Preservation and Development,Door/Window,DPM,Yes,Public Area,Window Frame,Lock Broken or Missing,Meter Room,Low
Department of Housing Preservation and Development,Door/Window,DPM,Yes,Public Area,Window Frame,Lock Broken or Missing,Cellar,Low
Department of Housing Preservation and Development,Door/Window,DPM,Yes,Public Area,Window Frame,Lock Broken or Missing,Boiler Room,Low
Department of Housing Preservation and Development,Door/Window,DPM,Yes,Public Area,Window Frame,Lock Broken or Missing,Courtyard,Low
Department of Housing Preservation and Development,Door/Window,DPM,Yes,Public Area,Window Frame,Lock Broken or Missing,Basement,Low
Department of Housing Preservation and Development,Door/Window,DPM,Yes,Public Area,Window Frame,Lock Broken or Missing,Bathroom,Low
Department of Housing Preservation and Development,Door/Window,DPM,Yes,Public Area,Window Frame,LOOSE OR DEFECTIVE,Air Shaft,High
Department of Housing Preservation and Development,Door/Window,DPM,Yes,Public Area,Window Frame,LOOSE OR DEFECTIVE,Basement,High
Department of Housing Preservation and Development,Door/Window,DPM,Yes,Public Area,Window Frame,LOOSE OR DEFECTIVE,Bathroom,High
Department of Housing Preservation and Development,Door/Window,DPM,Yes,Public Area,Window Frame,LOOSE OR DEFECTIVE,Cellar,High
Department of Housing Preservation and Development,Door/Window,DPM,Yes,Public Area,Window Frame,LOOSE OR DEFECTIVE,Lobby,High
Department of Housing Preservation and Development,Door/Window,DPM,Yes,Public Area,Window Frame,LOOSE OR DEFECTIVE,Laundry Room,High
Department of Housing Preservation and Development,Door/Window,DPM,Yes,Public Area,Window Frame,LOOSE OR DEFECTIVE,Kitchen,High
Department of Housing Preservation and Development,Door/Window,DPM,Yes,Public Area,Window Frame,LOOSE OR DEFECTIVE,Hallway,High
Department of Housing Preservation and Development,Door/Window,DPM,Yes,Public Area,Window Frame,LOOSE OR DEFECTIVE,Storage Room,High
Department of Housing Preservation and Development,Door/Window,DPM,Yes,Public Area,Window Frame,LOOSE OR DEFECTIVE,Stairs,High
Department of Housing Preservation and Development,Door/Window,DPM,Yes,Public Area,Window Frame,LOOSE OR DEFECTIVE,Other Room/Area,High
Department of Housing Preservation and Development,Door/Window,DPM,Yes,Public Area,Window Frame,Window Stuck Closed or Open,Other Room/Area,Low
Department of Housing Preservation and Development,Door/Window,DPM,Yes,Public Area,Window Frame,Window Stuck Closed or Open,Yard,Low
Department of Housing Preservation and Development,Door/Window,DPM,Yes,Public Area,Window Frame,Window Stuck Closed or Open,Storage Room,Low
Department of Housing Preservation and Development,Door/Window,DPM,Yes,Public Area,Window Frame,Window Stuck Closed or Open,Fire Stairs/Tower,Low
Department of Housing Preservation and Development,Door/Window,DPM,Yes,Public Area,Window Frame,Window Stuck Closed or Open,Hallway,Low
Department of Housing Preservation and Development,Door/Window,DPM,Yes,Public Area,Window Frame,Window Stuck Closed or Open,Kitchen,Low
Department of Housing Preservation and Development,Door/Window,DPM,Yes,Public Area,Window Frame,Window Stuck Closed or Open,Fire Escape/Egress,Low
Department of Housing Preservation and Development,Door/Window,DPM,Yes,Public Area,Window Frame,Window Stuck Closed or Open,Laundry Room,Low
Department of Housing Preservation and Development,Door/Window,DPM,Yes,Public Area,Window Frame,Window Stuck Closed or Open,Meter Room,Low
Department of Housing Preservation and Development,Door/Window,DPM,Yes,Public Area,Window Frame,Window Stuck Closed or Open,Lobby,Low
Department of Housing Preservation and Development,Door/Window,DPM,Yes,Public Area,Window Frame,Window Stuck Closed or Open,Boiler Room,Low
Department of Housing Preservation and Development,Door/Window,DPM,Yes,Public Area,Window Frame,Window Stuck Closed or Open,Building Entrance,Low
Department of Housing Preservation and Development,Door/Window,DPM,Yes,Public Area,Window Frame,Window Stuck Closed or Open,Cellar,Low
Department of Housing Preservation and Development,Door/Window,DPM,Yes,Public Area,Window Frame,Window Stuck Closed or Open,Basement,Low
Department of Housing Preservation and Development,Door/Window,DPM,Yes,Public Area,Window Frame,Window Stuck Closed or Open,Bathroom,Low
Department of Housing Preservation and Development,Door/Window,DPM,Yes,Public Area,Window Pane,Glass Broken or Missing,Bathroom,Medium
Department of Housing Preservation and Development,Door/Window,DPM,Yes,Public Area,Window Pane,Glass Broken or Missing,Basement,Medium
Department of Housing Preservation and Development,Door/Window,DPM,Yes,Public Area,Window Pane,Glass Broken or Missing,Air Shaft,Medium
Department of Housing Preservation and Development,Door/Window,DPM,Yes,Public Area,Window Pane,Glass Broken or Missing,Cellar,Medium
Department of Housing Preservation and Development,Door/Window,DPM,Yes,Public Area,Window Pane,Glass Broken or Missing,Boiler Room,Medium
Department of Housing Preservation and Development,Door/Window,DPM,Yes,Public Area,Window Pane,Glass Broken or Missing,Courtyard,Medium
Department of Housing Preservation and Development,Door/Window,DPM,Yes,Public Area,Window Pane,Glass Broken or Missing,Meter Room,Medium
Department of Housing Preservation and Development,Door/Window,DPM,Yes,Public Area,Window Pane,Glass Broken or Missing,Lobby,Medium
Department of Housing Preservation and Development,Door/Window,DPM,Yes,Public Area,Window Pane,Glass Broken or Missing,Laundry Room,Medium
Department of Housing Preservation and Development,Door/Window,DPM,Yes,Public Area,Window Pane,Glass Broken or Missing,Fire Escape/Egress,Medium
Department of Housing Preservation and Development,Door/Window,DPM,Yes,Public Area,Window Pane,Glass Broken or Missing,Kitchen,Medium
Department of Housing Preservation and Development,Door/Window,DPM,Yes,Public Area,Window Pane,Glass Broken or Missing,Hallway,Medium
Department of Housing Preservation and Development,Door/Window,DPM,Yes,Public Area,Window Pane,Glass Broken or Missing,Fire Stairs/Tower,Medium
Department of Housing Preservation and Development,Door/Window,DPM,Yes,Public Area,Window Pane,Glass Broken or Missing,Storage Room,Medium
Department of Housing Preservation and Development,Door/Window,DPM,Yes,Public Area,Window Pane,Glass Broken or Missing,Yard,Medium
Department of Housing Preservation and Development,Door/Window,DPM,Yes,Public Area,Window Pane,Glass Broken or Missing,Other Room/Area,Medium
Department of Housing Preservation and Development,Door/Window,DPM,Yes,Public Area,Window Pane,Glass Broken or Missing,Stairs,Medium
Department of Housing Preservation and Development,Door/Window,PVT,Yes,Public Area,Door Frame,Frame Broken,Stairs,Medium
Department of Housing Preservation and Development,Door/Window,PVT,Yes,Public Area,Door Frame,Frame Broken,Yard,Medium
Department of Housing Preservation and Development,Door/Window,PVT,Yes,Public Area,Door Frame,Frame Broken,Storage Room,Medium
Department of Housing Preservation and Development,Door/Window,PVT,Yes,Public Area,Door Frame,Frame Broken,Meter Room,Medium
Department of Housing Preservation and Development,Door/Window,PVT,Yes,Public Area,Door Frame,Frame Broken,Other Room/Area,Medium
Department of Housing Preservation and Development,Door/Window,PVT,Yes,Public Area,Door Frame,Frame Broken,Hallway,Medium
Department of Housing Preservation and Development,Door/Window,PVT,Yes,Public Area,Door Frame,Frame Broken,Garage,Medium
Department of Housing Preservation and Development,Door/Window,PVT,Yes,Public Area,Door Frame,Frame Broken,Fire Stairs/Tower,Medium
Department of Housing Preservation and Development,Door/Window,PVT,Yes,Public Area,Door Frame,Frame Broken,Fire Escape/Egress,Medium
Department of Housing Preservation and Development,Door/Window,PVT,Yes,Public Area,Door Frame,Frame Broken,Fire Exit/Passageway,Medium
Department of Housing Preservation and Development,Door/Window,PVT,Yes,Public Area,Door Frame,Frame Broken,Lobby,Medium
Department of Housing Preservation and Development,Door/Window,PVT,Yes,Public Area,Door Frame,Frame Broken,Laundry Room,Medium
Department of Housing Preservation and Development,Door/Window,PVT,Yes,Public Area,Door Frame,Frame Broken,Kitchen,Medium
Department of Housing Preservation and Development,Door/Window,PVT,Yes,Public Area,Door Frame,Frame Broken,Air Shaft,Medium
Department of Housing Preservation and Development,Door/Window,PVT,Yes,Public Area,Door Frame,Frame Broken,Basement,Medium
Department of Housing Preservation and Development,Door/Window,PVT,Yes,Public Area,Door Frame,Frame Broken,Bathroom,Medium
Department of Housing Preservation and Development,Door/Window,PVT,Yes,Public Area,Door Frame,Frame Broken,Cellar,Medium
Department of Housing Preservation and Development,Door/Window,PVT,Yes,Public Area,Door Frame,Frame Broken,Compactor Closet,Medium
Department of Housing Preservation and Development,Door/Window,PVT,Yes,Public Area,Door Frame,Frame Broken,Courtyard,Medium
Department of Housing Preservation and Development,Door/Window,PVT,Yes,Public Area,Door Frame,Frame Broken,Building Entrance,Medium
Department of Housing Preservation and Development,Door/Window,PVT,Yes,Public Area,Door Frame,Frame Broken,Boiler Room,Medium
Department of Housing Preservation and Development,Door/Window,PVT,Yes,Public Area,Door to Dumbwaiter,Broken or Open,Compactor Closet,Medium
Department of Housing Preservation and Development,Door/Window,PVT,Yes,Public Area,Door to Dumbwaiter,Broken or Open,Cellar,Medium
Department of Housing Preservation and Development,Door/Window,PVT,Yes,Public Area,Door to Dumbwaiter,Broken or Open,Basement,Medium
Department of Housing Preservation and Development,Door/Window,PVT,Yes,Public Area,Door to Dumbwaiter,Broken or Open,Lobby,Medium
Department of Housing Preservation and Development,Door/Window,PVT,Yes,Public Area,Door to Dumbwaiter,Broken or Open,Hallway,Medium
Department of Housing Preservation and Development,Door/Window,PVT,Yes,Public Area,Door to Dumbwaiter,Broken or Open,Other Room/Area,Medium
Department of Housing Preservation and Development,Door/Window,PVT,Yes,Public Area,Door to Dumbwaiter,Broken or Open,Storage Room,Medium
Department of Housing Preservation and Development,Door/Window,PVT,Yes,Public Area,Door,Broken or Missing,Storage Room,High
Department of Housing Preservation and Development,Door/Window,PVT,Yes,Public Area,Door,Broken or Missing,Yard,High
Department of Housing Preservation and Development,Door/Window,PVT,Yes,Public Area,Door,Broken or Missing,Other Room/Area,High
Department of Housing Preservation and Development,Door/Window,PVT,Yes,Public Area,Door,Broken or Missing,Meter Room,High
Department of Housing Preservation and Development,Door/Window,PVT,Yes,Public Area,Door,Broken or Missing,Stairs,High
Department of Housing Preservation and Development,Door/Window,PVT,Yes,Public Area,Door,Broken or Missing,Hallway,High
Department of Housing Preservation and Development,Door/Window,PVT,Yes,Public Area,Door,Broken or Missing,Fire Stairs/Tower,High
Department of Housing Preservation and Development,Door/Window,PVT,Yes,Public Area,Door,Broken or Missing,Fire Exit/Passageway,High
Department of Housing Preservation and Development,Door/Window,PVT,Yes,Public Area,Door,Broken or Missing,Fire Escape/Egress,High
Department of Housing Preservation and Development,Door/Window,PVT,Yes,Public Area,Door,Broken or Missing,Lobby,High
Department of Housing Preservation and Development,Door/Window,PVT,Yes,Public Area,Door,Broken or Missing,Laundry Room,High
Department of Housing Preservation and Development,Door/Window,PVT,Yes,Public Area,Door,Broken or Missing,Kitchen,High
Department of Housing Preservation and Development,Door/Window,PVT,Yes,Public Area,Door,Broken or Missing,Basement,High
Department of Housing Preservation and Development,Door/Window,PVT,Yes,Public Area,Door,Broken or Missing,Balcony/Terrace,High
Department of Housing Preservation and Development,Door/Window,PVT,Yes,Public Area,Door,Broken or Missing,Air Shaft,High
Department of Housing Preservation and Development,Door/Window,PVT,Yes,Public Area,Door,Broken or Missing,Bathroom,High
Department of Housing Preservation and Development,Door/Window,PVT,Yes,Public Area,Door,Broken or Missing,Cellar,High
Department of Housing Preservation and Development,Door/Window,PVT,Yes,Public Area,Door,Broken or Missing,Compactor Closet,High
Department of Housing Preservation and Development,Door/Window,PVT,Yes,Public Area,Door,Broken or Missing,Courtyard,High
Department of Housing Preservation and Development,Door/Window,PVT,Yes,Public Area,Door,Broken or Missing,Boiler Room,High
Department of Housing Preservation and Development,Door/Window,PVT,Yes,Public Area,Door,Broken or Missing,Building Entrance,High
Department of Housing Preservation and Development,Door/Window,PVT,Yes,Public Area,Door,Lock Broken or Missing,Boiler Room,High
Department of Housing Preservation and Development,Door/Window,PVT,Yes,Public Area,Door,Lock Broken or Missing,Courtyard,High
Department of Housing Preservation and Development,Door/Window,PVT,Yes,Public Area,Door,Lock Broken or Missing,Cellar,High
Department of Housing Preservation and Development,Door/Window,PVT,Yes,Public Area,Door,Lock Broken or Missing,Bathroom,High
Department of Housing Preservation and Development,Door/Window,PVT,Yes,Public Area,Door,Lock Broken or Missing,Basement,High
Department of Housing Preservation and Development,Door/Window,PVT,Yes,Public Area,Door,Lock Broken or Missing,Kitchen,High
Department of Housing Preservation and Development,Door/Window,PVT,Yes,Public Area,Door,Lock Broken or Missing,Lobby,High
Department of Housing Preservation and Development,Door/Window,PVT,Yes,Public Area,Door,Lock Broken or Missing,Hallway,High
Department of Housing Preservation and Development,Door/Window,PVT,Yes,Public Area,Door,Lock Broken or Missing,Other Room/Area,High
Department of Housing Preservation and Development,Door/Window,PVT,Yes,Public Area,Door,Lock Broken or Missing,Meter Room,High
Department of Housing Preservation and Development,Door/Window,PVT,Yes,Public Area,Door,Lock Broken or Missing,Yard,High
Department of Housing Preservation and Development,Door/Window,PVT,Yes,Public Area,Door,Lock Broken or Missing,Stairs,High
Department of Housing Preservation and Development,Door/Window,PVT,Yes,Public Area,Door,Not Self-Closing,Hallway,Low
Department of Housing Preservation and Development,Door/Window,PVT,Yes,Public Area,Door,Not Self-Closing,Fire Stairs/Tower,Low
Department of Housing Preservation and Development,Door/Window,PVT,Yes,Public Area,Door,Not Self-Closing,Stairs,Low
Department of Housing Preservation and Development,Door/Window,PVT,Yes,Public Area,Window Frame,Lock Broken or Missing,Yard,Low
Department of Housing Preservation and Development,Door/Window,PVT,Yes,Public Area,Window Frame,Lock Broken or Missing,Storage Room,Low
Department of Housing Preservation and Development,Door/Window,PVT,Yes,Public Area,Window Frame,Lock Broken or Missing,Meter Room,Low
Department of Housing Preservation and Development,Door/Window,PVT,Yes,Public Area,Window Frame,Lock Broken or Missing,Other Room/Area,Low
Department of Housing Preservation and Development,Door/Window,PVT,Yes,Public Area,Window Frame,Lock Broken or Missing,Lobby,Low
Department of Housing Preservation and Development,Door/Window,PVT,Yes,Public Area,Window Frame,Lock Broken or Missing,Kitchen,Low
Department of Housing Preservation and Development,Door/Window,PVT,Yes,Public Area,Window Frame,Lock Broken or Missing,Boiler Room,Low
Department of Housing Preservation and Development,Door/Window,PVT,Yes,Public Area,Window Frame,Lock Broken or Missing,Cellar,Low
Department of Housing Preservation and Development,Door/Window,PVT,Yes,Public Area,Window Frame,Lock Broken or Missing,Courtyard,Low
Department of Housing Preservation and Development,Door/Window,PVT,Yes,Public Area,Window Frame,Lock Broken or Missing,Basement,Low
Department of Housing Preservation and Development,Door/Window,PVT,Yes,Public Area,Window Frame,Lock Broken or Missing,Bathroom,Low
Department of Housing Preservation and Development,Door/Window,PVT,Yes,Public Area,Window Frame,LOOSE OR DEFECTIVE,Bathroom,High
Department of Housing Preservation and Development,Door/Window,PVT,Yes,Public Area,Window Frame,LOOSE OR DEFECTIVE,Air Shaft,High
Department of Housing Preservation and Development,Door/Window,PVT,Yes,Public Area,Window Frame,LOOSE OR DEFECTIVE,Basement,High
Department of Housing Preservation and Development,Door/Window,PVT,Yes,Public Area,Window Frame,LOOSE OR DEFECTIVE,Cellar,High
Department of Housing Preservation and Development,Door/Window,PVT,Yes,Public Area,Window Frame,LOOSE OR DEFECTIVE,Laundry Room,High
Department of Housing Preservation and Development,Door/Window,PVT,Yes,Public Area,Window Frame,LOOSE OR DEFECTIVE,Kitchen,High
Department of Housing Preservation and Development,Door/Window,PVT,Yes,Public Area,Window Frame,LOOSE OR DEFECTIVE,Lobby,High
Department of Housing Preservation and Development,Door/Window,PVT,Yes,Public Area,Window Frame,LOOSE OR DEFECTIVE,Hallway,High
Department of Housing Preservation and Development,Door/Window,PVT,Yes,Public Area,Window Frame,LOOSE OR DEFECTIVE,Other Room/Area,High
Department of Housing Preservation and Development,Door/Window,PVT,Yes,Public Area,Window Frame,LOOSE OR DEFECTIVE,Stairs,High
Department of Housing Preservation and Development,Door/Window,PVT,Yes,Public Area,Window Frame,LOOSE OR DEFECTIVE,Storage Room,High
Department of Housing Preservation and Development,Door/Window,PVT,Yes,Public Area,Window Frame,Window Stuck Closed or Open,Storage Room,Low
Department of Housing Preservation and Development,Door/Window,PVT,Yes,Public Area,Window Frame,Window Stuck Closed or Open,Yard,Low
Department of Housing Preservation and Development,Door/Window,PVT,Yes,Public Area,Window Frame,Window Stuck Closed or Open,Other Room/Area,Low
Department of Housing Preservation and Development,Door/Window,PVT,Yes,Public Area,Window Frame,Window Stuck Closed or Open,Meter Room,Low
Department of Housing Preservation and Development,Door/Window,PVT,Yes,Public Area,Window Frame,Window Stuck Closed or Open,Fire Stairs/Tower,Low
Department of Housing Preservation and Development,Door/Window,PVT,Yes,Public Area,Window Frame,Window Stuck Closed or Open,Hallway,Low
Department of Housing Preservation and Development,Door/Window,PVT,Yes,Public Area,Window Frame,Window Stuck Closed or Open,Fire Escape/Egress,Low
Department of Housing Preservation and Development,Door/Window,PVT,Yes,Public Area,Window Frame,Window Stuck Closed or Open,Lobby,Low
Department of Housing Preservation and Development,Door/Window,PVT,Yes,Public Area,Window Frame,Window Stuck Closed or Open,Laundry Room,Low
Department of Housing Preservation and Development,Door/Window,PVT,Yes,Public Area,Window Frame,Window Stuck Closed or Open,Kitchen,Low
Department of Housing Preservation and Development,Door/Window,PVT,Yes,Public Area,Window Frame,Window Stuck Closed or Open,Cellar,Low
Department of Housing Preservation and Development,Door/Window,PVT,Yes,Public Area,Window Frame,Window Stuck Closed or Open,Boiler Room,Low
Department of Housing Preservation and Development,Door/Window,PVT,Yes,Public Area,Window Frame,Window Stuck Closed or Open,Building Entrance,Low
Department of Housing Preservation and Development,Door/Window,PVT,Yes,Public Area,Window Frame,Window Stuck Closed or Open,Basement,Low
Department of Housing Preservation and Development,Door/Window,PVT,Yes,Public Area,Window Frame,Window Stuck Closed or Open,Bathroom,Low
Department of Housing Preservation and Development,Door/Window,PVT,Yes,Public Area,Window Pane,Glass Broken or Missing,Bathroom,Medium
Department of Housing Preservation and Development,Door/Window,PVT,Yes,Public Area,Window Pane,Glass Broken or Missing,Basement,Medium
Department of Housing Preservation and Development,Door/Window,PVT,Yes,Public Area,Window Pane,Glass Broken or Missing,Air Shaft,Medium
Department of Housing Preservation and Development,Door/Window,PVT,Yes,Public Area,Window Pane,Glass Broken or Missing,Boiler Room,Medium
Department of Housing Preservation and Development,Door/Window,PVT,Yes,Public Area,Window Pane,Glass Broken or Missing,Cellar,Medium
Department of Housing Preservation and Development,Door/Window,PVT,Yes,Public Area,Window Pane,Glass Broken or Missing,Courtyard,Medium
Department of Housing Preservation and Development,Door/Window,PVT,Yes,Public Area,Window Pane,Glass Broken or Missing,Kitchen,Medium
Department of Housing Preservation and Development,Door/Window,PVT,Yes,Public Area,Window Pane,Glass Broken or Missing,Laundry Room,Medium
Department of Housing Preservation and Development,Door/Window,PVT,Yes,Public Area,Window Pane,Glass Broken or Missing,Lobby,Medium
Department of Housing Preservation and Development,Door/Window,PVT,Yes,Public Area,Window Pane,Glass Broken or Missing,Fire Escape/Egress,Medium
Department of Housing Preservation and Development,Door/Window,PVT,Yes,Public Area,Window Pane,Glass Broken or Missing,Hallway,Medium
Department of Housing Preservation and Development,Door/Window,PVT,Yes,Public Area,Window Pane,Glass Broken or Missing,Fire Stairs/Tower,Medium
Department of Housing Preservation and Development,Door/Window,PVT,Yes,Public Area,Window Pane,Glass Broken or Missing,Meter Room,Medium
Department of Housing Preservation and Development,Door/Window,PVT,Yes,Public Area,Window Pane,Glass Broken or Missing,Other Room/Area,Medium
Department of Housing Preservation and Development,Door/Window,PVT,Yes,Public Area,Window Pane,Glass Broken or Missing,Storage Room,Medium
Department of Housing Preservation and Development,Door/Window,PVT,Yes,Public Area,Window Pane,Glass Broken or Missing,Yard,Medium
Department of Housing Preservation and Development,Door/Window,PVT,Yes,Public Area,Window Pane,Glass Broken or Missing,Stairs,Medium
Department of Housing Preservation and Development,Door/Window,DAMP,Yes,Public Area,Door Frame,Frame Broken,Yard,Medium
Department of Housing Preservation and Development,Door/Window,DAMP,Yes,Public Area,Door Frame,Frame Broken,Storage Room,Medium
Department of Housing Preservation and Development,Door/Window,DAMP,Yes,Public Area,Door Frame,Frame Broken,Stairs,Medium
Department of Housing Preservation and Development,Door/Window,DAMP,Yes,Public Area,Door Frame,Frame Broken,Other Room/Area,Medium
Department of Housing Preservation and Development,Door/Window,DAMP,Yes,Public Area,Door Frame,Frame Broken,Fire Stairs/Tower,Medium
Department of Housing Preservation and Development,Door/Window,DAMP,Yes,Public Area,Door Frame,Frame Broken,Garage,Medium
Department of Housing Preservation and Development,Door/Window,DAMP,Yes,Public Area,Door Frame,Frame Broken,Hallway,Medium
Department of Housing Preservation and Development,Door/Window,DAMP,Yes,Public Area,Door Frame,Frame Broken,Fire Exit/Passageway,Medium
Department of Housing Preservation and Development,Door/Window,DAMP,Yes,Public Area,Door Frame,Frame Broken,Fire Escape/Egress,Medium
Department of Housing Preservation and Development,Door/Window,DAMP,Yes,Public Area,Door Frame,Frame Broken,Laundry Room,Medium
Department of Housing Preservation and Development,Door/Window,DAMP,Yes,Public Area,Door Frame,Frame Broken,Kitchen,Medium
Department of Housing Preservation and Development,Door/Window,DAMP,Yes,Public Area,Door Frame,Frame Broken,Meter Room,Medium
Department of Housing Preservation and Development,Door/Window,DAMP,Yes,Public Area,Door Frame,Frame Broken,Lobby,Medium
Department of Housing Preservation and Development,Door/Window,DAMP,Yes,Public Area,Door Frame,Frame Broken,Air Shaft,Medium
Department of Housing Preservation and Development,Door/Window,DAMP,Yes,Public Area,Door Frame,Frame Broken,Basement,Medium
Department of Housing Preservation and Development,Door/Window,DAMP,Yes,Public Area,Door Frame,Frame Broken,Bathroom,Medium
Department of Housing Preservation and Development,Door/Window,DAMP,Yes,Public Area,Door Frame,Frame Broken,Courtyard,Medium
Department of Housing Preservation and Development,Door/Window,DAMP,Yes,Public Area,Door Frame,Frame Broken,Cellar,Medium
Department of Housing Preservation and Development,Door/Window,DAMP,Yes,Public Area,Door Frame,Frame Broken,Compactor Closet,Medium
Department of Housing Preservation and Development,Door/Window,DAMP,Yes,Public Area,Door Frame,Frame Broken,Boiler Room,Medium
Department of Housing Preservation and Development,Door/Window,DAMP,Yes,Public Area,Door Frame,Frame Broken,Building Entrance,Medium
Department of Housing Preservation and Development,Door/Window,DAMP,Yes,Public Area,Door to Dumbwaiter,Broken or Open,Cellar,Medium
Department of Housing Preservation and Development,Door/Window,DAMP,Yes,Public Area,Door to Dumbwaiter,Broken or Open,Compactor Closet,Medium
Department of Housing Preservation and Development,Door/Window,DAMP,Yes,Public Area,Door to Dumbwaiter,Broken or Open,Basement,Medium
Department of Housing Preservation and Development,Door/Window,DAMP,Yes,Public Area,Door to Dumbwaiter,Broken or Open,Lobby,Medium
Department of Housing Preservation and Development,Door/Window,DAMP,Yes,Public Area,Door to Dumbwaiter,Broken or Open,Hallway,Medium
Department of Housing Preservation and Development,Door/Window,DAMP,Yes,Public Area,Door to Dumbwaiter,Broken or Open,Other Room/Area,Medium
Department of Housing Preservation and Development,Door/Window,DAMP,Yes,Public Area,Door to Dumbwaiter,Broken or Open,Storage Room,Medium
Department of Housing Preservation and Development,Door/Window,DAMP,Yes,Public Area,Door,Broken or Missing,Storage Room,High
Department of Housing Preservation and Development,Door/Window,DAMP,Yes,Public Area,Door,Broken or Missing,Yard,High
Department of Housing Preservation and Development,Door/Window,DAMP,Yes,Public Area,Door,Broken or Missing,Other Room/Area,High
Department of Housing Preservation and Development,Door/Window,DAMP,Yes,Public Area,Door,Broken or Missing,Stairs,High
Department of Housing Preservation and Development,Door/Window,DAMP,Yes,Public Area,Door,Broken or Missing,Hallway,High
Department of Housing Preservation and Development,Door/Window,DAMP,Yes,Public Area,Door,Broken or Missing,Fire Stairs/Tower,High
Department of Housing Preservation and Development,Door/Window,DAMP,Yes,Public Area,Door,Broken or Missing,Kitchen,High
Department of Housing Preservation and Development,Door/Window,DAMP,Yes,Public Area,Door,Broken or Missing,Fire Escape/Egress,High
Department of Housing Preservation and Development,Door/Window,DAMP,Yes,Public Area,Door,Broken or Missing,Fire Exit/Passageway,High
Department of Housing Preservation and Development,Door/Window,DAMP,Yes,Public Area,Door,Broken or Missing,Lobby,High
Department of Housing Preservation and Development,Door/Window,DAMP,Yes,Public Area,Door,Broken or Missing,Meter Room,High
Department of Housing Preservation and Development,Door/Window,DAMP,Yes,Public Area,Door,Broken or Missing,Laundry Room,High
Department of Housing Preservation and Development,Door/Window,DAMP,Yes,Public Area,Door,Broken or Missing,Basement,High
Department of Housing Preservation and Development,Door/Window,DAMP,Yes,Public Area,Door,Broken or Missing,Air Shaft,High
Department of Housing Preservation and Development,Door/Window,DAMP,Yes,Public Area,Door,Broken or Missing,Balcony/Terrace,High
Department of Housing Preservation and Development,Door/Window,DAMP,Yes,Public Area,Door,Broken or Missing,Bathroom,High
Department of Housing Preservation and Development,Door/Window,DAMP,Yes,Public Area,Door,Broken or Missing,Compactor Closet,High
Department of Housing Preservation and Development,Door/Window,DAMP,Yes,Public Area,Door,Broken or Missing,Courtyard,High
Department of Housing Preservation and Development,Door/Window,DAMP,Yes,Public Area,Door,Broken or Missing,Cellar,High
Department of Housing Preservation and Development,Door/Window,DAMP,Yes,Public Area,Door,Broken or Missing,Building Entrance,High
Department of Housing Preservation and Development,Door/Window,DAMP,Yes,Public Area,Door,Broken or Missing,Boiler Room,High
Department of Housing Preservation and Development,Door/Window,DAMP,Yes,Public Area,Door,Lock Broken or Missing,Boiler Room,High
Department of Housing Preservation and Development,Door/Window,DAMP,Yes,Public Area,Door,Lock Broken or Missing,Courtyard,High
Department of Housing Preservation and Development,Door/Window,DAMP,Yes,Public Area,Door,Lock Broken or Missing,Cellar,High
Department of Housing Preservation and Development,Door/Window,DAMP,Yes,Public Area,Door,Lock Broken or Missing,Bathroom,High
Department of Housing Preservation and Development,Door/Window,DAMP,Yes,Public Area,Door,Lock Broken or Missing,Basement,High
Department of Housing Preservation and Development,Door/Window,DAMP,Yes,Public Area,Door,Lock Broken or Missing,Kitchen,High
Department of Housing Preservation and Development,Door/Window,DAMP,Yes,Public Area,Door,Lock Broken or Missing,Lobby,High
Department of Housing Preservation and Development,Door/Window,DAMP,Yes,Public Area,Door,Lock Broken or Missing,Hallway,High
Department of Housing Preservation and Development,Door/Window,DAMP,Yes,Public Area,Door,Lock Broken or Missing,Stairs,High
Department of Housing Preservation and Development,Door/Window,DAMP,Yes,Public Area,Door,Lock Broken or Missing,Meter Room,High
Department of Housing Preservation and Development,Door/Window,DAMP,Yes,Public Area,Door,Lock Broken or Missing,Other Room/Area,High
Department of Housing Preservation and Development,Door/Window,DAMP,Yes,Public Area,Door,Lock Broken or Missing,Yard,High
Department of Housing Preservation and Development,Door/Window,DAMP,Yes,Public Area,Door,Not Self-Closing,Hallway,Low
Department of Housing Preservation and Development,Door/Window,DAMP,Yes,Public Area,Door,Not Self-Closing,Fire Stairs/Tower,Low
Department of Housing Preservation and Development,Door/Window,DAMP,Yes,Public Area,Door,Not Self-Closing,Stairs,Low
Department of Housing Preservation and Development,Door/Window,DAMP,Yes,Public Area,Window Frame,Lock Broken or Missing,Other Room/Area,Low
Department of Housing Preservation and Development,Door/Window,DAMP,Yes,Public Area,Window Frame,Lock Broken or Missing,Meter Room,Low
Department of Housing Preservation and Development,Door/Window,DAMP,Yes,Public Area,Window Frame,Lock Broken or Missing,Yard,Low
Department of Housing Preservation and Development,Door/Window,DAMP,Yes,Public Area,Window Frame,Lock Broken or Missing,Storage Room,Low
Department of Housing Preservation and Development,Door/Window,DAMP,Yes,Public Area,Window Frame,Lock Broken or Missing,Lobby,Low
Department of Housing Preservation and Development,Door/Window,DAMP,Yes,Public Area,Window Frame,Lock Broken or Missing,Kitchen,Low
Department of Housing Preservation and Development,Door/Window,DAMP,Yes,Public Area,Window Frame,Lock Broken or Missing,Boiler Room,Low
Department of Housing Preservation and Development,Door/Window,DAMP,Yes,Public Area,Window Frame,Lock Broken or Missing,Cellar,Low
Department of Housing Preservation and Development,Door/Window,DAMP,Yes,Public Area,Window Frame,Lock Broken or Missing,Courtyard,Low
Department of Housing Preservation and Development,Door/Window,DAMP,Yes,Public Area,Window Frame,Lock Broken or Missing,Basement,Low
Department of Housing Preservation and Development,Door/Window,DAMP,Yes,Public Area,Window Frame,Lock Broken or Missing,Bathroom,Low
Department of Housing Preservation and Development,Door/Window,DAMP,Yes,Public Area,Window Frame,LOOSE OR DEFECTIVE,Air Shaft,High
Department of Housing Preservation and Development,Door/Window,DAMP,Yes,Public Area,Window Frame,LOOSE OR DEFECTIVE,Basement,High
Department of Housing Preservation and Development,Door/Window,DAMP,Yes,Public Area,Window Frame,LOOSE OR DEFECTIVE,Bathroom,High
Department of Housing Preservation and Development,Door/Window,DAMP,Yes,Public Area,Window Frame,LOOSE OR DEFECTIVE,Cellar,High
Department of Housing Preservation and Development,Door/Window,DAMP,Yes,Public Area,Window Frame,LOOSE OR DEFECTIVE,Kitchen,High
Department of Housing Preservation and Development,Door/Window,DAMP,Yes,Public Area,Window Frame,LOOSE OR DEFECTIVE,Laundry Room,High
Department of Housing Preservation and Development,Door/Window,DAMP,Yes,Public Area,Window Frame,LOOSE OR DEFECTIVE,Lobby,High
Department of Housing Preservation and Development,Door/Window,DAMP,Yes,Public Area,Window Frame,LOOSE OR DEFECTIVE,Hallway,High
Department of Housing Preservation and Development,Door/Window,DAMP,Yes,Public Area,Window Frame,LOOSE OR DEFECTIVE,Storage Room,High
Department of Housing Preservation and Development,Door/Window,DAMP,Yes,Public Area,Window Frame,LOOSE OR DEFECTIVE,Stairs,High
Department of Housing Preservation and Development,Door/Window,DAMP,Yes,Public Area,Window Frame,LOOSE OR DEFECTIVE,Other Room/Area,High
Department of Housing Preservation and Development,Door/Window,DAMP,Yes,Public Area,Window Frame,Window Stuck Closed or Open,Meter Room,Low
Department of Housing Preservation and Development,Door/Window,DAMP,Yes,Public Area,Window Frame,Window Stuck Closed or Open,Other Room/Area,Low
Department of Housing Preservation and Development,Door/Window,DAMP,Yes,Public Area,Window Frame,Window Stuck Closed or Open,Yard,Low
Department of Housing Preservation and Development,Door/Window,DAMP,Yes,Public Area,Window Frame,Window Stuck Closed or Open,Storage Room,Low
Department of Housing Preservation and Development,Door/Window,DAMP,Yes,Public Area,Window Frame,Window Stuck Closed or Open,Fire Stairs/Tower,Low
Department of Housing Preservation and Development,Door/Window,DAMP,Yes,Public Area,Window Frame,Window Stuck Closed or Open,Hallway,Low
Department of Housing Preservation and Development,Door/Window,DAMP,Yes,Public Area,Window Frame,Window Stuck Closed or Open,Fire Escape/Egress,Low
Department of Housing Preservation and Development,Door/Window,DAMP,Yes,Public Area,Window Frame,Window Stuck Closed or Open,Lobby,Low
Department of Housing Preservation and Development,Door/Window,DAMP,Yes,Public Area,Window Frame,Window Stuck Closed or Open,Laundry Room,Low
Department of Housing Preservation and Development,Door/Window,DAMP,Yes,Public Area,Window Frame,Window Stuck Closed or Open,Kitchen,Low
Department of Housing Preservation and Development,Door/Window,DAMP,Yes,Public Area,Window Frame,Window Stuck Closed or Open,Cellar,Low
Department of Housing Preservation and Development,Door/Window,DAMP,Yes,Public Area,Window Frame,Window Stuck Closed or Open,Boiler Room,Low
Department of Housing Preservation and Development,Door/Window,DAMP,Yes,Public Area,Window Frame,Window Stuck Closed or Open,Building Entrance,Low
Department of Housing Preservation and Development,Door/Window,DAMP,Yes,Public Area,Window Frame,Window Stuck Closed or Open,Bathroom,Low
Department of Housing Preservation and Development,Door/Window,DAMP,Yes,Public Area,Window Frame,Window Stuck Closed or Open,Basement,Low
Department of Housing Preservation and Development,Door/Window,DAMP,Yes,Public Area,Window Pane,Glass Broken or Missing,Air Shaft,Medium
Department of Housing Preservation and Development,Door/Window,DAMP,Yes,Public Area,Window Pane,Glass Broken or Missing,Basement,Medium
Department of Housing Preservation and Development,Door/Window,DAMP,Yes,Public Area,Window Pane,Glass Broken or Missing,Bathroom,Medium
Department of Housing Preservation and Development,Door/Window,DAMP,Yes,Public Area,Window Pane,Glass Broken or Missing,Boiler Room,Medium
Department of Housing Preservation and Development,Door/Window,DAMP,Yes,Public Area,Window Pane,Glass Broken or Missing,Cellar,Medium
Department of Housing Preservation and Development,Door/Window,DAMP,Yes,Public Area,Window Pane,Glass Broken or Missing,Courtyard,Medium
Department of Housing Preservation and Development,Door/Window,DAMP,Yes,Public Area,Window Pane,Glass Broken or Missing,Kitchen,Medium
Department of Housing Preservation and Development,Door/Window,DAMP,Yes,Public Area,Window Pane,Glass Broken or Missing,Laundry Room,Medium
Department of Housing Preservation and Development,Door/Window,DAMP,Yes,Public Area,Window Pane,Glass Broken or Missing,Lobby,Medium
Department of Housing Preservation and Development,Door/Window,DAMP,Yes,Public Area,Window Pane,Glass Broken or Missing,Meter Room,Medium
Department of Housing Preservation and Development,Door/Window,DAMP,Yes,Public Area,Window Pane,Glass Broken or Missing,Fire Escape/Egress,Medium
Department of Housing Preservation and Development,Door/Window,DAMP,Yes,Public Area,Window Pane,Glass Broken or Missing,Hallway,Medium
Department of Housing Preservation and Development,Door/Window,DAMP,Yes,Public Area,Window Pane,Glass Broken or Missing,Fire Stairs/Tower,Medium
Department of Housing Preservation and Development,Door/Window,DAMP,Yes,Public Area,Window Pane,Glass Broken or Missing,Storage Room,Medium
Department of Housing Preservation and Development,Door/Window,DAMP,Yes,Public Area,Window Pane,Glass Broken or Missing,Yard,Medium
Department of Housing Preservation and Development,Door/Window,DAMP,Yes,Public Area,Window Pane,Glass Broken or Missing,Other Room/Area,Medium
Department of Housing Preservation and Development,Door/Window,DAMP,Yes,Public Area,Window Pane,Glass Broken or Missing,Stairs,Medium
Department of Housing Preservation and Development,Door/Window,Sec 8,Yes,Apartment,Door Frame,Frame Broken,Kitchen,Medium
Department of Housing Preservation and Development,Door/Window,Sec 8,Yes,Apartment,Door Frame,Frame Broken,Living Room,Medium
Department of Housing Preservation and Development,Door/Window,Sec 8,Yes,Apartment,Door Frame,Frame Broken,Entrance/Foyer,Medium
Department of Housing Preservation and Development,Door/Window,Sec 8,Yes,Apartment,Door Frame,Frame Broken,Entire Apartment,Medium
Department of Housing Preservation and Development,Door/Window,Sec 8,Yes,Apartment,Door Frame,Frame Broken,Bedroom,Medium
Department of Housing Preservation and Development,Door/Window,Sec 8,Yes,Apartment,Door Frame,Frame Broken,Bathroom,Medium
Department of Housing Preservation and Development,Door/Window,Sec 8,Yes,Apartment,Door Frame,Frame Broken,Private Hall,Medium
Department of Housing Preservation and Development,Door/Window,Sec 8,Yes,Apartment,Door Frame,Frame Broken,Other Room/Area,Medium
Department of Housing Preservation and Development,Door/Window,Sec 8,Yes,Apartment,Door to Dumbwaiter,Broken or Open,Entire Apartment,Medium
Department of Housing Preservation and Development,Door/Window,Sec 8,Yes,Apartment,Door,Broken or Missing,Entire Apartment,High
Department of Housing Preservation and Development,Door/Window,Sec 8,Yes,Apartment,Door,Broken or Missing,Entrance/Foyer,High
Department of Housing Preservation and Development,Door/Window,Sec 8,Yes,Apartment,Door,Broken or Missing,Living Room,High
Department of Housing Preservation and Development,Door/Window,Sec 8,Yes,Apartment,Door,Broken or Missing,Kitchen,High
Department of Housing Preservation and Development,Door/Window,Sec 8,Yes,Apartment,Door,Broken or Missing,Bathroom,High
Department of Housing Preservation and Development,Door/Window,Sec 8,Yes,Apartment,Door,Broken or Missing,Bedroom,High
Department of Housing Preservation and Development,Door/Window,Sec 8,Yes,Apartment,Door,Broken or Missing,Other Room/Area,High
Department of Housing Preservation and Development,Door/Window,Sec 8,Yes,Apartment,Door,Broken or Missing,Private Hall,High
Department of Housing Preservation and Development,Door/Window,Sec 8,Yes,Apartment,Door,Lock Broken or Missing,Entrance/Foyer,High
Department of Housing Preservation and Development,Door/Window,Sec 8,Yes,Apartment,Door,Needs Key for Exit,Entrance/Foyer,Low
Department of Housing Preservation and Development,Door/Window,Sec 8,Yes,Apartment,Door,Not Self-Closing,Entrance/Foyer,Low
Department of Housing Preservation and Development,Door/Window,Sec 8,Yes,Apartment,Window Frame,Lock Broken or Missing,Entire Apartment,Low
Department of Housing Preservation and Development,Door/Window,Sec 8,Yes,Apartment,Window Frame,Lock Broken or Missing,Kitchen,Low
Department of Housing Preservation and Development,Door/Window,Sec 8,Yes,Apartment,Window Frame,Lock Broken or Missing,Living Room,Low
Department of Housing Preservation and Development,Door/Window,Sec 8,Yes,Apartment,Window Frame,Lock Broken or Missing,Bedroom,Low
Department of Housing Preservation and Development,Door/Window,Sec 8,Yes,Apartment,Window Frame,Lock Broken or Missing,Bathroom,Low
Department of Housing Preservation and Development,Door/Window,Sec 8,Yes,Apartment,Window Frame,Lock Broken or Missing,Private Hall,Low
Department of Housing Preservation and Development,Door/Window,Sec 8,Yes,Apartment,Window Frame,Lock Broken or Missing,Other Room/Area,Low
Department of Housing Preservation and Development,Door/Window,Sec 8,Yes,Apartment,Window Frame,Loose or Defective,Other Room/Area,High
Department of Housing Preservation and Development,Door/Window,Sec 8,Yes,Apartment,Window Frame,Loose or Defective,Bathroom,High
Department of Housing Preservation and Development,Door/Window,Sec 8,Yes,Apartment,Window Frame,Loose or Defective,Bedroom,High
Department of Housing Preservation and Development,Door/Window,Sec 8,Yes,Apartment,Window Frame,Loose or Defective,Living Room,High
Department of Housing Preservation and Development,Door/Window,Sec 8,Yes,Apartment,Window Frame,Loose or Defective,Kitchen,High
Department of Housing Preservation and Development,Door/Window,Sec 8,Yes,Apartment,Window Frame,Loose or Defective,Entire Apartment,High
Department of Housing Preservation and Development,Door/Window,Sec 8,Yes,Apartment,Window Frame,Window Stuck Closed or Open,Entire Apartment,Low
Department of Housing Preservation and Development,Door/Window,Sec 8,Yes,Apartment,Window Frame,Window Stuck Closed or Open,Entrance/Foyer,Low
Department of Housing Preservation and Development,Door/Window,Sec 8,Yes,Apartment,Window Frame,Window Stuck Closed or Open,Kitchen,Low
Department of Housing Preservation and Development,Door/Window,Sec 8,Yes,Apartment,Window Frame,Window Stuck Closed or Open,Living Room,Low
Department of Housing Preservation and Development,Door/Window,Sec 8,Yes,Apartment,Window Frame,Window Stuck Closed or Open,Bedroom,Low
Department of Housing Preservation and Development,Door/Window,Sec 8,Yes,Apartment,Window Frame,Window Stuck Closed or Open,Bathroom,Low
Department of Housing Preservation and Development,Door/Window,Sec 8,Yes,Apartment,Window Frame,Window Stuck Closed or Open,Private Hall,Low
Department of Housing Preservation and Development,Door/Window,Sec 8,Yes,Apartment,Window Frame,Window Stuck Closed or Open,Other Room/Area,Low
Department of Housing Preservation and Development,Door/Window,Sec 8,Yes,Apartment,Window Pane,Glass Broken or Missing,Other Room/Area,Medium
Department of Housing Preservation and Development,Door/Window,Sec 8,Yes,Apartment,Window Pane,Glass Broken or Missing,Private Hall,Medium
Department of Housing Preservation and Development,Door/Window,Sec 8,Yes,Apartment,Window Pane,Glass Broken or Missing,Bathroom,Medium
Department of Housing Preservation and Development,Door/Window,Sec 8,Yes,Apartment,Window Pane,Glass Broken or Missing,Bedroom,Medium
Department of Housing Preservation and Development,Door/Window,Sec 8,Yes,Apartment,Window Pane,Glass Broken or Missing,Living Room,Medium
Department of Housing Preservation and Development,Door/Window,Sec 8,Yes,Apartment,Window Pane,Glass Broken or Missing,Kitchen,Medium
Department of Housing Preservation and Development,Door/Window,Sec 8,Yes,Apartment,Window Pane,Glass Broken or Missing,Entrance/Foyer,Medium
Department of Housing Preservation and Development,Door/Window,Sec 8,Yes,Apartment,Window Pane,Glass Broken or Missing,Entire Apartment,Medium
Department of Housing Preservation and Development,Door/Window,DPM,Yes,Apartment,Door Frame,Frame Broken,Kitchen,Medium
Department of Housing Preservation and Development,Door/Window,DPM,Yes,Apartment,Door Frame,Frame Broken,Entrance/Foyer,Medium
Department of Housing Preservation and Development,Door/Window,DPM,Yes,Apartment,Door Frame,Frame Broken,Living Room,Medium
Department of Housing Preservation and Development,Door/Window,DPM,Yes,Apartment,Door Frame,Frame Broken,Entire Apartment,Medium
Department of Housing Preservation and Development,Door/Window,DPM,Yes,Apartment,Door Frame,Frame Broken,Bathroom,Medium
Department of Housing Preservation and Development,Door/Window,DPM,Yes,Apartment,Door Frame,Frame Broken,Bedroom,Medium
Department of Housing Preservation and Development,Door/Window,DPM,Yes,Apartment,Door Frame,Frame Broken,Other Room/Area,Medium
Department of Housing Preservation and Development,Door/Window,DPM,Yes,Apartment,Door Frame,Frame Broken,Private Hall,Medium
Department of Housing Preservation and Development,Door/Window,DPM,Yes,Apartment,Door to Dumbwaiter,Broken or Open,Entire Apartment,Medium
Department of Housing Preservation and Development,Door/Window,DPM,Yes,Apartment,Door,Broken or Missing,Entire Apartment,High
Department of Housing Preservation and Development,Door/Window,DPM,Yes,Apartment,Door,Broken or Missing,Bedroom,High
Department of Housing Preservation and Development,Door/Window,DPM,Yes,Apartment,Door,Broken or Missing,Bathroom,High
Department of Housing Preservation and Development,Door/Window,DPM,Yes,Apartment,Door,Broken or Missing,Living Room,High
Department of Housing Preservation and Development,Door/Window,DPM,Yes,Apartment,Door,Broken or Missing,Entrance/Foyer,High
Department of Housing Preservation and Development,Door/Window,DPM,Yes,Apartment,Door,Broken or Missing,Kitchen,High
Department of Housing Preservation and Development,Door/Window,DPM,Yes,Apartment,Door,Broken or Missing,Private Hall,High
Department of Housing Preservation and Development,Door/Window,DPM,Yes,Apartment,Door,Broken or Missing,Other Room/Area,High
Department of Housing Preservation and Development,Door/Window,DPM,Yes,Apartment,Door,Lock Broken or Missing,Entrance/Foyer,High
Department of Housing Preservation and Development,Door/Window,DPM,Yes,Apartment,Door,Needs Key for Exit,Entrance/Foyer,Low
Department of Housing Preservation and Development,Door/Window,DPM,Yes,Apartment,Door,Not Self-Closing,Entrance/Foyer,Low
Department of Housing Preservation and Development,Door/Window,DPM,Yes,Apartment,Storm Window,Broken or Missing,Entrance/Foyer,Medium
Department of Housing Preservation and Development,Door/Window,DPM,Yes,Apartment,Storm Window,Broken or Missing,Kitchen,Medium
Department of Housing Preservation and Development,Door/Window,DPM,Yes,Apartment,Storm Window,Broken or Missing,Living Room,Medium
Department of Housing Preservation and Development,Door/Window,DPM,Yes,Apartment,Storm Window,Broken or Missing,Bathroom,Medium
Department of Housing Preservation and Development,Door/Window,DPM,Yes,Apartment,Storm Window,Broken or Missing,Bedroom,Medium
Department of Housing Preservation and Development,Door/Window,DPM,Yes,Apartment,Storm Window,Broken or Missing,Entire Apartment,Medium
Department of Housing Preservation and Development,Door/Window,DPM,Yes,Apartment,Storm Window,Broken or Missing,Other Room/Area,Medium
Department of Housing Preservation and Development,Door/Window,DPM,Yes,Apartment,Storm Window,Broken or Missing,Private Hall,Medium
Department of Housing Preservation and Development,Door/Window,DPM,Yes,Apartment,Window Frame,Lock Broken or Missing,Private Hall,Low
Department of Housing Preservation and Development,Door/Window,DPM,Yes,Apartment,Window Frame,Lock Broken or Missing,Other Room/Area,Low
Department of Housing Preservation and Development,Door/Window,DPM,Yes,Apartment,Window Frame,Lock Broken or Missing,Entire Apartment,Low
Department of Housing Preservation and Development,Door/Window,DPM,Yes,Apartment,Window Frame,Lock Broken or Missing,Bedroom,Low
Department of Housing Preservation and Development,Door/Window,DPM,Yes,Apartment,Window Frame,Lock Broken or Missing,Bathroom,Low
Department of Housing Preservation and Development,Door/Window,DPM,Yes,Apartment,Window Frame,Lock Broken or Missing,Living Room,Low
Department of Housing Preservation and Development,Door/Window,DPM,Yes,Apartment,Window Frame,Lock Broken or Missing,Kitchen,Low
Department of Housing Preservation and Development,Door/Window,DPM,Yes,Apartment,Window Frame,Loose or Defective,Entire Apartment,High
Department of Housing Preservation and Development,Door/Window,DPM,Yes,Apartment,Window Frame,Loose or Defective,Living Room,High
Department of Housing Preservation and Development,Door/Window,DPM,Yes,Apartment,Window Frame,Loose or Defective,Kitchen,High
Department of Housing Preservation and Development,Door/Window,DPM,Yes,Apartment,Window Frame,Loose or Defective,Bathroom,High
Department of Housing Preservation and Development,Door/Window,DPM,Yes,Apartment,Window Frame,Loose or Defective,Bedroom,High
Department of Housing Preservation and Development,Door/Window,DPM,Yes,Apartment,Window Frame,Loose or Defective,Other Room/Area,High
Department of Housing Preservation and Development,Door/Window,DPM,Yes,Apartment,Window Frame,Window Stuck Closed or Open,Private Hall,Low
Department of Housing Preservation and Development,Door/Window,DPM,Yes,Apartment,Window Frame,Window Stuck Closed or Open,Other Room/Area,Low
Department of Housing Preservation and Development,Door/Window,DPM,Yes,Apartment,Window Frame,Window Stuck Closed or Open,Entire Apartment,Low
Department of Housing Preservation and Development,Door/Window,DPM,Yes,Apartment,Window Frame,Window Stuck Closed or Open,Bedroom,Low
Department of Housing Preservation and Development,Door/Window,DPM,Yes,Apartment,Window Frame,Window Stuck Closed or Open,Bathroom,Low
Department of Housing Preservation and Development,Door/Window,DPM,Yes,Apartment,Window Frame,Window Stuck Closed or Open,Living Room,Low
Department of Housing Preservation and Development,Door/Window,DPM,Yes,Apartment,Window Frame,Window Stuck Closed or Open,Entrance/Foyer,Low
Department of Housing Preservation and Development,Door/Window,DPM,Yes,Apartment,Window Frame,Window Stuck Closed or Open,Kitchen,Low
Department of Housing Preservation and Development,Door/Window,DPM,Yes,Apartment,Window Pane,Glass Broken or Missing,Kitchen,Medium
Department of Housing Preservation and Development,Door/Window,DPM,Yes,Apartment,Window Pane,Glass Broken or Missing,Entrance/Foyer,Medium
Department of Housing Preservation and Development,Door/Window,DPM,Yes,Apartment,Window Pane,Glass Broken or Missing,Living Room,Medium
Department of Housing Preservation and Development,Door/Window,DPM,Yes,Apartment,Window Pane,Glass Broken or Missing,Bathroom,Medium
Department of Housing Preservation and Development,Door/Window,DPM,Yes,Apartment,Window Pane,Glass Broken or Missing,Bedroom,Medium
Department of Housing Preservation and Development,Door/Window,DPM,Yes,Apartment,Window Pane,Glass Broken or Missing,Entire Apartment,Medium
Department of Housing Preservation and Development,Door/Window,DPM,Yes,Apartment,Window Pane,Glass Broken or Missing,Other Room/Area,Medium
Department of Housing Preservation and Development,Door/Window,DPM,Yes,Apartment,Window Pane,Glass Broken or Missing,Private Hall,Medium
Department of Housing Preservation and Development,Door/Window,DAMP,Yes,Apartment,Door Frame,Frame Broken,Kitchen,Medium
Department of Housing Preservation and Development,Door/Window,DAMP,Yes,Apartment,Door Frame,Frame Broken,Living Room,Medium
Department of Housing Preservation and Development,Door/Window,DAMP,Yes,Apartment,Door Frame,Frame Broken,Entrance/Foyer,Medium
Department of Housing Preservation and Development,Door/Window,DAMP,Yes,Apartment,Door Frame,Frame Broken,Bathroom,Medium
Department of Housing Preservation and Development,Door/Window,DAMP,Yes,Apartment,Door Frame,Frame Broken,Bedroom,Medium
Department of Housing Preservation and Development,Door/Window,DAMP,Yes,Apartment,Door Frame,Frame Broken,Entire Apartment,Medium
Department of Housing Preservation and Development,Door/Window,DAMP,Yes,Apartment,Door Frame,Frame Broken,Other Room/Area,Medium
Department of Housing Preservation and Development,Door/Window,DAMP,Yes,Apartment,Door Frame,Frame Broken,Private Hall,Medium
Department of Housing Preservation and Development,Door/Window,DAMP,Yes,Apartment,Door to Dumbwaiter,Broken or Open,Entire Apartment,Medium
Department of Housing Preservation and Development,Door/Window,DAMP,Yes,Apartment,Door,Broken or Missing,Entire Apartment,High
Department of Housing Preservation and Development,Door/Window,DAMP,Yes,Apartment,Door,Broken or Missing,Bedroom,High
Department of Housing Preservation and Development,Door/Window,DAMP,Yes,Apartment,Door,Broken or Missing,Bathroom,High
Department of Housing Preservation and Development,Door/Window,DAMP,Yes,Apartment,Door,Broken or Missing,Entrance/Foyer,High
Department of Housing Preservation and Development,Door/Window,DAMP,Yes,Apartment,Door,Broken or Missing,Kitchen,High
Department of Housing Preservation and Development,Door/Window,DAMP,Yes,Apartment,Door,Broken or Missing,Living Room,High
Department of Housing Preservation and Development,Door/Window,DAMP,Yes,Apartment,Door,Broken or Missing,Private Hall,High
Department of Housing Preservation and Development,Door/Window,DAMP,Yes,Apartment,Door,Broken or Missing,Other Room/Area,High
Department of Housing Preservation and Development,Door/Window,DAMP,Yes,Apartment,Door,Lock Broken or Missing,Entrance/Foyer,High
Department of Housing Preservation and Development,Door/Window,DAMP,Yes,Apartment,Door,Needs Key for Exit,Entrance/Foyer,Low
Department of Housing Preservation and Development,Door/Window,DAMP,Yes,Apartment,Door,Not Self-Closing,Entrance/Foyer,Low
Department of Housing Preservation and Development,Door/Window,DAMP,Yes,Apartment,Window Frame,Lock Broken or Missing,Living Room,Low
Department of Housing Preservation and Development,Door/Window,DAMP,Yes,Apartment,Window Frame,Lock Broken or Missing,Kitchen,Low
Department of Housing Preservation and Development,Door/Window,DAMP,Yes,Apartment,Window Frame,Lock Broken or Missing,Bathroom,Low
Department of Housing Preservation and Development,Door/Window,DAMP,Yes,Apartment,Window Frame,Lock Broken or Missing,Bedroom,Low
Department of Housing Preservation and Development,Door/Window,DAMP,Yes,Apartment,Window Frame,Lock Broken or Missing,Entire Apartment,Low
Department of Housing Preservation and Development,Door/Window,DAMP,Yes,Apartment,Window Frame,Lock Broken or Missing,Other Room/Area,Low
Department of Housing Preservation and Development,Door/Window,DAMP,Yes,Apartment,Window Frame,Lock Broken or Missing,Private Hall,Low
Department of Housing Preservation and Development,Door/Window,DAMP,Yes,Apartment,Window Frame,Loose or Defective,Other Room/Area,High
Department of Housing Preservation and Development,Door/Window,DAMP,Yes,Apartment,Window Frame,Loose or Defective,Bedroom,High
Department of Housing Preservation and Development,Door/Window,DAMP,Yes,Apartment,Window Frame,Loose or Defective,Bathroom,High
Department of Housing Preservation and Development,Door/Window,DAMP,Yes,Apartment,Window Frame,Loose or Defective,Kitchen,High
Department of Housing Preservation and Development,Door/Window,DAMP,Yes,Apartment,Window Frame,Loose or Defective,Living Room,High
Department of Housing Preservation and Development,Door/Window,DAMP,Yes,Apartment,Window Frame,Loose or Defective,Entire Apartment,High
Department of Housing Preservation and Development,Door/Window,DAMP,Yes,Apartment,Window Frame,Window Stuck Closed or Open,Entire Apartment,Low
Department of Housing Preservation and Development,Door/Window,DAMP,Yes,Apartment,Window Frame,Window Stuck Closed or Open,Entrance/Foyer,Low
Department of Housing Preservation and Development,Door/Window,DAMP,Yes,Apartment,Window Frame,Window Stuck Closed or Open,Living Room,Low
Department of Housing Preservation and Development,Door/Window,DAMP,Yes,Apartment,Window Frame,Window Stuck Closed or Open,Kitchen,Low
Department of Housing Preservation and Development,Door/Window,DAMP,Yes,Apartment,Window Frame,Window Stuck Closed or Open,Bedroom,Low
Department of Housing Preservation and Development,Door/Window,DAMP,Yes,Apartment,Window Frame,Window Stuck Closed or Open,Bathroom,Low
Department of Housing Preservation and Development,Door/Window,DAMP,Yes,Apartment,Window Frame,Window Stuck Closed or Open,Private Hall,Low
Department of Housing Preservation and Development,Door/Window,DAMP,Yes,Apartment,Window Frame,Window Stuck Closed or Open,Other Room/Area,Low
Department of Housing Preservation and Development,Door/Window,DAMP,Yes,Apartment,Window Pane,Glass Broken or Missing,Other Room/Area,Medium
Department of Housing Preservation and Development,Door/Window,DAMP,Yes,Apartment,Window Pane,Glass Broken or Missing,Private Hall,Medium
Department of Housing Preservation and Development,Door/Window,DAMP,Yes,Apartment,Window Pane,Glass Broken or Missing,Bedroom,Medium
Department of Housing Preservation and Development,Door/Window,DAMP,Yes,Apartment,Window Pane,Glass Broken or Missing,Bathroom,Medium
Department of Housing Preservation and Development,Door/Window,DAMP,Yes,Apartment,Window Pane,Glass Broken or Missing,Entire Apartment,Medium
Department of Housing Preservation and Development,Door/Window,DAMP,Yes,Apartment,Window Pane,Glass Broken or Missing,Kitchen,Medium
Department of Housing Preservation and Development,Door/Window,DAMP,Yes,Apartment,Window Pane,Glass Broken or Missing,Living Room,Medium
Department of Housing Preservation and Development,Door/Window,DAMP,Yes,Apartment,Window Pane,Glass Broken or Missing,Entrance/Foyer,Medium
Department of Housing Preservation and Development,Electric,DAMP,Yes,Apartment,Lighting,Dims or Flickers,Entrance/Foyer,Low
Department of Housing Preservation and Development,Electric,DAMP,Yes,Apartment,Lighting,Dims or Flickers,Kitchen,Low
Department of Housing Preservation and Development,Electric,DAMP,Yes,Apartment,Lighting,Dims or Flickers,Living Room,Low
Department of Housing Preservation and Development,Electric,DAMP,Yes,Apartment,Lighting,Dims or Flickers,Entire Apartment,Low
Department of Housing Preservation and Development,Electric,DAMP,Yes,Apartment,Lighting,Dims or Flickers,Bathroom,Low
Department of Housing Preservation and Development,Electric,DAMP,Yes,Apartment,Lighting,Dims or Flickers,Bedroom,Low
Department of Housing Preservation and Development,Electric,DAMP,Yes,Apartment,Lighting,Dims or Flickers,Private Hall,Low
Department of Housing Preservation and Development,Electric,DAMP,Yes,Apartment,Lighting,Dims or Flickers,Other Room/Area,Low
Department of Housing Preservation and Development,Electric,DAMP,Yes,Apartment,Lighting,Fixture Missing/Hanging/Loose,Other Room/Area,Medium
Department of Housing Preservation and Development,Electric,DAMP,Yes,Apartment,Lighting,Fixture Missing/Hanging/Loose,Private Hall,Medium
Department of Housing Preservation and Development,Electric,DAMP,Yes,Apartment,Lighting,Fixture Missing/Hanging/Loose,Bedroom,Medium
Department of Housing Preservation and Development,Electric,DAMP,Yes,Apartment,Lighting,Fixture Missing/Hanging/Loose,Bathroom,Medium
Department of Housing Preservation and Development,Electric,DAMP,Yes,Apartment,Lighting,Fixture Missing/Hanging/Loose,Entire Apartment,Medium
Department of Housing Preservation and Development,Electric,DAMP,Yes,Apartment,Lighting,Fixture Missing/Hanging/Loose,Living Room,Medium
Department of Housing Preservation and Development,Electric,DAMP,Yes,Apartment,Lighting,Fixture Missing/Hanging/Loose,Kitchen,Medium
Department of Housing Preservation and Development,Electric,DAMP,Yes,Apartment,Lighting,Fixture Missing/Hanging/Loose,Entrance/Foyer,Medium
Department of Housing Preservation and Development,Electric,DAMP,Yes,Apartment,Lighting,Fixture Sparks When Turned On,Entrance/Foyer,High
Department of Housing Preservation and Development,Electric,DAMP,Yes,Apartment,Lighting,Fixture Sparks When Turned On,Living Room,High
Department of Housing Preservation and Development,Electric,DAMP,Yes,Apartment,Lighting,Fixture Sparks When Turned On,Kitchen,High
Department of Housing Preservation and Development,Electric,DAMP,Yes,Apartment,Lighting,Fixture Sparks When Turned On,Entire Apartment,High
Department of Housing Preservation and Development,Electric,DAMP,Yes,Apartment,Lighting,Fixture Sparks When Turned On,Bathroom,High
Department of Housing Preservation and Development,Electric,DAMP,Yes,Apartment,Lighting,Fixture Sparks When Turned On,Bedroom,High
Department of Housing Preservation and Development,Electric,DAMP,Yes,Apartment,Lighting,Fixture Sparks When Turned On,Private Hall,High
Department of Housing Preservation and Development,Electric,DAMP,Yes,Apartment,Lighting,Fixture Sparks When Turned On,Other Room/Area,High
Department of Housing Preservation and Development,Electric,DAMP,Yes,Apartment,Lighting,Fixture Wet or Flooded,Other Room/Area,Medium
Department of Housing Preservation and Development,Electric,DAMP,Yes,Apartment,Lighting,Fixture Wet or Flooded,Private Hall,Medium
Department of Housing Preservation and Development,Electric,DAMP,Yes,Apartment,Lighting,Fixture Wet or Flooded,Bedroom,Medium
Department of Housing Preservation and Development,Electric,DAMP,Yes,Apartment,Lighting,Fixture Wet or Flooded,Bathroom,Medium
Department of Housing Preservation and Development,Electric,DAMP,Yes,Apartment,Lighting,Fixture Wet or Flooded,Entire Apartment,Medium
Department of Housing Preservation and Development,Electric,DAMP,Yes,Apartment,Lighting,Fixture Wet or Flooded,Living Room,Medium
Department of Housing Preservation and Development,Electric,DAMP,Yes,Apartment,Lighting,Fixture Wet or Flooded,Entrance/Foyer,Medium
Department of Housing Preservation and Development,Electric,DAMP,Yes,Apartment,Lighting,Fixture Wet or Flooded,Kitchen,Medium
Department of Housing Preservation and Development,Electric,DAMP,Yes,Apartment,No Lighting,One Room or Area,Entrance/Foyer,Low
Department of Housing Preservation and Development,Electric,DAMP,Yes,Apartment,No Lighting,One Room or Area,Entire Apartment,Low
Department of Housing Preservation and Development,Electric,DAMP,Yes,Apartment,No Lighting,One Room or Area,Living Room,Low
Department of Housing Preservation and Development,Electric,DAMP,Yes,Apartment,No Lighting,One Room or Area,Kitchen,Low
Department of Housing Preservation and Development,Electric,DAMP,Yes,Apartment,No Lighting,One Room or Area,Bedroom,Low
Department of Housing Preservation and Development,Electric,DAMP,Yes,Apartment,No Lighting,One Room or Area,Bathroom,Low
Department of Housing Preservation and Development,Electric,DAMP,Yes,Apartment,No Lighting,One Room or Area,Private Hall,Low
Department of Housing Preservation and Development,Electric,DAMP,Yes,Apartment,No Lighting,One Room or Area,Other Room/Area,Low
Department of Housing Preservation and Development,Electric,DAMP,Yes,Apartment,Outlet/Switch,Outlet Sealed or Defective,Other Room/Area,Medium
Department of Housing Preservation and Development,Electric,DAMP,Yes,Apartment,Outlet/Switch,Outlet Sealed or Defective,Private Hall,Medium
Department of Housing Preservation and Development,Electric,DAMP,Yes,Apartment,Outlet/Switch,Outlet Sealed or Defective,Bathroom,Medium
Department of Housing Preservation and Development,Electric,DAMP,Yes,Apartment,Outlet/Switch,Outlet Sealed or Defective,Bedroom,Medium
Department of Housing Preservation and Development,Electric,DAMP,Yes,Apartment,Outlet/Switch,Outlet Sealed or Defective,Kitchen,Medium
Department of Housing Preservation and Development,Electric,DAMP,Yes,Apartment,Outlet/Switch,Outlet Sealed or Defective,Living Room,Medium
Department of Housing Preservation and Development,Electric,DAMP,Yes,Apartment,Outlet/Switch,Outlet Sealed or Defective,Entire Apartment,Medium
Department of Housing Preservation and Development,Electric,DAMP,Yes,Apartment,Outlet/Switch,Outlet Sealed or Defective,Entrance/Foyer,Medium
Department of Housing Preservation and Development,Electric,DAMP,Yes,Apartment,Power Outage,Entire Apartment,Entire Apartment,High
Department of Housing Preservation and Development,Electric,DAMP,Yes,Apartment,Power Outage,Multiple Rooms or Areas,Entire Apartment,High
Department of Housing Preservation and Development,Electric,DAMP,Yes,Apartment,Wiring,Exposed,Entire Apartment,Low
Department of Housing Preservation and Development,Electric,DAMP,Yes,Apartment,Wiring,Exposed,Bedroom,Low
Department of Housing Preservation and Development,Electric,DAMP,Yes,Apartment,Wiring,Exposed,Bathroom,Low
Department of Housing Preservation and Development,Electric,DAMP,Yes,Apartment,Wiring,Exposed,Entrance/Foyer,Low
Department of Housing Preservation and Development,Electric,DAMP,Yes,Apartment,Wiring,Exposed,Kitchen,Low
Department of Housing Preservation and Development,Electric,DAMP,Yes,Apartment,Wiring,Exposed,Living Room,Low
Department of Housing Preservation and Development,Electric,DAMP,Yes,Apartment,Wiring,Exposed,Private Hall,Low
Department of Housing Preservation and Development,Electric,DAMP,Yes,Apartment,Wiring,Exposed,Other Room/Area,Low
Department of Housing Preservation and Development,Electric,DAMP,Yes,Apartment,Wiring,Fuse Blows Out,Other Room/Area,High
Department of Housing Preservation and Development,Electric,DAMP,Yes,Apartment,Wiring,Fuse Blows Out,Private Hall,High
Department of Housing Preservation and Development,Electric,DAMP,Yes,Apartment,Wiring,Fuse Blows Out,Living Room,High
Department of Housing Preservation and Development,Electric,DAMP,Yes,Apartment,Wiring,Fuse Blows Out,Kitchen,High
Department of Housing Preservation and Development,Electric,DAMP,Yes,Apartment,Wiring,Fuse Blows Out,Entrance/Foyer,High
Department of Housing Preservation and Development,Electric,DAMP,Yes,Apartment,Wiring,Fuse Blows Out,Bathroom,High
Department of Housing Preservation and Development,Electric,DAMP,Yes,Apartment,Wiring,Fuse Blows Out,Bedroom,High
Department of Housing Preservation and Development,Electric,DAMP,Yes,Apartment,Wiring,Fuse Blows Out,Entire Apartment,High
Department of Housing Preservation and Development,Electric,DAMP,Yes,Apartment,Wiring,Illegal,Entire Apartment,High
Department of Housing Preservation and Development,Electric,DAMP,Yes,Apartment,Wiring,Illegal,Bedroom,High
Department of Housing Preservation and Development,Electric,DAMP,Yes,Apartment,Wiring,Illegal,Bathroom,High
Department of Housing Preservation and Development,Electric,DAMP,Yes,Apartment,Wiring,Illegal,Entrance/Foyer,High
Department of Housing Preservation and Development,Electric,DAMP,Yes,Apartment,Wiring,Illegal,Kitchen,High
Department of Housing Preservation and Development,Electric,DAMP,Yes,Apartment,Wiring,Illegal,Living Room,High
Department of Housing Preservation and Development,Electric,DAMP,Yes,Apartment,Wiring,Illegal,Private Hall,High
Department of Housing Preservation and Development,Electric,DAMP,Yes,Apartment,Wiring,Illegal,Other Room/Area,High
Department of Housing Preservation and Development,Electric,DPM,Yes,Apartment,Lighting,Dims or Flickers,Private Hall,Low
Department of Housing Preservation and Development,Electric,DPM,Yes,Apartment,Lighting,Dims or Flickers,Other Room/Area,Low
Department of Housing Preservation and Development,Electric,DPM,Yes,Apartment,Lighting,Dims or Flickers,Entire Apartment,Low
Department of Housing Preservation and Development,Electric,DPM,Yes,Apartment,Lighting,Dims or Flickers,Bedroom,Low
Department of Housing Preservation and Development,Electric,DPM,Yes,Apartment,Lighting,Dims or Flickers,Bathroom,Low
Department of Housing Preservation and Development,Electric,DPM,Yes,Apartment,Lighting,Dims or Flickers,Living Room,Low
Department of Housing Preservation and Development,Electric,DPM,Yes,Apartment,Lighting,Dims or Flickers,Entrance/Foyer,Low
Department of Housing Preservation and Development,Electric,DPM,Yes,Apartment,Lighting,Dims or Flickers,Kitchen,Low
Department of Housing Preservation and Development,Electric,DPM,Yes,Apartment,Lighting,Fixture Missing/Hanging/Loose,Kitchen,Medium
Department of Housing Preservation and Development,Electric,DPM,Yes,Apartment,Lighting,Fixture Missing/Hanging/Loose,Entrance/Foyer,Medium
Department of Housing Preservation and Development,Electric,DPM,Yes,Apartment,Lighting,Fixture Missing/Hanging/Loose,Living Room,Medium
Department of Housing Preservation and Development,Electric,DPM,Yes,Apartment,Lighting,Fixture Missing/Hanging/Loose,Bathroom,Medium
Department of Housing Preservation and Development,Electric,DPM,Yes,Apartment,Lighting,Fixture Missing/Hanging/Loose,Bedroom,Medium
Department of Housing Preservation and Development,Electric,DPM,Yes,Apartment,Lighting,Fixture Missing/Hanging/Loose,Entire Apartment,Medium
Department of Housing Preservation and Development,Electric,DPM,Yes,Apartment,Lighting,Fixture Missing/Hanging/Loose,Other Room/Area,Medium
Department of Housing Preservation and Development,Electric,DPM,Yes,Apartment,Lighting,Fixture Missing/Hanging/Loose,Private Hall,Medium
Department of Housing Preservation and Development,Electric,DPM,Yes,Apartment,Lighting,Fixture Sparks When Turned On,Private Hall,High
Department of Housing Preservation and Development,Electric,DPM,Yes,Apartment,Lighting,Fixture Sparks When Turned On,Other Room/Area,High
Department of Housing Preservation and Development,Electric,DPM,Yes,Apartment,Lighting,Fixture Sparks When Turned On,Entire Apartment,High
Department of Housing Preservation and Development,Electric,DPM,Yes,Apartment,Lighting,Fixture Sparks When Turned On,Bedroom,High
Department of Housing Preservation and Development,Electric,DPM,Yes,Apartment,Lighting,Fixture Sparks When Turned On,Bathroom,High
Department of Housing Preservation and Development,Electric,DPM,Yes,Apartment,Lighting,Fixture Sparks When Turned On,Living Room,High
Department of Housing Preservation and Development,Electric,DPM,Yes,Apartment,Lighting,Fixture Sparks When Turned On,Entrance/Foyer,High
Department of Housing Preservation and Development,Electric,DPM,Yes,Apartment,Lighting,Fixture Sparks When Turned On,Kitchen,High
Department of Housing Preservation and Development,Electric,DPM,Yes,Apartment,Lighting,Fixture Wet or Flooded,Kitchen,Medium
Department of Housing Preservation and Development,Electric,DPM,Yes,Apartment,Lighting,Fixture Wet or Flooded,Entrance/Foyer,Medium
Department of Housing Preservation and Development,Electric,DPM,Yes,Apartment,Lighting,Fixture Wet or Flooded,Living Room,Medium
Department of Housing Preservation and Development,Electric,DPM,Yes,Apartment,Lighting,Fixture Wet or Flooded,Bathroom,Medium
Department of Housing Preservation and Development,Electric,DPM,Yes,Apartment,Lighting,Fixture Wet or Flooded,Bedroom,Medium
Department of Housing Preservation and Development,Electric,DPM,Yes,Apartment,Lighting,Fixture Wet or Flooded,Entire Apartment,Medium
Department of Housing Preservation and Development,Electric,DPM,Yes,Apartment,Lighting,Fixture Wet or Flooded,Other Room/Area,Medium
Department of Housing Preservation and Development,Electric,DPM,Yes,Apartment,Lighting,Fixture Wet or Flooded,Private Hall,Medium
Department of Housing Preservation and Development,Electric,DPM,Yes,Apartment,No Lighting,One Room or Area,Private Hall,Low
Department of Housing Preservation and Development,Electric,DPM,Yes,Apartment,No Lighting,One Room or Area,Other Room/Area,Low
Department of Housing Preservation and Development,Electric,DPM,Yes,Apartment,No Lighting,One Room or Area,Entire Apartment,Low
Department of Housing Preservation and Development,Electric,DPM,Yes,Apartment,No Lighting,One Room or Area,Bedroom,Low
Department of Housing Preservation and Development,Electric,DPM,Yes,Apartment,No Lighting,One Room or Area,Bathroom,Low
Department of Housing Preservation and Development,Electric,DPM,Yes,Apartment,No Lighting,One Room or Area,Living Room,Low
Department of Housing Preservation and Development,Electric,DPM,Yes,Apartment,No Lighting,One Room or Area,Entrance/Foyer,Low
Department of Housing Preservation and Development,Electric,DPM,Yes,Apartment,No Lighting,One Room or Area,Kitchen,Low
Department of Housing Preservation and Development,Electric,DPM,Yes,Apartment,Outlet/Switch,Outlet Sealed or Defective,Kitchen,Medium
Department of Housing Preservation and Development,Electric,DPM,Yes,Apartment,Outlet/Switch,Outlet Sealed or Defective,Entrance/Foyer,Medium
Department of Housing Preservation and Development,Electric,DPM,Yes,Apartment,Outlet/Switch,Outlet Sealed or Defective,Living Room,Medium
Department of Housing Preservation and Development,Electric,DPM,Yes,Apartment,Outlet/Switch,Outlet Sealed or Defective,Bathroom,Medium
Department of Housing Preservation and Development,Electric,DPM,Yes,Apartment,Outlet/Switch,Outlet Sealed or Defective,Bedroom,Medium
Department of Housing Preservation and Development,Electric,DPM,Yes,Apartment,Outlet/Switch,Outlet Sealed or Defective,Entire Apartment,Medium
Department of Housing Preservation and Development,Electric,DPM,Yes,Apartment,Outlet/Switch,Outlet Sealed or Defective,Other Room/Area,Medium
Department of Housing Preservation and Development,Electric,DPM,Yes,Apartment,Outlet/Switch,Outlet Sealed or Defective,Private Hall,Medium
Department of Housing Preservation and Development,Electric,DPM,Yes,Apartment,Power Outage,Entire Apartment,Entire Apartment,High
Department of Housing Preservation and Development,Electric,DPM,Yes,Apartment,Power Outage,Multiple Rooms or Areas,Entire Apartment,High
Department of Housing Preservation and Development,Electric,DPM,Yes,Apartment,Wiring,Exposed,Entire Apartment,Low
Department of Housing Preservation and Development,Electric,DPM,Yes,Apartment,Wiring,Exposed,Bedroom,Low
Department of Housing Preservation and Development,Electric,DPM,Yes,Apartment,Wiring,Exposed,Bathroom,Low
Department of Housing Preservation and Development,Electric,DPM,Yes,Apartment,Wiring,Exposed,Living Room,Low
Department of Housing Preservation and Development,Electric,DPM,Yes,Apartment,Wiring,Exposed,Entrance/Foyer,Low
Department of Housing Preservation and Development,Electric,DPM,Yes,Apartment,Wiring,Exposed,Kitchen,Low
Department of Housing Preservation and Development,Electric,DPM,Yes,Apartment,Wiring,Exposed,Private Hall,Low
Department of Housing Preservation and Development,Electric,DPM,Yes,Apartment,Wiring,Exposed,Other Room/Area,Low
Department of Housing Preservation and Development,Electric,DPM,Yes,Apartment,Wiring,Fuse Blows Out,Other Room/Area,High
Department of Housing Preservation and Development,Electric,DPM,Yes,Apartment,Wiring,Fuse Blows Out,Private Hall,High
Department of Housing Preservation and Development,Electric,DPM,Yes,Apartment,Wiring,Fuse Blows Out,Kitchen,High
Department of Housing Preservation and Development,Electric,DPM,Yes,Apartment,Wiring,Fuse Blows Out,Entrance/Foyer,High
Department of Housing Preservation and Development,Electric,DPM,Yes,Apartment,Wiring,Fuse Blows Out,Living Room,High
Department of Housing Preservation and Development,Electric,DPM,Yes,Apartment,Wiring,Fuse Blows Out,Bathroom,High
Department of Housing Preservation and Development,Electric,DPM,Yes,Apartment,Wiring,Fuse Blows Out,Bedroom,High
Department of Housing Preservation and Development,Electric,DPM,Yes,Apartment,Wiring,Fuse Blows Out,Entire Apartment,High
Department of Housing Preservation and Development,Electric,DPM,Yes,Apartment,Wiring,Illegal,Entire Apartment,High
Department of Housing Preservation and Development,Electric,DPM,Yes,Apartment,Wiring,Illegal,Bedroom,High
Department of Housing Preservation and Development,Electric,DPM,Yes,Apartment,Wiring,Illegal,Bathroom,High
Department of Housing Preservation and Development,Electric,DPM,Yes,Apartment,Wiring,Illegal,Living Room,High
Department of Housing Preservation and Development,Electric,DPM,Yes,Apartment,Wiring,Illegal,Entrance/Foyer,High
Department of Housing Preservation and Development,Electric,DPM,Yes,Apartment,Wiring,Illegal,Kitchen,High
Department of Housing Preservation and Development,Electric,DPM,Yes,Apartment,Wiring,Illegal,Private Hall,High
Department of Housing Preservation and Development,Electric,DPM,Yes,Apartment,Wiring,Illegal,Other Room/Area,High
Department of Housing Preservation and Development,Electric,Sec 8,Yes,Apartment,Lighting,Dims or Flickers,Entire Apartment,Low
Department of Housing Preservation and Development,Electric,Sec 8,Yes,Apartment,Lighting,Dims or Flickers,Entrance/Foyer,Low
Department of Housing Preservation and Development,Electric,Sec 8,Yes,Apartment,Lighting,Dims or Flickers,Kitchen,Low
Department of Housing Preservation and Development,Electric,Sec 8,Yes,Apartment,Lighting,Dims or Flickers,Living Room,Low
Department of Housing Preservation and Development,Electric,Sec 8,Yes,Apartment,Lighting,Dims or Flickers,Bedroom,Low
Department of Housing Preservation and Development,Electric,Sec 8,Yes,Apartment,Lighting,Dims or Flickers,Bathroom,Low
Department of Housing Preservation and Development,Electric,Sec 8,Yes,Apartment,Lighting,Dims or Flickers,Private Hall,Low
Department of Housing Preservation and Development,Electric,Sec 8,Yes,Apartment,Lighting,Dims or Flickers,Other Room/Area,Low
Department of Housing Preservation and Development,Electric,Sec 8,Yes,Apartment,Lighting,Fixture Missing/Hanging/Loose,Other Room/Area,Medium
Department of Housing Preservation and Development,Electric,Sec 8,Yes,Apartment,Lighting,Fixture Missing/Hanging/Loose,Private Hall,Medium
Department of Housing Preservation and Development,Electric,Sec 8,Yes,Apartment,Lighting,Fixture Missing/Hanging/Loose,Bathroom,Medium
Department of Housing Preservation and Development,Electric,Sec 8,Yes,Apartment,Lighting,Fixture Missing/Hanging/Loose,Bedroom,Medium
Department of Housing Preservation and Development,Electric,Sec 8,Yes,Apartment,Lighting,Fixture Missing/Hanging/Loose,Living Room,Medium
Department of Housing Preservation and Development,Electric,Sec 8,Yes,Apartment,Lighting,Fixture Missing/Hanging/Loose,Kitchen,Medium
Department of Housing Preservation and Development,Electric,Sec 8,Yes,Apartment,Lighting,Fixture Missing/Hanging/Loose,Entrance/Foyer,Medium
Department of Housing Preservation and Development,Electric,Sec 8,Yes,Apartment,Lighting,Fixture Missing/Hanging/Loose,Entire Apartment,Medium
Department of Housing Preservation and Development,Electric,Sec 8,Yes,Apartment,Lighting,Fixture Sparks When Turned On,Entire Apartment,High
Department of Housing Preservation and Development,Electric,Sec 8,Yes,Apartment,Lighting,Fixture Sparks When Turned On,Entrance/Foyer,High
Department of Housing Preservation and Development,Electric,Sec 8,Yes,Apartment,Lighting,Fixture Sparks When Turned On,Kitchen,High
Department of Housing Preservation and Development,Electric,Sec 8,Yes,Apartment,Lighting,Fixture Sparks When Turned On,Living Room,High
Department of Housing Preservation and Development,Electric,Sec 8,Yes,Apartment,Lighting,Fixture Sparks When Turned On,Bedroom,High
Department of Housing Preservation and Development,Electric,Sec 8,Yes,Apartment,Lighting,Fixture Sparks When Turned On,Bathroom,High
Department of Housing Preservation and Development,Electric,Sec 8,Yes,Apartment,Lighting,Fixture Sparks When Turned On,Private Hall,High
Department of Housing Preservation and Development,Electric,Sec 8,Yes,Apartment,Lighting,Fixture Sparks When Turned On,Other Room/Area,High
Department of Housing Preservation and Development,Electric,Sec 8,Yes,Apartment,Lighting,Fixture Wet or Flooded,Other Room/Area,Medium
Department of Housing Preservation and Development,Electric,Sec 8,Yes,Apartment,Lighting,Fixture Wet or Flooded,Private Hall,Medium
Department of Housing Preservation and Development,Electric,Sec 8,Yes,Apartment,Lighting,Fixture Wet or Flooded,Bathroom,Medium
Department of Housing Preservation and Development,Electric,Sec 8,Yes,Apartment,Lighting,Fixture Wet or Flooded,Bedroom,Medium
Department of Housing Preservation and Development,Electric,Sec 8,Yes,Apartment,Lighting,Fixture Wet or Flooded,Living Room,Medium
Department of Housing Preservation and Development,Electric,Sec 8,Yes,Apartment,Lighting,Fixture Wet or Flooded,Kitchen,Medium
Department of Housing Preservation and Development,Electric,Sec 8,Yes,Apartment,Lighting,Fixture Wet or Flooded,Entrance/Foyer,Medium
Department of Housing Preservation and Development,Electric,Sec 8,Yes,Apartment,Lighting,Fixture Wet or Flooded,Entire Apartment,Medium
Department of Housing Preservation and Development,Electric,Sec 8,Yes,Apartment,Lighting,Smoking or Sparking,Entire Apartment,High
Department of Housing Preservation and Development,Electric,Sec 8,Yes,Apartment,Lighting,Smoking or Sparking,Entrance/Foyer,High
Department of Housing Preservation and Development,Electric,Sec 8,Yes,Apartment,Lighting,Smoking or Sparking,Kitchen,High
Department of Housing Preservation and Development,Electric,Sec 8,Yes,Apartment,Lighting,Smoking or Sparking,Living Room,High
Department of Housing Preservation and Development,Electric,Sec 8,Yes,Apartment,Lighting,Smoking or Sparking,Bedroom,High
Department of Housing Preservation and Development,Electric,Sec 8,Yes,Apartment,Lighting,Smoking or Sparking,Bathroom,High
Department of Housing Preservation and Development,Electric,Sec 8,Yes,Apartment,Lighting,Smoking or Sparking,Private Hall,High
Department of Housing Preservation and Development,Electric,Sec 8,Yes,Apartment,Lighting,Smoking or Sparking,Other Room/Area,High
Department of Housing Preservation and Development,Electric,Sec 8,Yes,Apartment,No Lighting,One Room or Area,Other Room/Area,Low
Department of Housing Preservation and Development,Electric,Sec 8,Yes,Apartment,No Lighting,One Room or Area,Private Hall,Low
Department of Housing Preservation and Development,Electric,Sec 8,Yes,Apartment,No Lighting,One Room or Area,Bathroom,Low
Department of Housing Preservation and Development,Electric,Sec 8,Yes,Apartment,No Lighting,One Room or Area,Bedroom,Low
Department of Housing Preservation and Development,Electric,Sec 8,Yes,Apartment,No Lighting,One Room or Area,Living Room,Low
Department of Housing Preservation and Development,Electric,Sec 8,Yes,Apartment,No Lighting,One Room or Area,Kitchen,Low
Department of Housing Preservation and Development,Electric,Sec 8,Yes,Apartment,No Lighting,One Room or Area,Entrance/Foyer,Low
Department of Housing Preservation and Development,Electric,Sec 8,Yes,Apartment,No Lighting,One Room or Area,Entire Apartment,Low
Department of Housing Preservation and Development,Electric,Sec 8,Yes,Apartment,Outlet/Switch,Missing Cover Plate,Entire Apartment,High
Department of Housing Preservation and Development,Electric,Sec 8,Yes,Apartment,Outlet/Switch,Missing Cover Plate,Entrance/Foyer,High
Department of Housing Preservation and Development,Electric,Sec 8,Yes,Apartment,Outlet/Switch,Missing Cover Plate,Kitchen,High
Department of Housing Preservation and Development,Electric,Sec 8,Yes,Apartment,Outlet/Switch,Missing Cover Plate,Living Room,High
Department of Housing Preservation and Development,Electric,Sec 8,Yes,Apartment,Outlet/Switch,Missing Cover Plate,Bedroom,High
Department of Housing Preservation and Development,Electric,Sec 8,Yes,Apartment,Outlet/Switch,Missing Cover Plate,Bathroom,High
Department of Housing Preservation and Development,Electric,Sec 8,Yes,Apartment,Outlet/Switch,Missing Cover Plate,Private Hall,High
Department of Housing Preservation and Development,Electric,Sec 8,Yes,Apartment,Outlet/Switch,Missing Cover Plate,Other Room/Area,High
Department of Housing Preservation and Development,Electric,Sec 8,Yes,Apartment,Outlet/Switch,Outlet Sealed or Defective,Other Room/Area,Medium
Department of Housing Preservation and Development,Electric,Sec 8,Yes,Apartment,Outlet/Switch,Outlet Sealed or Defective,Private Hall,Medium
Department of Housing Preservation and Development,Electric,Sec 8,Yes,Apartment,Outlet/Switch,Outlet Sealed or Defective,Bathroom,Medium
Department of Housing Preservation and Development,Electric,Sec 8,Yes,Apartment,Outlet/Switch,Outlet Sealed or Defective,Bedroom,Medium
Department of Housing Preservation and Development,Electric,Sec 8,Yes,Apartment,Outlet/Switch,Outlet Sealed or Defective,Living Room,Medium
Department of Housing Preservation and Development,Electric,Sec 8,Yes,Apartment,Outlet/Switch,Outlet Sealed or Defective,Kitchen,Medium
Department of Housing Preservation and Development,Electric,Sec 8,Yes,Apartment,Outlet/Switch,Outlet Sealed or Defective,Entrance/Foyer,Medium
Department of Housing Preservation and Development,Electric,Sec 8,Yes,Apartment,Outlet/Switch,Outlet Sealed or Defective,Entire Apartment,Medium
Department of Housing Preservation and Development,Electric,Sec 8,Yes,Apartment,Power Outage,Entire Apartment,Entire Apartment,High
Department of Housing Preservation and Development,Electric,Sec 8,Yes,Apartment,Power Outage,Multiple Rooms or Areas,Entire Apartment,High
Department of Housing Preservation and Development,Electric,Sec 8,Yes,Apartment,Wiring,Exposed,Entire Apartment,Low
Department of Housing Preservation and Development,Electric,Sec 8,Yes,Apartment,Wiring,Exposed,Entrance/Foyer,Low
Department of Housing Preservation and Development,Electric,Sec 8,Yes,Apartment,Wiring,Exposed,Kitchen,Low
Department of Housing Preservation and Development,Electric,Sec 8,Yes,Apartment,Wiring,Exposed,Living Room,Low
Department of Housing Preservation and Development,Electric,Sec 8,Yes,Apartment,Wiring,Exposed,Bedroom,Low
Department of Housing Preservation and Development,Electric,Sec 8,Yes,Apartment,Wiring,Exposed,Bathroom,Low
Department of Housing Preservation and Development,Electric,Sec 8,Yes,Apartment,Wiring,Exposed,Private Hall,Low
Department of Housing Preservation and Development,Electric,Sec 8,Yes,Apartment,Wiring,Exposed,Other Room/Area,Low
Department of Housing Preservation and Development,Electric,Sec 8,Yes,Apartment,Wiring,Frayed,Other Room/Area,Medium
Department of Housing Preservation and Development,Electric,Sec 8,Yes,Apartment,Wiring,Frayed,Private Hall,Medium
Department of Housing Preservation and Development,Electric,Sec 8,Yes,Apartment,Wiring,Frayed,Bathroom,Medium
Department of Housing Preservation and Development,Electric,Sec 8,Yes,Apartment,Wiring,Frayed,Bedroom,Medium
Department of Housing Preservation and Development,Electric,Sec 8,Yes,Apartment,Wiring,Frayed,Living Room,Medium
Department of Housing Preservation and Development,Electric,Sec 8,Yes,Apartment,Wiring,Frayed,Kitchen,Medium
Department of Housing Preservation and Development,Electric,Sec 8,Yes,Apartment,Wiring,Frayed,Entrance/Foyer,Medium
Department of Housing Preservation and Development,Electric,Sec 8,Yes,Apartment,Wiring,Frayed,Entire Apartment,Medium
Department of Housing Preservation and Development,Electric,Sec 8,Yes,Apartment,Wiring,Fuse Blows Out,Entire Apartment,High
Department of Housing Preservation and Development,Electric,Sec 8,Yes,Apartment,Wiring,Fuse Blows Out,Entrance/Foyer,High
Department of Housing Preservation and Development,Electric,Sec 8,Yes,Apartment,Wiring,Fuse Blows Out,Kitchen,High
Department of Housing Preservation and Development,Electric,Sec 8,Yes,Apartment,Wiring,Fuse Blows Out,Living Room,High
Department of Housing Preservation and Development,Electric,Sec 8,Yes,Apartment,Wiring,Fuse Blows Out,Bedroom,High
Department of Housing Preservation and Development,Electric,Sec 8,Yes,Apartment,Wiring,Fuse Blows Out,Bathroom,High
Department of Housing Preservation and Development,Electric,Sec 8,Yes,Apartment,Wiring,Fuse Blows Out,Private Hall,High
Department of Housing Preservation and Development,Electric,Sec 8,Yes,Apartment,Wiring,Fuse Blows Out,Other Room/Area,High
Department of Housing Preservation and Development,Electric,Sec 8,Yes,Apartment,Wiring,Illegal,Other Room/Area,High
Department of Housing Preservation and Development,Electric,Sec 8,Yes,Apartment,Wiring,Illegal,Private Hall,High
Department of Housing Preservation and Development,Electric,Sec 8,Yes,Apartment,Wiring,Illegal,Bathroom,High
Department of Housing Preservation and Development,Electric,Sec 8,Yes,Apartment,Wiring,Illegal,Bedroom,High
Department of Housing Preservation and Development,Electric,Sec 8,Yes,Apartment,Wiring,Illegal,Living Room,High
Department of Housing Preservation and Development,Electric,Sec 8,Yes,Apartment,Wiring,Illegal,Kitchen,High
Department of Housing Preservation and Development,Electric,Sec 8,Yes,Apartment,Wiring,Illegal,Entrance/Foyer,High
Department of Housing Preservation and Development,Electric,Sec 8,Yes,Apartment,Wiring,Illegal,Entire Apartment,High
Department of Housing Preservation and Development,Electric,DAMP,Yes,Public Area,Lighting,Dims or Flickers,Stairs,Low
Department of Housing Preservation and Development,Electric,DAMP,Yes,Public Area,Lighting,Dims or Flickers,Other Room/Area,Low
Department of Housing Preservation and Development,Electric,DAMP,Yes,Public Area,Lighting,Dims or Flickers,Yard,Low
Department of Housing Preservation and Development,Electric,DAMP,Yes,Public Area,Lighting,Dims or Flickers,Storage Room,Low
Department of Housing Preservation and Development,Electric,DAMP,Yes,Public Area,Lighting,Dims or Flickers,Stoop,Low
Department of Housing Preservation and Development,Electric,DAMP,Yes,Public Area,Lighting,Dims or Flickers,Fire Stairs/Tower,Low
Department of Housing Preservation and Development,Electric,DAMP,Yes,Public Area,Lighting,Dims or Flickers,Hallway,Low
Department of Housing Preservation and Development,Electric,DAMP,Yes,Public Area,Lighting,Dims or Flickers,Kitchen,Low
Department of Housing Preservation and Development,Electric,DAMP,Yes,Public Area,Lighting,Dims or Flickers,Fire Exit/Passageway,Low
Department of Housing Preservation and Development,Electric,DAMP,Yes,Public Area,Lighting,Dims or Flickers,Meter Room,Low
Department of Housing Preservation and Development,Electric,DAMP,Yes,Public Area,Lighting,Dims or Flickers,Lobby,Low
Department of Housing Preservation and Development,Electric,DAMP,Yes,Public Area,Lighting,Dims or Flickers,Laundry Room,Low
Department of Housing Preservation and Development,Electric,DAMP,Yes,Public Area,Lighting,Dims or Flickers,Courtyard,Low
Department of Housing Preservation and Development,Electric,DAMP,Yes,Public Area,Lighting,Dims or Flickers,Cellar,Low
Department of Housing Preservation and Development,Electric,DAMP,Yes,Public Area,Lighting,Dims or Flickers,Compactor Closet,Low
Department of Housing Preservation and Development,Electric,DAMP,Yes,Public Area,Lighting,Dims or Flickers,Boiler Room,Low
Department of Housing Preservation and Development,Electric,DAMP,Yes,Public Area,Lighting,Dims or Flickers,Building Entrance,Low
Department of Housing Preservation and Development,Electric,DAMP,Yes,Public Area,Lighting,Dims or Flickers,Bathroom,Low
Department of Housing Preservation and Development,Electric,DAMP,Yes,Public Area,Lighting,Dims or Flickers,Basement,Low
Department of Housing Preservation and Development,Electric,DAMP,Yes,Public Area,Lighting,Fixture Missing/Hanging/Loose,Basement,Medium
Department of Housing Preservation and Development,Electric,DAMP,Yes,Public Area,Lighting,Fixture Missing/Hanging/Loose,Bathroom,Medium
Department of Housing Preservation and Development,Electric,DAMP,Yes,Public Area,Lighting,Fixture Missing/Hanging/Loose,Building Entrance,Medium
Department of Housing Preservation and Development,Electric,DAMP,Yes,Public Area,Lighting,Fixture Missing/Hanging/Loose,Boiler Room,Medium
Department of Housing Preservation and Development,Electric,DAMP,Yes,Public Area,Lighting,Fixture Missing/Hanging/Loose,Compactor Closet,Medium
Department of Housing Preservation and Development,Electric,DAMP,Yes,Public Area,Lighting,Fixture Missing/Hanging/Loose,Cellar,Medium
Department of Housing Preservation and Development,Electric,DAMP,Yes,Public Area,Lighting,Fixture Missing/Hanging/Loose,Courtyard,Medium
Department of Housing Preservation and Development,Electric,DAMP,Yes,Public Area,Lighting,Fixture Missing/Hanging/Loose,Laundry Room,Medium
Department of Housing Preservation and Development,Electric,DAMP,Yes,Public Area,Lighting,Fixture Missing/Hanging/Loose,Lobby,Medium
Department of Housing Preservation and Development,Electric,DAMP,Yes,Public Area,Lighting,Fixture Missing/Hanging/Loose,Meter Room,Medium
Department of Housing Preservation and Development,Electric,DAMP,Yes,Public Area,Lighting,Fixture Missing/Hanging/Loose,Fire Exit/Passageway,Medium
Department of Housing Preservation and Development,Electric,DAMP,Yes,Public Area,Lighting,Fixture Missing/Hanging/Loose,Kitchen,Medium
Department of Housing Preservation and Development,Electric,DAMP,Yes,Public Area,Lighting,Fixture Missing/Hanging/Loose,Hallway,Medium
Department of Housing Preservation and Development,Electric,DAMP,Yes,Public Area,Lighting,Fixture Missing/Hanging/Loose,Fire Stairs/Tower,Medium
Department of Housing Preservation and Development,Electric,DAMP,Yes,Public Area,Lighting,Fixture Missing/Hanging/Loose,Stoop,Medium
Department of Housing Preservation and Development,Electric,DAMP,Yes,Public Area,Lighting,Fixture Missing/Hanging/Loose,Storage Room,Medium
Department of Housing Preservation and Development,Electric,DAMP,Yes,Public Area,Lighting,Fixture Missing/Hanging/Loose,Yard,Medium
Department of Housing Preservation and Development,Electric,DAMP,Yes,Public Area,Lighting,Fixture Missing/Hanging/Loose,Other Room/Area,Medium
Department of Housing Preservation and Development,Electric,DAMP,Yes,Public Area,Lighting,Fixture Missing/Hanging/Loose,Stairs,Medium
Department of Housing Preservation and Development,Electric,DAMP,Yes,Public Area,Lighting,Fixture Sparks When Turned On,Stairs,High
Department of Housing Preservation and Development,Electric,DAMP,Yes,Public Area,Lighting,Fixture Sparks When Turned On,Other Room/Area,High
Department of Housing Preservation and Development,Electric,DAMP,Yes,Public Area,Lighting,Fixture Sparks When Turned On,Yard,High
Department of Housing Preservation and Development,Electric,DAMP,Yes,Public Area,Lighting,Fixture Sparks When Turned On,Storage Room,High
Department of Housing Preservation and Development,Electric,DAMP,Yes,Public Area,Lighting,Fixture Sparks When Turned On,Stoop,High
Department of Housing Preservation and Development,Electric,DAMP,Yes,Public Area,Lighting,Fixture Sparks When Turned On,Fire Stairs/Tower,High
Department of Housing Preservation and Development,Electric,DAMP,Yes,Public Area,Lighting,Fixture Sparks When Turned On,Hallway,High
Department of Housing Preservation and Development,Electric,DAMP,Yes,Public Area,Lighting,Fixture Sparks When Turned On,Fire Exit/Passageway,High
Department of Housing Preservation and Development,Electric,DAMP,Yes,Public Area,Lighting,Fixture Sparks When Turned On,Meter Room,High
Department of Housing Preservation and Development,Electric,DAMP,Yes,Public Area,Lighting,Fixture Sparks When Turned On,Lobby,High
Department of Housing Preservation and Development,Electric,DAMP,Yes,Public Area,Lighting,Fixture Sparks When Turned On,Laundry Room,High
Department of Housing Preservation and Development,Electric,DAMP,Yes,Public Area,Lighting,Fixture Sparks When Turned On,Kitchen,High
Department of Housing Preservation and Development,Electric,DAMP,Yes,Public Area,Lighting,Fixture Sparks When Turned On,Courtyard,High
Department of Housing Preservation and Development,Electric,DAMP,Yes,Public Area,Lighting,Fixture Sparks When Turned On,Cellar,High
Department of Housing Preservation and Development,Electric,DAMP,Yes,Public Area,Lighting,Fixture Sparks When Turned On,Compactor Closet,High
Department of Housing Preservation and Development,Electric,DAMP,Yes,Public Area,Lighting,Fixture Sparks When Turned On,Boiler Room,High
Department of Housing Preservation and Development,Electric,DAMP,Yes,Public Area,Lighting,Fixture Sparks When Turned On,Building Entrance,High
Department of Housing Preservation and Development,Electric,DAMP,Yes,Public Area,Lighting,Fixture Sparks When Turned On,Bathroom,High
Department of Housing Preservation and Development,Electric,DAMP,Yes,Public Area,Lighting,Fixture Sparks When Turned On,Basement,High
Department of Housing Preservation and Development,Electric,DAMP,Yes,Public Area,Lighting,Fixture Wet or Flooded,Basement,Medium
Department of Housing Preservation and Development,Electric,DAMP,Yes,Public Area,Lighting,Fixture Wet or Flooded,Bathroom,Medium
Department of Housing Preservation and Development,Electric,DAMP,Yes,Public Area,Lighting,Fixture Wet or Flooded,Building Entrance,Medium
Department of Housing Preservation and Development,Electric,DAMP,Yes,Public Area,Lighting,Fixture Wet or Flooded,Boiler Room,Medium
Department of Housing Preservation and Development,Electric,DAMP,Yes,Public Area,Lighting,Fixture Wet or Flooded,Compactor Closet,Medium
Department of Housing Preservation and Development,Electric,DAMP,Yes,Public Area,Lighting,Fixture Wet or Flooded,Cellar,Medium
Department of Housing Preservation and Development,Electric,DAMP,Yes,Public Area,Lighting,Fixture Wet or Flooded,Courtyard,Medium
Department of Housing Preservation and Development,Electric,DAMP,Yes,Public Area,Lighting,Fixture Wet or Flooded,Laundry Room,Medium
Department of Housing Preservation and Development,Electric,DAMP,Yes,Public Area,Lighting,Fixture Wet or Flooded,Lobby,Medium
Department of Housing Preservation and Development,Electric,DAMP,Yes,Public Area,Lighting,Fixture Wet or Flooded,Meter Room,Medium
Department of Housing Preservation and Development,Electric,DAMP,Yes,Public Area,Lighting,Fixture Wet or Flooded,Fire Exit/Passageway,Medium
Department of Housing Preservation and Development,Electric,DAMP,Yes,Public Area,Lighting,Fixture Wet or Flooded,Hallway,Medium
Department of Housing Preservation and Development,Electric,DAMP,Yes,Public Area,Lighting,Fixture Wet or Flooded,Fire Stairs/Tower,Medium
Department of Housing Preservation and Development,Electric,DAMP,Yes,Public Area,Lighting,Fixture Wet or Flooded,Kitchen,Medium
Department of Housing Preservation and Development,Electric,DAMP,Yes,Public Area,Lighting,Fixture Wet or Flooded,Stoop,Medium
Department of Housing Preservation and Development,Electric,DAMP,Yes,Public Area,Lighting,Fixture Wet or Flooded,Storage Room,Medium
Department of Housing Preservation and Development,Electric,DAMP,Yes,Public Area,Lighting,Fixture Wet or Flooded,Yard,Medium
Department of Housing Preservation and Development,Electric,DAMP,Yes,Public Area,Lighting,Fixture Wet or Flooded,Other Room/Area,Medium
Department of Housing Preservation and Development,Electric,DAMP,Yes,Public Area,Lighting,Fixture Wet or Flooded,Stairs,Medium
Department of Housing Preservation and Development,Electric,DAMP,Yes,Public Area,No Lighting,One Room or Area,Other Room/Area,Low
Department of Housing Preservation and Development,Electric,DAMP,Yes,Public Area,No Lighting,One Room or Area,Meter Room,Low
Department of Housing Preservation and Development,Electric,DAMP,Yes,Public Area,No Lighting,One Room or Area,Yard,Low
Department of Housing Preservation and Development,Electric,DAMP,Yes,Public Area,No Lighting,One Room or Area,Storage Room,Low
Department of Housing Preservation and Development,Electric,DAMP,Yes,Public Area,No Lighting,One Room or Area,Stairs,Low
Department of Housing Preservation and Development,Electric,DAMP,Yes,Public Area,No Lighting,One Room or Area,Fire Stairs/Tower,Low
Department of Housing Preservation and Development,Electric,DAMP,Yes,Public Area,No Lighting,One Room or Area,Hallway,Low
Department of Housing Preservation and Development,Electric,DAMP,Yes,Public Area,No Lighting,One Room or Area,Fire Exit/Passageway,Low
Department of Housing Preservation and Development,Electric,DAMP,Yes,Public Area,No Lighting,One Room or Area,Lobby,Low
Department of Housing Preservation and Development,Electric,DAMP,Yes,Public Area,No Lighting,One Room or Area,Kitchen,Low
Department of Housing Preservation and Development,Electric,DAMP,Yes,Public Area,No Lighting,One Room or Area,Courtyard,Low
Department of Housing Preservation and Development,Electric,DAMP,Yes,Public Area,No Lighting,One Room or Area,Cellar,Low
Department of Housing Preservation and Development,Electric,DAMP,Yes,Public Area,No Lighting,One Room or Area,Compactor Closet,Low
Department of Housing Preservation and Development,Electric,DAMP,Yes,Public Area,No Lighting,One Room or Area,Boiler Room,Low
Department of Housing Preservation and Development,Electric,DAMP,Yes,Public Area,No Lighting,One Room or Area,Building Entrance,Low
Department of Housing Preservation and Development,Electric,DAMP,Yes,Public Area,No Lighting,One Room or Area,Basement,Low
Department of Housing Preservation and Development,Electric,DAMP,Yes,Public Area,No Lighting,One Room or Area,Bathroom,Low
Department of Housing Preservation and Development,Electric,DAMP,Yes,Public Area,Outlet/Switch,Outlet Sealed or Defective,Bathroom,Medium
Department of Housing Preservation and Development,Electric,DAMP,Yes,Public Area,Outlet/Switch,Outlet Sealed or Defective,Basement,Medium
Department of Housing Preservation and Development,Electric,DAMP,Yes,Public Area,Outlet/Switch,Outlet Sealed or Defective,Boiler Room,Medium
Department of Housing Preservation and Development,Electric,DAMP,Yes,Public Area,Outlet/Switch,Outlet Sealed or Defective,Compactor Closet,Medium
Department of Housing Preservation and Development,Electric,DAMP,Yes,Public Area,Outlet/Switch,Outlet Sealed or Defective,Cellar,Medium
Department of Housing Preservation and Development,Electric,DAMP,Yes,Public Area,Outlet/Switch,Outlet Sealed or Defective,Kitchen,Medium
Department of Housing Preservation and Development,Electric,DAMP,Yes,Public Area,Outlet/Switch,Outlet Sealed or Defective,Lobby,Medium
Department of Housing Preservation and Development,Electric,DAMP,Yes,Public Area,Outlet/Switch,Outlet Sealed or Defective,Hallway,Medium
Department of Housing Preservation and Development,Electric,DAMP,Yes,Public Area,Outlet/Switch,Outlet Sealed or Defective,Storage Room,Medium
Department of Housing Preservation and Development,Electric,DAMP,Yes,Public Area,Outlet/Switch,Outlet Sealed or Defective,Yard,Medium
Department of Housing Preservation and Development,Electric,DAMP,Yes,Public Area,Outlet/Switch,Outlet Sealed or Defective,Meter Room,Medium
Department of Housing Preservation and Development,Electric,DAMP,Yes,Public Area,Outlet/Switch,Outlet Sealed or Defective,Other Room/Area,Medium
Department of Housing Preservation and Development,Electric,DAMP,Yes,Public Area,Outlet/Switch,Outlet Sealed or Defective,Stairs,Medium
Department of Housing Preservation and Development,Electric,DAMP,Yes,Public Area,Wiring,Exposed,Stairs,Low
Department of Housing Preservation and Development,Electric,DAMP,Yes,Public Area,Wiring,Exposed,Other Room/Area,Low
Department of Housing Preservation and Development,Electric,DAMP,Yes,Public Area,Wiring,Exposed,Yard,Low
Department of Housing Preservation and Development,Electric,DAMP,Yes,Public Area,Wiring,Exposed,Storage Room,Low
Department of Housing Preservation and Development,Electric,DAMP,Yes,Public Area,Wiring,Exposed,Stoop,Low
Department of Housing Preservation and Development,Electric,DAMP,Yes,Public Area,Wiring,Exposed,Hallway,Low
Department of Housing Preservation and Development,Electric,DAMP,Yes,Public Area,Wiring,Exposed,Fire Stairs/Tower,Low
Department of Housing Preservation and Development,Electric,DAMP,Yes,Public Area,Wiring,Exposed,Kitchen,Low
Department of Housing Preservation and Development,Electric,DAMP,Yes,Public Area,Wiring,Exposed,Fire Exit/Passageway,Low
Department of Housing Preservation and Development,Electric,DAMP,Yes,Public Area,Wiring,Exposed,Lobby,Low
Department of Housing Preservation and Development,Electric,DAMP,Yes,Public Area,Wiring,Exposed,Meter Room,Low
Department of Housing Preservation and Development,Electric,DAMP,Yes,Public Area,Wiring,Exposed,Laundry Room,Low
Department of Housing Preservation and Development,Electric,DAMP,Yes,Public Area,Wiring,Exposed,Cellar,Low
Department of Housing Preservation and Development,Electric,DAMP,Yes,Public Area,Wiring,Exposed,Compactor Closet,Low
Department of Housing Preservation and Development,Electric,DAMP,Yes,Public Area,Wiring,Exposed,Courtyard,Low
Department of Housing Preservation and Development,Electric,DAMP,Yes,Public Area,Wiring,Exposed,Boiler Room,Low
Department of Housing Preservation and Development,Electric,DAMP,Yes,Public Area,Wiring,Exposed,Building Entrance,Low
Department of Housing Preservation and Development,Electric,DAMP,Yes,Public Area,Wiring,Exposed,Basement,Low
Department of Housing Preservation and Development,Electric,DAMP,Yes,Public Area,Wiring,Exposed,Bathroom,Low
Department of Housing Preservation and Development,Electric,DAMP,Yes,Public Area,Wiring,Illegal,Bathroom,High
Department of Housing Preservation and Development,Electric,DAMP,Yes,Public Area,Wiring,Illegal,Basement,High
Department of Housing Preservation and Development,Electric,DAMP,Yes,Public Area,Wiring,Illegal,Building Entrance,High
Department of Housing Preservation and Development,Electric,DAMP,Yes,Public Area,Wiring,Illegal,Boiler Room,High
Department of Housing Preservation and Development,Electric,DAMP,Yes,Public Area,Wiring,Illegal,Courtyard,High
Department of Housing Preservation and Development,Electric,DAMP,Yes,Public Area,Wiring,Illegal,Compactor Closet,High
Department of Housing Preservation and Development,Electric,DAMP,Yes,Public Area,Wiring,Illegal,Cellar,High
Department of Housing Preservation and Development,Electric,DAMP,Yes,Public Area,Wiring,Illegal,Laundry Room,High
Department of Housing Preservation and Development,Electric,DAMP,Yes,Public Area,Wiring,Illegal,Kitchen,High
Department of Housing Preservation and Development,Electric,DAMP,Yes,Public Area,Wiring,Illegal,Lobby,High
Department of Housing Preservation and Development,Electric,DAMP,Yes,Public Area,Wiring,Illegal,Fire Exit/Passageway,High
Department of Housing Preservation and Development,Electric,DAMP,Yes,Public Area,Wiring,Illegal,Fire Stairs/Tower,High
Department of Housing Preservation and Development,Electric,DAMP,Yes,Public Area,Wiring,Illegal,Hallway,High
Department of Housing Preservation and Development,Electric,DAMP,Yes,Public Area,Wiring,Illegal,Stoop,High
Department of Housing Preservation and Development,Electric,DAMP,Yes,Public Area,Wiring,Illegal,Storage Room,High
Department of Housing Preservation and Development,Electric,DAMP,Yes,Public Area,Wiring,Illegal,Yard,High
Department of Housing Preservation and Development,Electric,DAMP,Yes,Public Area,Wiring,Illegal,Other Room/Area,High
Department of Housing Preservation and Development,Electric,DAMP,Yes,Public Area,Wiring,Illegal,Meter Room,High
Department of Housing Preservation and Development,Electric,DAMP,Yes,Public Area,Wiring,Illegal,Stairs,High
Department of Housing Preservation and Development,Electric,PVT,Yes,Public Area,Lighting,Dims or Flickers,Stairs,Low
Department of Housing Preservation and Development,Electric,PVT,Yes,Public Area,Lighting,Dims or Flickers,Stoop,Low
Department of Housing Preservation and Development,Electric,PVT,Yes,Public Area,Lighting,Dims or Flickers,Yard,Low
Department of Housing Preservation and Development,Electric,PVT,Yes,Public Area,Lighting,Dims or Flickers,Storage Room,Low
Department of Housing Preservation and Development,Electric,PVT,Yes,Public Area,Lighting,Dims or Flickers,Other Room/Area,Low
Department of Housing Preservation and Development,Electric,PVT,Yes,Public Area,Lighting,Dims or Flickers,Meter Room,Low
Department of Housing Preservation and Development,Electric,PVT,Yes,Public Area,Lighting,Dims or Flickers,Fire Stairs/Tower,Low
Department of Housing Preservation and Development,Electric,PVT,Yes,Public Area,Lighting,Dims or Flickers,Hallway,Low
Department of Housing Preservation and Development,Electric,PVT,Yes,Public Area,Lighting,Dims or Flickers,Fire Exit/Passageway,Low
Department of Housing Preservation and Development,Electric,PVT,Yes,Public Area,Lighting,Dims or Flickers,Lobby,Low
Department of Housing Preservation and Development,Electric,PVT,Yes,Public Area,Lighting,Dims or Flickers,Laundry Room,Low
Department of Housing Preservation and Development,Electric,PVT,Yes,Public Area,Lighting,Dims or Flickers,Kitchen,Low
Department of Housing Preservation and Development,Electric,PVT,Yes,Public Area,Lighting,Dims or Flickers,Courtyard,Low
Department of Housing Preservation and Development,Electric,PVT,Yes,Public Area,Lighting,Dims or Flickers,Compactor Closet,Low
Department of Housing Preservation and Development,Electric,PVT,Yes,Public Area,Lighting,Dims or Flickers,Cellar,Low
Department of Housing Preservation and Development,Electric,PVT,Yes,Public Area,Lighting,Dims or Flickers,Boiler Room,Low
Department of Housing Preservation and Development,Electric,PVT,Yes,Public Area,Lighting,Dims or Flickers,Building Entrance,Low
Department of Housing Preservation and Development,Electric,PVT,Yes,Public Area,Lighting,Dims or Flickers,Basement,Low
Department of Housing Preservation and Development,Electric,PVT,Yes,Public Area,Lighting,Dims or Flickers,Bathroom,Low
Department of Housing Preservation and Development,Electric,PVT,Yes,Public Area,Lighting,Fixture Missing/Hanging/Loose,Bathroom,Medium
Department of Housing Preservation and Development,Electric,PVT,Yes,Public Area,Lighting,Fixture Missing/Hanging/Loose,Basement,Medium
Department of Housing Preservation and Development,Electric,PVT,Yes,Public Area,Lighting,Fixture Missing/Hanging/Loose,Building Entrance,Medium
Department of Housing Preservation and Development,Electric,PVT,Yes,Public Area,Lighting,Fixture Missing/Hanging/Loose,Boiler Room,Medium
Department of Housing Preservation and Development,Electric,PVT,Yes,Public Area,Lighting,Fixture Missing/Hanging/Loose,Cellar,Medium
Department of Housing Preservation and Development,Electric,PVT,Yes,Public Area,Lighting,Fixture Missing/Hanging/Loose,Compactor Closet,Medium
Department of Housing Preservation and Development,Electric,PVT,Yes,Public Area,Lighting,Fixture Missing/Hanging/Loose,Courtyard,Medium
Department of Housing Preservation and Development,Electric,PVT,Yes,Public Area,Lighting,Fixture Missing/Hanging/Loose,Kitchen,Medium
Department of Housing Preservation and Development,Electric,PVT,Yes,Public Area,Lighting,Fixture Missing/Hanging/Loose,Laundry Room,Medium
Department of Housing Preservation and Development,Electric,PVT,Yes,Public Area,Lighting,Fixture Missing/Hanging/Loose,Lobby,Medium
Department of Housing Preservation and Development,Electric,PVT,Yes,Public Area,Lighting,Fixture Missing/Hanging/Loose,Fire Exit/Passageway,Medium
Department of Housing Preservation and Development,Electric,PVT,Yes,Public Area,Lighting,Fixture Missing/Hanging/Loose,Hallway,Medium
Department of Housing Preservation and Development,Electric,PVT,Yes,Public Area,Lighting,Fixture Missing/Hanging/Loose,Fire Stairs/Tower,Medium
Department of Housing Preservation and Development,Electric,PVT,Yes,Public Area,Lighting,Fixture Missing/Hanging/Loose,Meter Room,Medium
Department of Housing Preservation and Development,Electric,PVT,Yes,Public Area,Lighting,Fixture Missing/Hanging/Loose,Other Room/Area,Medium
Department of Housing Preservation and Development,Electric,PVT,Yes,Public Area,Lighting,Fixture Missing/Hanging/Loose,Storage Room,Medium
Department of Housing Preservation and Development,Electric,PVT,Yes,Public Area,Lighting,Fixture Missing/Hanging/Loose,Yard,Medium
Department of Housing Preservation and Development,Electric,PVT,Yes,Public Area,Lighting,Fixture Missing/Hanging/Loose,Stoop,Medium
Department of Housing Preservation and Development,Electric,PVT,Yes,Public Area,Lighting,Fixture Missing/Hanging/Loose,Stairs,Medium
Department of Housing Preservation and Development,Electric,PVT,Yes,Public Area,Lighting,Fixture Sparks When Turned On,Stairs,High
Department of Housing Preservation and Development,Electric,PVT,Yes,Public Area,Lighting,Fixture Sparks When Turned On,Stoop,High
Department of Housing Preservation and Development,Electric,PVT,Yes,Public Area,Lighting,Fixture Sparks When Turned On,Yard,High
Department of Housing Preservation and Development,Electric,PVT,Yes,Public Area,Lighting,Fixture Sparks When Turned On,Storage Room,High
Department of Housing Preservation and Development,Electric,PVT,Yes,Public Area,Lighting,Fixture Sparks When Turned On,Other Room/Area,High
Department of Housing Preservation and Development,Electric,PVT,Yes,Public Area,Lighting,Fixture Sparks When Turned On,Meter Room,High
Department of Housing Preservation and Development,Electric,PVT,Yes,Public Area,Lighting,Fixture Sparks When Turned On,Fire Stairs/Tower,High
Department of Housing Preservation and Development,Electric,PVT,Yes,Public Area,Lighting,Fixture Sparks When Turned On,Hallway,High
Department of Housing Preservation and Development,Electric,PVT,Yes,Public Area,Lighting,Fixture Sparks When Turned On,Fire Exit/Passageway,High
Department of Housing Preservation and Development,Electric,PVT,Yes,Public Area,Lighting,Fixture Sparks When Turned On,Lobby,High
Department of Housing Preservation and Development,Electric,PVT,Yes,Public Area,Lighting,Fixture Sparks When Turned On,Laundry Room,High
Department of Housing Preservation and Development,Electric,PVT,Yes,Public Area,Lighting,Fixture Sparks When Turned On,Kitchen,High
Department of Housing Preservation and Development,Electric,PVT,Yes,Public Area,Lighting,Fixture Sparks When Turned On,Courtyard,High
Department of Housing Preservation and Development,Electric,PVT,Yes,Public Area,Lighting,Fixture Sparks When Turned On,Compactor Closet,High
Department of Housing Preservation and Development,Electric,PVT,Yes,Public Area,Lighting,Fixture Sparks When Turned On,Cellar,High
Department of Housing Preservation and Development,Electric,PVT,Yes,Public Area,Lighting,Fixture Sparks When Turned On,Boiler Room,High
Department of Housing Preservation and Development,Electric,PVT,Yes,Public Area,Lighting,Fixture Sparks When Turned On,Building Entrance,High
Department of Housing Preservation and Development,Electric,PVT,Yes,Public Area,Lighting,Fixture Sparks When Turned On,Basement,High
Department of Housing Preservation and Development,Electric,PVT,Yes,Public Area,Lighting,Fixture Sparks When Turned On,Bathroom,High
Department of Housing Preservation and Development,Electric,PVT,Yes,Public Area,Lighting,Fixture Wet or Flooded,Bathroom,Medium
Department of Housing Preservation and Development,Electric,PVT,Yes,Public Area,Lighting,Fixture Wet or Flooded,Basement,Medium
Department of Housing Preservation and Development,Electric,PVT,Yes,Public Area,Lighting,Fixture Wet or Flooded,Building Entrance,Medium
Department of Housing Preservation and Development,Electric,PVT,Yes,Public Area,Lighting,Fixture Wet or Flooded,Boiler Room,Medium
Department of Housing Preservation and Development,Electric,PVT,Yes,Public Area,Lighting,Fixture Wet or Flooded,Cellar,Medium
Department of Housing Preservation and Development,Electric,PVT,Yes,Public Area,Lighting,Fixture Wet or Flooded,Compactor Closet,Medium
Department of Housing Preservation and Development,Electric,PVT,Yes,Public Area,Lighting,Fixture Wet or Flooded,Courtyard,Medium
Department of Housing Preservation and Development,Electric,PVT,Yes,Public Area,Lighting,Fixture Wet or Flooded,Kitchen,Medium
Department of Housing Preservation and Development,Electric,PVT,Yes,Public Area,Lighting,Fixture Wet or Flooded,Laundry Room,Medium
Department of Housing Preservation and Development,Electric,PVT,Yes,Public Area,Lighting,Fixture Wet or Flooded,Lobby,Medium
Department of Housing Preservation and Development,Electric,PVT,Yes,Public Area,Lighting,Fixture Wet or Flooded,Fire Exit/Passageway,Medium
Department of Housing Preservation and Development,Electric,PVT,Yes,Public Area,Lighting,Fixture Wet or Flooded,Hallway,Medium
Department of Housing Preservation and Development,Electric,PVT,Yes,Public Area,Lighting,Fixture Wet or Flooded,Fire Stairs/Tower,Medium
Department of Housing Preservation and Development,Electric,PVT,Yes,Public Area,Lighting,Fixture Wet or Flooded,Meter Room,Medium
Department of Housing Preservation and Development,Electric,PVT,Yes,Public Area,Lighting,Fixture Wet or Flooded,Other Room/Area,Medium
Department of Housing Preservation and Development,Electric,PVT,Yes,Public Area,Lighting,Fixture Wet or Flooded,Storage Room,Medium
Department of Housing Preservation and Development,Electric,PVT,Yes,Public Area,Lighting,Fixture Wet or Flooded,Yard,Medium
Department of Housing Preservation and Development,Electric,PVT,Yes,Public Area,Lighting,Fixture Wet or Flooded,Stoop,Medium
Department of Housing Preservation and Development,Electric,PVT,Yes,Public Area,Lighting,Fixture Wet or Flooded,Stairs,Medium
Department of Housing Preservation and Development,Electric,PVT,Yes,Public Area,No Lighting,One Room or Area,Stairs,Low
Department of Housing Preservation and Development,Electric,PVT,Yes,Public Area,No Lighting,One Room or Area,Storage Room,Low
Department of Housing Preservation and Development,Electric,PVT,Yes,Public Area,No Lighting,One Room or Area,Yard,Low
Department of Housing Preservation and Development,Electric,PVT,Yes,Public Area,No Lighting,One Room or Area,Other Room/Area,Low
Department of Housing Preservation and Development,Electric,PVT,Yes,Public Area,No Lighting,One Room or Area,Meter Room,Low
Department of Housing Preservation and Development,Electric,PVT,Yes,Public Area,No Lighting,One Room or Area,Fire Stairs/Tower,Low
Department of Housing Preservation and Development,Electric,PVT,Yes,Public Area,No Lighting,One Room or Area,Hallway,Low
Department of Housing Preservation and Development,Electric,PVT,Yes,Public Area,No Lighting,One Room or Area,Fire Exit/Passageway,Low
Department of Housing Preservation and Development,Electric,PVT,Yes,Public Area,No Lighting,One Room or Area,Lobby,Low
Department of Housing Preservation and Development,Electric,PVT,Yes,Public Area,No Lighting,One Room or Area,Kitchen,Low
Department of Housing Preservation and Development,Electric,PVT,Yes,Public Area,No Lighting,One Room or Area,Compactor Closet,Low
Department of Housing Preservation and Development,Electric,PVT,Yes,Public Area,No Lighting,One Room or Area,Courtyard,Low
Department of Housing Preservation and Development,Electric,PVT,Yes,Public Area,No Lighting,One Room or Area,Cellar,Low
Department of Housing Preservation and Development,Electric,PVT,Yes,Public Area,No Lighting,One Room or Area,Boiler Room,Low
Department of Housing Preservation and Development,Electric,PVT,Yes,Public Area,No Lighting,One Room or Area,Building Entrance,Low
Department of Housing Preservation and Development,Electric,PVT,Yes,Public Area,No Lighting,One Room or Area,Basement,Low
Department of Housing Preservation and Development,Electric,PVT,Yes,Public Area,No Lighting,One Room or Area,Bathroom,Low
Department of Housing Preservation and Development,Electric,PVT,Yes,Public Area,Outlet/Switch,Outlet Sealed or Defective,Bathroom,Medium
Department of Housing Preservation and Development,Electric,PVT,Yes,Public Area,Outlet/Switch,Outlet Sealed or Defective,Basement,Medium
Department of Housing Preservation and Development,Electric,PVT,Yes,Public Area,Outlet/Switch,Outlet Sealed or Defective,Boiler Room,Medium
Department of Housing Preservation and Development,Electric,PVT,Yes,Public Area,Outlet/Switch,Outlet Sealed or Defective,Cellar,Medium
Department of Housing Preservation and Development,Electric,PVT,Yes,Public Area,Outlet/Switch,Outlet Sealed or Defective,Compactor Closet,Medium
Department of Housing Preservation and Development,Electric,PVT,Yes,Public Area,Outlet/Switch,Outlet Sealed or Defective,Kitchen,Medium
Department of Housing Preservation and Development,Electric,PVT,Yes,Public Area,Outlet/Switch,Outlet Sealed or Defective,Lobby,Medium
Department of Housing Preservation and Development,Electric,PVT,Yes,Public Area,Outlet/Switch,Outlet Sealed or Defective,Hallway,Medium
Department of Housing Preservation and Development,Electric,PVT,Yes,Public Area,Outlet/Switch,Outlet Sealed or Defective,Meter Room,Medium
Department of Housing Preservation and Development,Electric,PVT,Yes,Public Area,Outlet/Switch,Outlet Sealed or Defective,Other Room/Area,Medium
Department of Housing Preservation and Development,Electric,PVT,Yes,Public Area,Outlet/Switch,Outlet Sealed or Defective,Yard,Medium
Department of Housing Preservation and Development,Electric,PVT,Yes,Public Area,Outlet/Switch,Outlet Sealed or Defective,Storage Room,Medium
Department of Housing Preservation and Development,Electric,PVT,Yes,Public Area,Outlet/Switch,Outlet Sealed or Defective,Stairs,Medium
Department of Housing Preservation and Development,Electric,PVT,Yes,Public Area,Wiring,Exposed,Stairs,Low
Department of Housing Preservation and Development,Electric,PVT,Yes,Public Area,Wiring,Exposed,Stoop,Low
Department of Housing Preservation and Development,Electric,PVT,Yes,Public Area,Wiring,Exposed,Storage Room,Low
Department of Housing Preservation and Development,Electric,PVT,Yes,Public Area,Wiring,Exposed,Yard,Low
Department of Housing Preservation and Development,Electric,PVT,Yes,Public Area,Wiring,Exposed,Other Room/Area,Low
Department of Housing Preservation and Development,Electric,PVT,Yes,Public Area,Wiring,Exposed,Meter Room,Low
Department of Housing Preservation and Development,Electric,PVT,Yes,Public Area,Wiring,Exposed,Hallway,Low
Department of Housing Preservation and Development,Electric,PVT,Yes,Public Area,Wiring,Exposed,Fire Stairs/Tower,Low
Department of Housing Preservation and Development,Electric,PVT,Yes,Public Area,Wiring,Exposed,Fire Exit/Passageway,Low
Department of Housing Preservation and Development,Electric,PVT,Yes,Public Area,Wiring,Exposed,Lobby,Low
Department of Housing Preservation and Development,Electric,PVT,Yes,Public Area,Wiring,Exposed,Laundry Room,Low
Department of Housing Preservation and Development,Electric,PVT,Yes,Public Area,Wiring,Exposed,Kitchen,Low
Department of Housing Preservation and Development,Electric,PVT,Yes,Public Area,Wiring,Exposed,Compactor Closet,Low
Department of Housing Preservation and Development,Electric,PVT,Yes,Public Area,Wiring,Exposed,Courtyard,Low
Department of Housing Preservation and Development,Electric,PVT,Yes,Public Area,Wiring,Exposed,Cellar,Low
Department of Housing Preservation and Development,Electric,PVT,Yes,Public Area,Wiring,Exposed,Boiler Room,Low
Department of Housing Preservation and Development,Electric,PVT,Yes,Public Area,Wiring,Exposed,Building Entrance,Low
Department of Housing Preservation and Development,Electric,PVT,Yes,Public Area,Wiring,Exposed,Basement,Low
Department of Housing Preservation and Development,Electric,PVT,Yes,Public Area,Wiring,Exposed,Bathroom,Low
Department of Housing Preservation and Development,Electric,PVT,Yes,Public Area,Wiring,Illegal,Bathroom,High
Department of Housing Preservation and Development,Electric,PVT,Yes,Public Area,Wiring,Illegal,Basement,High
Department of Housing Preservation and Development,Electric,PVT,Yes,Public Area,Wiring,Illegal,Building Entrance,High
Department of Housing Preservation and Development,Electric,PVT,Yes,Public Area,Wiring,Illegal,Boiler Room,High
Department of Housing Preservation and Development,Electric,PVT,Yes,Public Area,Wiring,Illegal,Cellar,High
Department of Housing Preservation and Development,Electric,PVT,Yes,Public Area,Wiring,Illegal,Courtyard,High
Department of Housing Preservation and Development,Electric,PVT,Yes,Public Area,Wiring,Illegal,Compactor Closet,High
Department of Housing Preservation and Development,Electric,PVT,Yes,Public Area,Wiring,Illegal,Kitchen,High
Department of Housing Preservation and Development,Electric,PVT,Yes,Public Area,Wiring,Illegal,Laundry Room,High
Department of Housing Preservation and Development,Electric,PVT,Yes,Public Area,Wiring,Illegal,Lobby,High
Department of Housing Preservation and Development,Electric,PVT,Yes,Public Area,Wiring,Illegal,Fire Exit/Passageway,High
Department of Housing Preservation and Development,Electric,PVT,Yes,Public Area,Wiring,Illegal,Fire Stairs/Tower,High
Department of Housing Preservation and Development,Electric,PVT,Yes,Public Area,Wiring,Illegal,Hallway,High
Department of Housing Preservation and Development,Electric,PVT,Yes,Public Area,Wiring,Illegal,Meter Room,High
Department of Housing Preservation and Development,Electric,PVT,Yes,Public Area,Wiring,Illegal,Other Room/Area,High
Department of Housing Preservation and Development,Electric,PVT,Yes,Public Area,Wiring,Illegal,Yard,High
Department of Housing Preservation and Development,Electric,PVT,Yes,Public Area,Wiring,Illegal,Storage Room,High
Department of Housing Preservation and Development,Electric,PVT,Yes,Public Area,Wiring,Illegal,Stoop,High
Department of Housing Preservation and Development,Electric,PVT,Yes,Public Area,Wiring,Illegal,Stairs,High
Department of Housing Preservation and Development,Electric,DPM,Yes,Public Area,Lighting,Dims or Flickers,Stairs,Low
Department of Housing Preservation and Development,Electric,DPM,Yes,Public Area,Lighting,Dims or Flickers,Other Room/Area,Low
Department of Housing Preservation and Development,Electric,DPM,Yes,Public Area,Lighting,Dims or Flickers,Yard,Low
Department of Housing Preservation and Development,Electric,DPM,Yes,Public Area,Lighting,Dims or Flickers,Storage Room,Low
Department of Housing Preservation and Development,Electric,DPM,Yes,Public Area,Lighting,Dims or Flickers,Stoop,Low
Department of Housing Preservation and Development,Electric,DPM,Yes,Public Area,Lighting,Dims or Flickers,Hallway,Low
Department of Housing Preservation and Development,Electric,DPM,Yes,Public Area,Lighting,Dims or Flickers,Kitchen,Low
Department of Housing Preservation and Development,Electric,DPM,Yes,Public Area,Lighting,Dims or Flickers,Fire Exit/Passageway,Low
Department of Housing Preservation and Development,Electric,DPM,Yes,Public Area,Lighting,Dims or Flickers,Fire Stairs/Tower,Low
Department of Housing Preservation and Development,Electric,DPM,Yes,Public Area,Lighting,Dims or Flickers,Laundry Room,Low
Department of Housing Preservation and Development,Electric,DPM,Yes,Public Area,Lighting,Dims or Flickers,Lobby,Low
Department of Housing Preservation and Development,Electric,DPM,Yes,Public Area,Lighting,Dims or Flickers,Meter Room,Low
Department of Housing Preservation and Development,Electric,DPM,Yes,Public Area,Lighting,Dims or Flickers,Courtyard,Low
Department of Housing Preservation and Development,Electric,DPM,Yes,Public Area,Lighting,Dims or Flickers,Compactor Closet,Low
Department of Housing Preservation and Development,Electric,DPM,Yes,Public Area,Lighting,Dims or Flickers,Boiler Room,Low
Department of Housing Preservation and Development,Electric,DPM,Yes,Public Area,Lighting,Dims or Flickers,Building Entrance,Low
Department of Housing Preservation and Development,Electric,DPM,Yes,Public Area,Lighting,Dims or Flickers,Cellar,Low
Department of Housing Preservation and Development,Electric,DPM,Yes,Public Area,Lighting,Dims or Flickers,Basement,Low
Department of Housing Preservation and Development,Electric,DPM,Yes,Public Area,Lighting,Dims or Flickers,Bathroom,Low
Department of Housing Preservation and Development,Electric,DPM,Yes,Public Area,Lighting,Fixture Missing/Hanging/Loose,Bathroom,Medium
Department of Housing Preservation and Development,Electric,DPM,Yes,Public Area,Lighting,Fixture Missing/Hanging/Loose,Basement,Medium
Department of Housing Preservation and Development,Electric,DPM,Yes,Public Area,Lighting,Fixture Missing/Hanging/Loose,Cellar,Medium
Department of Housing Preservation and Development,Electric,DPM,Yes,Public Area,Lighting,Fixture Missing/Hanging/Loose,Building Entrance,Medium
Department of Housing Preservation and Development,Electric,DPM,Yes,Public Area,Lighting,Fixture Missing/Hanging/Loose,Boiler Room,Medium
Department of Housing Preservation and Development,Electric,DPM,Yes,Public Area,Lighting,Fixture Missing/Hanging/Loose,Compactor Closet,Medium
Department of Housing Preservation and Development,Electric,DPM,Yes,Public Area,Lighting,Fixture Missing/Hanging/Loose,Courtyard,Medium
Department of Housing Preservation and Development,Electric,DPM,Yes,Public Area,Lighting,Fixture Missing/Hanging/Loose,Meter Room,Medium
Department of Housing Preservation and Development,Electric,DPM,Yes,Public Area,Lighting,Fixture Missing/Hanging/Loose,Lobby,Medium
Department of Housing Preservation and Development,Electric,DPM,Yes,Public Area,Lighting,Fixture Missing/Hanging/Loose,Laundry Room,Medium
Department of Housing Preservation and Development,Electric,DPM,Yes,Public Area,Lighting,Fixture Missing/Hanging/Loose,Fire Exit/Passageway,Medium
Department of Housing Preservation and Development,Electric,DPM,Yes,Public Area,Lighting,Fixture Missing/Hanging/Loose,Kitchen,Medium
Department of Housing Preservation and Development,Electric,DPM,Yes,Public Area,Lighting,Fixture Missing/Hanging/Loose,Hallway,Medium
Department of Housing Preservation and Development,Electric,DPM,Yes,Public Area,Lighting,Fixture Missing/Hanging/Loose,Fire Stairs/Tower,Medium
Department of Housing Preservation and Development,Electric,DPM,Yes,Public Area,Lighting,Fixture Missing/Hanging/Loose,Stoop,Medium
Department of Housing Preservation and Development,Electric,DPM,Yes,Public Area,Lighting,Fixture Missing/Hanging/Loose,Storage Room,Medium
Department of Housing Preservation and Development,Electric,DPM,Yes,Public Area,Lighting,Fixture Missing/Hanging/Loose,Yard,Medium
Department of Housing Preservation and Development,Electric,DPM,Yes,Public Area,Lighting,Fixture Missing/Hanging/Loose,Other Room/Area,Medium
Department of Housing Preservation and Development,Electric,DPM,Yes,Public Area,Lighting,Fixture Missing/Hanging/Loose,Stairs,Medium
Department of Housing Preservation and Development,Electric,DPM,Yes,Public Area,Lighting,Fixture Sparks When Turned On,Stairs,High
Department of Housing Preservation and Development,Electric,DPM,Yes,Public Area,Lighting,Fixture Sparks When Turned On,Other Room/Area,High
Department of Housing Preservation and Development,Electric,DPM,Yes,Public Area,Lighting,Fixture Sparks When Turned On,Yard,High
Department of Housing Preservation and Development,Electric,DPM,Yes,Public Area,Lighting,Fixture Sparks When Turned On,Storage Room,High
Department of Housing Preservation and Development,Electric,DPM,Yes,Public Area,Lighting,Fixture Sparks When Turned On,Stoop,High
Department of Housing Preservation and Development,Electric,DPM,Yes,Public Area,Lighting,Fixture Sparks When Turned On,Fire Stairs/Tower,High
Department of Housing Preservation and Development,Electric,DPM,Yes,Public Area,Lighting,Fixture Sparks When Turned On,Hallway,High
Department of Housing Preservation and Development,Electric,DPM,Yes,Public Area,Lighting,Fixture Sparks When Turned On,Kitchen,High
Department of Housing Preservation and Development,Electric,DPM,Yes,Public Area,Lighting,Fixture Sparks When Turned On,Fire Exit/Passageway,High
Department of Housing Preservation and Development,Electric,DPM,Yes,Public Area,Lighting,Fixture Sparks When Turned On,Laundry Room,High
Department of Housing Preservation and Development,Electric,DPM,Yes,Public Area,Lighting,Fixture Sparks When Turned On,Lobby,High
Department of Housing Preservation and Development,Electric,DPM,Yes,Public Area,Lighting,Fixture Sparks When Turned On,Meter Room,High
Department of Housing Preservation and Development,Electric,DPM,Yes,Public Area,Lighting,Fixture Sparks When Turned On,Courtyard,High
Department of Housing Preservation and Development,Electric,DPM,Yes,Public Area,Lighting,Fixture Sparks When Turned On,Compactor Closet,High
Department of Housing Preservation and Development,Electric,DPM,Yes,Public Area,Lighting,Fixture Sparks When Turned On,Boiler Room,High
Department of Housing Preservation and Development,Electric,DPM,Yes,Public Area,Lighting,Fixture Sparks When Turned On,Building Entrance,High
Department of Housing Preservation and Development,Electric,DPM,Yes,Public Area,Lighting,Fixture Sparks When Turned On,Cellar,High
Department of Housing Preservation and Development,Electric,DPM,Yes,Public Area,Lighting,Fixture Sparks When Turned On,Basement,High
Department of Housing Preservation and Development,Electric,DPM,Yes,Public Area,Lighting,Fixture Sparks When Turned On,Bathroom,High
Department of Housing Preservation and Development,Electric,DPM,Yes,Public Area,Lighting,Fixture Wet or Flooded,Bathroom,Medium
Department of Housing Preservation and Development,Electric,DPM,Yes,Public Area,Lighting,Fixture Wet or Flooded,Basement,Medium
Department of Housing Preservation and Development,Electric,DPM,Yes,Public Area,Lighting,Fixture Wet or Flooded,Cellar,Medium
Department of Housing Preservation and Development,Electric,DPM,Yes,Public Area,Lighting,Fixture Wet or Flooded,Building Entrance,Medium
Department of Housing Preservation and Development,Electric,DPM,Yes,Public Area,Lighting,Fixture Wet or Flooded,Boiler Room,Medium
Department of Housing Preservation and Development,Electric,DPM,Yes,Public Area,Lighting,Fixture Wet or Flooded,Compactor Closet,Medium
Department of Housing Preservation and Development,Electric,DPM,Yes,Public Area,Lighting,Fixture Wet or Flooded,Courtyard,Medium
Department of Housing Preservation and Development,Electric,DPM,Yes,Public Area,Lighting,Fixture Wet or Flooded,Meter Room,Medium
Department of Housing Preservation and Development,Electric,DPM,Yes,Public Area,Lighting,Fixture Wet or Flooded,Lobby,Medium
Department of Housing Preservation and Development,Electric,DPM,Yes,Public Area,Lighting,Fixture Wet or Flooded,Laundry Room,Medium
Department of Housing Preservation and Development,Electric,DPM,Yes,Public Area,Lighting,Fixture Wet or Flooded,Fire Exit/Passageway,Medium
Department of Housing Preservation and Development,Electric,DPM,Yes,Public Area,Lighting,Fixture Wet or Flooded,Kitchen,Medium
Department of Housing Preservation and Development,Electric,DPM,Yes,Public Area,Lighting,Fixture Wet or Flooded,Hallway,Medium
Department of Housing Preservation and Development,Electric,DPM,Yes,Public Area,Lighting,Fixture Wet or Flooded,Fire Stairs/Tower,Medium
Department of Housing Preservation and Development,Electric,DPM,Yes,Public Area,Lighting,Fixture Wet or Flooded,Stoop,Medium
Department of Housing Preservation and Development,Electric,DPM,Yes,Public Area,Lighting,Fixture Wet or Flooded,Storage Room,Medium
Department of Housing Preservation and Development,Electric,DPM,Yes,Public Area,Lighting,Fixture Wet or Flooded,Yard,Medium
Department of Housing Preservation and Development,Electric,DPM,Yes,Public Area,Lighting,Fixture Wet or Flooded,Other Room/Area,Medium
Department of Housing Preservation and Development,Electric,DPM,Yes,Public Area,Lighting,Fixture Wet or Flooded,Stairs,Medium
Department of Housing Preservation and Development,Electric,DPM,Yes,Public Area,No Lighting,One Room or Area,Other Room/Area,Low
Department of Housing Preservation and Development,Electric,DPM,Yes,Public Area,No Lighting,One Room or Area,Yard,Low
Department of Housing Preservation and Development,Electric,DPM,Yes,Public Area,No Lighting,One Room or Area,Stairs,Low
Department of Housing Preservation and Development,Electric,DPM,Yes,Public Area,No Lighting,One Room or Area,Storage Room,Low
Department of Housing Preservation and Development,Electric,DPM,Yes,Public Area,No Lighting,One Room or Area,Fire Stairs/Tower,Low
Department of Housing Preservation and Development,Electric,DPM,Yes,Public Area,No Lighting,One Room or Area,Hallway,Low
Department of Housing Preservation and Development,Electric,DPM,Yes,Public Area,No Lighting,One Room or Area,Kitchen,Low
Department of Housing Preservation and Development,Electric,DPM,Yes,Public Area,No Lighting,One Room or Area,Fire Exit/Passageway,Low
Department of Housing Preservation and Development,Electric,DPM,Yes,Public Area,No Lighting,One Room or Area,Meter Room,Low
Department of Housing Preservation and Development,Electric,DPM,Yes,Public Area,No Lighting,One Room or Area,Lobby,Low
Department of Housing Preservation and Development,Electric,DPM,Yes,Public Area,No Lighting,One Room or Area,Courtyard,Low
Department of Housing Preservation and Development,Electric,DPM,Yes,Public Area,No Lighting,One Room or Area,Compactor Closet,Low
Department of Housing Preservation and Development,Electric,DPM,Yes,Public Area,No Lighting,One Room or Area,Boiler Room,Low
Department of Housing Preservation and Development,Electric,DPM,Yes,Public Area,No Lighting,One Room or Area,Cellar,Low
Department of Housing Preservation and Development,Electric,DPM,Yes,Public Area,No Lighting,One Room or Area,Building Entrance,Low
Department of Housing Preservation and Development,Electric,DPM,Yes,Public Area,No Lighting,One Room or Area,Basement,Low
Department of Housing Preservation and Development,Electric,DPM,Yes,Public Area,No Lighting,One Room or Area,Bathroom,Low
Department of Housing Preservation and Development,Electric,DPM,Yes,Public Area,Outlet/Switch,Outlet Sealed or Defective,Bathroom,Medium
Department of Housing Preservation and Development,Electric,DPM,Yes,Public Area,Outlet/Switch,Outlet Sealed or Defective,Basement,Medium
Department of Housing Preservation and Development,Electric,DPM,Yes,Public Area,Outlet/Switch,Outlet Sealed or Defective,Cellar,Medium
Department of Housing Preservation and Development,Electric,DPM,Yes,Public Area,Outlet/Switch,Outlet Sealed or Defective,Boiler Room,Medium
Department of Housing Preservation and Development,Electric,DPM,Yes,Public Area,Outlet/Switch,Outlet Sealed or Defective,Compactor Closet,Medium
Department of Housing Preservation and Development,Electric,DPM,Yes,Public Area,Outlet/Switch,Outlet Sealed or Defective,Lobby,Medium
Department of Housing Preservation and Development,Electric,DPM,Yes,Public Area,Outlet/Switch,Outlet Sealed or Defective,Meter Room,Medium
Department of Housing Preservation and Development,Electric,DPM,Yes,Public Area,Outlet/Switch,Outlet Sealed or Defective,Kitchen,Medium
Department of Housing Preservation and Development,Electric,DPM,Yes,Public Area,Outlet/Switch,Outlet Sealed or Defective,Hallway,Medium
Department of Housing Preservation and Development,Electric,DPM,Yes,Public Area,Outlet/Switch,Outlet Sealed or Defective,Storage Room,Medium
Department of Housing Preservation and Development,Electric,DPM,Yes,Public Area,Outlet/Switch,Outlet Sealed or Defective,Yard,Medium
Department of Housing Preservation and Development,Electric,DPM,Yes,Public Area,Outlet/Switch,Outlet Sealed or Defective,Other Room/Area,Medium
Department of Housing Preservation and Development,Electric,DPM,Yes,Public Area,Outlet/Switch,Outlet Sealed or Defective,Stairs,Medium
Department of Housing Preservation and Development,Electric,DPM,Yes,Public Area,Wiring,Exposed,Stairs,Low
Department of Housing Preservation and Development,Electric,DPM,Yes,Public Area,Wiring,Exposed,Other Room/Area,Low
Department of Housing Preservation and Development,Electric,DPM,Yes,Public Area,Wiring,Exposed,Yard,Low
Department of Housing Preservation and Development,Electric,DPM,Yes,Public Area,Wiring,Exposed,Stoop,Low
Department of Housing Preservation and Development,Electric,DPM,Yes,Public Area,Wiring,Exposed,Storage Room,Low
Department of Housing Preservation and Development,Electric,DPM,Yes,Public Area,Wiring,Exposed,Hallway,Low
Department of Housing Preservation and Development,Electric,DPM,Yes,Public Area,Wiring,Exposed,Kitchen,Low
Department of Housing Preservation and Development,Electric,DPM,Yes,Public Area,Wiring,Exposed,Fire Exit/Passageway,Low
Department of Housing Preservation and Development,Electric,DPM,Yes,Public Area,Wiring,Exposed,Fire Stairs/Tower,Low
Department of Housing Preservation and Development,Electric,DPM,Yes,Public Area,Wiring,Exposed,Meter Room,Low
Department of Housing Preservation and Development,Electric,DPM,Yes,Public Area,Wiring,Exposed,Lobby,Low
Department of Housing Preservation and Development,Electric,DPM,Yes,Public Area,Wiring,Exposed,Laundry Room,Low
Department of Housing Preservation and Development,Electric,DPM,Yes,Public Area,Wiring,Exposed,Compactor Closet,Low
Department of Housing Preservation and Development,Electric,DPM,Yes,Public Area,Wiring,Exposed,Courtyard,Low
Department of Housing Preservation and Development,Electric,DPM,Yes,Public Area,Wiring,Exposed,Boiler Room,Low
Department of Housing Preservation and Development,Electric,DPM,Yes,Public Area,Wiring,Exposed,Building Entrance,Low
Department of Housing Preservation and Development,Electric,DPM,Yes,Public Area,Wiring,Exposed,Cellar,Low
Department of Housing Preservation and Development,Electric,DPM,Yes,Public Area,Wiring,Exposed,Basement,Low
Department of Housing Preservation and Development,Electric,DPM,Yes,Public Area,Wiring,Exposed,Bathroom,Low
Department of Housing Preservation and Development,Electric,DPM,Yes,Public Area,Wiring,Illegal,Bathroom,High
Department of Housing Preservation and Development,Electric,DPM,Yes,Public Area,Wiring,Illegal,Basement,High
Department of Housing Preservation and Development,Electric,DPM,Yes,Public Area,Wiring,Illegal,Cellar,High
Department of Housing Preservation and Development,Electric,DPM,Yes,Public Area,Wiring,Illegal,Building Entrance,High
Department of Housing Preservation and Development,Electric,DPM,Yes,Public Area,Wiring,Illegal,Boiler Room,High
Department of Housing Preservation and Development,Electric,DPM,Yes,Public Area,Wiring,Illegal,Courtyard,High
Department of Housing Preservation and Development,Electric,DPM,Yes,Public Area,Wiring,Illegal,Compactor Closet,High
Department of Housing Preservation and Development,Electric,DPM,Yes,Public Area,Wiring,Illegal,Laundry Room,High
Department of Housing Preservation and Development,Electric,DPM,Yes,Public Area,Wiring,Illegal,Meter Room,High
Department of Housing Preservation and Development,Electric,DPM,Yes,Public Area,Wiring,Illegal,Lobby,High
Department of Housing Preservation and Development,Electric,DPM,Yes,Public Area,Wiring,Illegal,Fire Exit/Passageway,High
Department of Housing Preservation and Development,Electric,DPM,Yes,Public Area,Wiring,Illegal,Kitchen,High
Department of Housing Preservation and Development,Electric,DPM,Yes,Public Area,Wiring,Illegal,Hallway,High
Department of Housing Preservation and Development,Electric,DPM,Yes,Public Area,Wiring,Illegal,Fire Stairs/Tower,High
Department of Housing Preservation and Development,Electric,DPM,Yes,Public Area,Wiring,Illegal,Stoop,High
Department of Housing Preservation and Development,Electric,DPM,Yes,Public Area,Wiring,Illegal,Storage Room,High
Department of Housing Preservation and Development,Electric,DPM,Yes,Public Area,Wiring,Illegal,Yard,High
Department of Housing Preservation and Development,Electric,DPM,Yes,Public Area,Wiring,Illegal,Other Room/Area,High
Department of Housing Preservation and Development,Electric,DPM,Yes,Public Area,Wiring,Illegal,Stairs,High
Department of Housing Preservation and Development,Electric,Sec 8,Yes,Public Area,Lighting,Dims or Flickers,Stairs,Low
Department of Housing Preservation and Development,Electric,Sec 8,Yes,Public Area,Lighting,Dims or Flickers,Meter Room,Low
Department of Housing Preservation and Development,Electric,Sec 8,Yes,Public Area,Lighting,Dims or Flickers,Other Room/Area,Low
Department of Housing Preservation and Development,Electric,Sec 8,Yes,Public Area,Lighting,Dims or Flickers,Yard,Low
Department of Housing Preservation and Development,Electric,Sec 8,Yes,Public Area,Lighting,Dims or Flickers,Storage Room,Low
Department of Housing Preservation and Development,Electric,Sec 8,Yes,Public Area,Lighting,Dims or Flickers,Stoop,Low
Department of Housing Preservation and Development,Electric,Sec 8,Yes,Public Area,Lighting,Dims or Flickers,Hallway,Low
Department of Housing Preservation and Development,Electric,Sec 8,Yes,Public Area,Lighting,Dims or Flickers,Fire Stairs/Tower,Low
Department of Housing Preservation and Development,Electric,Sec 8,Yes,Public Area,Lighting,Dims or Flickers,Fire Exit/Passageway,Low
Department of Housing Preservation and Development,Electric,Sec 8,Yes,Public Area,Lighting,Dims or Flickers,Lobby,Low
Department of Housing Preservation and Development,Electric,Sec 8,Yes,Public Area,Lighting,Dims or Flickers,Laundry Room,Low
Department of Housing Preservation and Development,Electric,Sec 8,Yes,Public Area,Lighting,Dims or Flickers,Kitchen,Low
Department of Housing Preservation and Development,Electric,Sec 8,Yes,Public Area,Lighting,Dims or Flickers,Courtyard,Low
Department of Housing Preservation and Development,Electric,Sec 8,Yes,Public Area,Lighting,Dims or Flickers,Cellar,Low
Department of Housing Preservation and Development,Electric,Sec 8,Yes,Public Area,Lighting,Dims or Flickers,Compactor Closet,Low
Department of Housing Preservation and Development,Electric,Sec 8,Yes,Public Area,Lighting,Dims or Flickers,Boiler Room,Low
Department of Housing Preservation and Development,Electric,Sec 8,Yes,Public Area,Lighting,Dims or Flickers,Building Entrance,Low
Department of Housing Preservation and Development,Electric,Sec 8,Yes,Public Area,Lighting,Dims or Flickers,Basement,Low
Department of Housing Preservation and Development,Electric,Sec 8,Yes,Public Area,Lighting,Dims or Flickers,Bathroom,Low
Department of Housing Preservation and Development,Electric,Sec 8,Yes,Public Area,Lighting,Fixture Missing/Hanging/Loose,Bathroom,Medium
Department of Housing Preservation and Development,Electric,Sec 8,Yes,Public Area,Lighting,Fixture Missing/Hanging/Loose,Basement,Medium
Department of Housing Preservation and Development,Electric,Sec 8,Yes,Public Area,Lighting,Fixture Missing/Hanging/Loose,Building Entrance,Medium
Department of Housing Preservation and Development,Electric,Sec 8,Yes,Public Area,Lighting,Fixture Missing/Hanging/Loose,Boiler Room,Medium
Department of Housing Preservation and Development,Electric,Sec 8,Yes,Public Area,Lighting,Fixture Missing/Hanging/Loose,Compactor Closet,Medium
Department of Housing Preservation and Development,Electric,Sec 8,Yes,Public Area,Lighting,Fixture Missing/Hanging/Loose,Cellar,Medium
Department of Housing Preservation and Development,Electric,Sec 8,Yes,Public Area,Lighting,Fixture Missing/Hanging/Loose,Courtyard,Medium
Department of Housing Preservation and Development,Electric,Sec 8,Yes,Public Area,Lighting,Fixture Missing/Hanging/Loose,Kitchen,Medium
Department of Housing Preservation and Development,Electric,Sec 8,Yes,Public Area,Lighting,Fixture Missing/Hanging/Loose,Laundry Room,Medium
Department of Housing Preservation and Development,Electric,Sec 8,Yes,Public Area,Lighting,Fixture Missing/Hanging/Loose,Lobby,Medium
Department of Housing Preservation and Development,Electric,Sec 8,Yes,Public Area,Lighting,Fixture Missing/Hanging/Loose,Fire Exit/Passageway,Medium
Department of Housing Preservation and Development,Electric,Sec 8,Yes,Public Area,Lighting,Fixture Missing/Hanging/Loose,Fire Stairs/Tower,Medium
Department of Housing Preservation and Development,Electric,Sec 8,Yes,Public Area,Lighting,Fixture Missing/Hanging/Loose,Hallway,Medium
Department of Housing Preservation and Development,Electric,Sec 8,Yes,Public Area,Lighting,Fixture Missing/Hanging/Loose,Stoop,Medium
Department of Housing Preservation and Development,Electric,Sec 8,Yes,Public Area,Lighting,Fixture Missing/Hanging/Loose,Storage Room,Medium
Department of Housing Preservation and Development,Electric,Sec 8,Yes,Public Area,Lighting,Fixture Missing/Hanging/Loose,Yard,Medium
Department of Housing Preservation and Development,Electric,Sec 8,Yes,Public Area,Lighting,Fixture Missing/Hanging/Loose,Other Room/Area,Medium
Department of Housing Preservation and Development,Electric,Sec 8,Yes,Public Area,Lighting,Fixture Missing/Hanging/Loose,Meter Room,Medium
Department of Housing Preservation and Development,Electric,Sec 8,Yes,Public Area,Lighting,Fixture Missing/Hanging/Loose,Stairs,Medium
Department of Housing Preservation and Development,Electric,Sec 8,Yes,Public Area,Lighting,Fixture Sparks When Turned On,Stairs,High
Department of Housing Preservation and Development,Electric,Sec 8,Yes,Public Area,Lighting,Fixture Sparks When Turned On,Meter Room,High
Department of Housing Preservation and Development,Electric,Sec 8,Yes,Public Area,Lighting,Fixture Sparks When Turned On,Other Room/Area,High
Department of Housing Preservation and Development,Electric,Sec 8,Yes,Public Area,Lighting,Fixture Sparks When Turned On,Yard,High
Department of Housing Preservation and Development,Electric,Sec 8,Yes,Public Area,Lighting,Fixture Sparks When Turned On,Storage Room,High
Department of Housing Preservation and Development,Electric,Sec 8,Yes,Public Area,Lighting,Fixture Sparks When Turned On,Stoop,High
Department of Housing Preservation and Development,Electric,Sec 8,Yes,Public Area,Lighting,Fixture Sparks When Turned On,Hallway,High
Department of Housing Preservation and Development,Electric,Sec 8,Yes,Public Area,Lighting,Fixture Sparks When Turned On,Fire Stairs/Tower,High
Department of Housing Preservation and Development,Electric,Sec 8,Yes,Public Area,Lighting,Fixture Sparks When Turned On,Fire Exit/Passageway,High
Department of Housing Preservation and Development,Electric,Sec 8,Yes,Public Area,Lighting,Fixture Sparks When Turned On,Lobby,High
Department of Housing Preservation and Development,Electric,Sec 8,Yes,Public Area,Lighting,Fixture Sparks When Turned On,Laundry Room,High
Department of Housing Preservation and Development,Electric,Sec 8,Yes,Public Area,Lighting,Fixture Sparks When Turned On,Kitchen,High
Department of Housing Preservation and Development,Electric,Sec 8,Yes,Public Area,Lighting,Fixture Sparks When Turned On,Courtyard,High
Department of Housing Preservation and Development,Electric,Sec 8,Yes,Public Area,Lighting,Fixture Sparks When Turned On,Cellar,High
Department of Housing Preservation and Development,Electric,Sec 8,Yes,Public Area,Lighting,Fixture Sparks When Turned On,Compactor Closet,High
Department of Housing Preservation and Development,Electric,Sec 8,Yes,Public Area,Lighting,Fixture Sparks When Turned On,Boiler Room,High
Department of Housing Preservation and Development,Electric,Sec 8,Yes,Public Area,Lighting,Fixture Sparks When Turned On,Building Entrance,High
Department of Housing Preservation and Development,Electric,Sec 8,Yes,Public Area,Lighting,Fixture Sparks When Turned On,Basement,High
Department of Housing Preservation and Development,Electric,Sec 8,Yes,Public Area,Lighting,Fixture Sparks When Turned On,Bathroom,High
Department of Housing Preservation and Development,Electric,Sec 8,Yes,Public Area,Lighting,Fixture Wet or Flooded,Bathroom,Medium
Department of Housing Preservation and Development,Electric,Sec 8,Yes,Public Area,Lighting,Fixture Wet or Flooded,Basement,Medium
Department of Housing Preservation and Development,Electric,Sec 8,Yes,Public Area,Lighting,Fixture Wet or Flooded,Building Entrance,Medium
Department of Housing Preservation and Development,Electric,Sec 8,Yes,Public Area,Lighting,Fixture Wet or Flooded,Boiler Room,Medium
Department of Housing Preservation and Development,Electric,Sec 8,Yes,Public Area,Lighting,Fixture Wet or Flooded,Compactor Closet,Medium
Department of Housing Preservation and Development,Electric,Sec 8,Yes,Public Area,Lighting,Fixture Wet or Flooded,Cellar,Medium
Department of Housing Preservation and Development,Electric,Sec 8,Yes,Public Area,Lighting,Fixture Wet or Flooded,Courtyard,Medium
Department of Housing Preservation and Development,Electric,Sec 8,Yes,Public Area,Lighting,Fixture Wet or Flooded,Kitchen,Medium
Department of Housing Preservation and Development,Electric,Sec 8,Yes,Public Area,Lighting,Fixture Wet or Flooded,Laundry Room,Medium
Department of Housing Preservation and Development,Electric,Sec 8,Yes,Public Area,Lighting,Fixture Wet or Flooded,Lobby,Medium
Department of Housing Preservation and Development,Electric,Sec 8,Yes,Public Area,Lighting,Fixture Wet or Flooded,Fire Exit/Passageway,Medium
Department of Housing Preservation and Development,Electric,Sec 8,Yes,Public Area,Lighting,Fixture Wet or Flooded,Fire Stairs/Tower,Medium
Department of Housing Preservation and Development,Electric,Sec 8,Yes,Public Area,Lighting,Fixture Wet or Flooded,Hallway,Medium
Department of Housing Preservation and Development,Electric,Sec 8,Yes,Public Area,Lighting,Fixture Wet or Flooded,Stoop,Medium
Department of Housing Preservation and Development,Electric,Sec 8,Yes,Public Area,Lighting,Fixture Wet or Flooded,Storage Room,Medium
Department of Housing Preservation and Development,Electric,Sec 8,Yes,Public Area,Lighting,Fixture Wet or Flooded,Yard,Medium
Department of Housing Preservation and Development,Electric,Sec 8,Yes,Public Area,Lighting,Fixture Wet or Flooded,Other Room/Area,Medium
Department of Housing Preservation and Development,Electric,Sec 8,Yes,Public Area,Lighting,Fixture Wet or Flooded,Meter Room,Medium
Department of Housing Preservation and Development,Electric,Sec 8,Yes,Public Area,Lighting,Fixture Wet or Flooded,Stairs,Medium
Department of Housing Preservation and Development,Electric,Sec 8,Yes,Public Area,No Lighting,One Room or Area,Meter Room,Low
Department of Housing Preservation and Development,Electric,Sec 8,Yes,Public Area,No Lighting,One Room or Area,Other Room/Area,Low
Department of Housing Preservation and Development,Electric,Sec 8,Yes,Public Area,No Lighting,One Room or Area,Yard,Low
Department of Housing Preservation and Development,Electric,Sec 8,Yes,Public Area,No Lighting,One Room or Area,Storage Room,Low
Department of Housing Preservation and Development,Electric,Sec 8,Yes,Public Area,No Lighting,One Room or Area,Stairs,Low
Department of Housing Preservation and Development,Electric,Sec 8,Yes,Public Area,No Lighting,One Room or Area,Hallway,Low
Department of Housing Preservation and Development,Electric,Sec 8,Yes,Public Area,No Lighting,One Room or Area,Fire Stairs/Tower,Low
Department of Housing Preservation and Development,Electric,Sec 8,Yes,Public Area,No Lighting,One Room or Area,Fire Exit/Passageway,Low
Department of Housing Preservation and Development,Electric,Sec 8,Yes,Public Area,No Lighting,One Room or Area,Lobby,Low
Department of Housing Preservation and Development,Electric,Sec 8,Yes,Public Area,No Lighting,One Room or Area,Kitchen,Low
Department of Housing Preservation and Development,Electric,Sec 8,Yes,Public Area,No Lighting,One Room or Area,Courtyard,Low
Department of Housing Preservation and Development,Electric,Sec 8,Yes,Public Area,No Lighting,One Room or Area,Cellar,Low
Department of Housing Preservation and Development,Electric,Sec 8,Yes,Public Area,No Lighting,One Room or Area,Compactor Closet,Low
Department of Housing Preservation and Development,Electric,Sec 8,Yes,Public Area,No Lighting,One Room or Area,Boiler Room,Low
Department of Housing Preservation and Development,Electric,Sec 8,Yes,Public Area,No Lighting,One Room or Area,Building Entrance,Low
Department of Housing Preservation and Development,Electric,Sec 8,Yes,Public Area,No Lighting,One Room or Area,Basement,Low
Department of Housing Preservation and Development,Electric,Sec 8,Yes,Public Area,No Lighting,One Room or Area,Bathroom,Low
Department of Housing Preservation and Development,Electric,Sec 8,Yes,Public Area,Outlet/Switch,Outlet Sealed or Defective,Bathroom,Medium
Department of Housing Preservation and Development,Electric,Sec 8,Yes,Public Area,Outlet/Switch,Outlet Sealed or Defective,Basement,Medium
Department of Housing Preservation and Development,Electric,Sec 8,Yes,Public Area,Outlet/Switch,Outlet Sealed or Defective,Boiler Room,Medium
Department of Housing Preservation and Development,Electric,Sec 8,Yes,Public Area,Outlet/Switch,Outlet Sealed or Defective,Compactor Closet,Medium
Department of Housing Preservation and Development,Electric,Sec 8,Yes,Public Area,Outlet/Switch,Outlet Sealed or Defective,Cellar,Medium
Department of Housing Preservation and Development,Electric,Sec 8,Yes,Public Area,Outlet/Switch,Outlet Sealed or Defective,Kitchen,Medium
Department of Housing Preservation and Development,Electric,Sec 8,Yes,Public Area,Outlet/Switch,Outlet Sealed or Defective,Lobby,Medium
Department of Housing Preservation and Development,Electric,Sec 8,Yes,Public Area,Outlet/Switch,Outlet Sealed or Defective,Hallway,Medium
Department of Housing Preservation and Development,Electric,Sec 8,Yes,Public Area,Outlet/Switch,Outlet Sealed or Defective,Storage Room,Medium
Department of Housing Preservation and Development,Electric,Sec 8,Yes,Public Area,Outlet/Switch,Outlet Sealed or Defective,Yard,Medium
Department of Housing Preservation and Development,Electric,Sec 8,Yes,Public Area,Outlet/Switch,Outlet Sealed or Defective,Other Room/Area,Medium
Department of Housing Preservation and Development,Electric,Sec 8,Yes,Public Area,Outlet/Switch,Outlet Sealed or Defective,Meter Room,Medium
Department of Housing Preservation and Development,Electric,Sec 8,Yes,Public Area,Outlet/Switch,Outlet Sealed or Defective,Stairs,Medium
Department of Housing Preservation and Development,Electric,Sec 8,Yes,Public Area,Wiring,Exposed,Stairs,Low
Department of Housing Preservation and Development,Electric,Sec 8,Yes,Public Area,Wiring,Exposed,Meter Room,Low
Department of Housing Preservation and Development,Electric,Sec 8,Yes,Public Area,Wiring,Exposed,Other Room/Area,Low
Department of Housing Preservation and Development,Electric,Sec 8,Yes,Public Area,Wiring,Exposed,Yard,Low
Department of Housing Preservation and Development,Electric,Sec 8,Yes,Public Area,Wiring,Exposed,Storage Room,Low
Department of Housing Preservation and Development,Electric,Sec 8,Yes,Public Area,Wiring,Exposed,Stoop,Low
Department of Housing Preservation and Development,Electric,Sec 8,Yes,Public Area,Wiring,Exposed,Hallway,Low
Department of Housing Preservation and Development,Electric,Sec 8,Yes,Public Area,Wiring,Exposed,Fire Stairs/Tower,Low
Department of Housing Preservation and Development,Electric,Sec 8,Yes,Public Area,Wiring,Exposed,Fire Exit/Passageway,Low
Department of Housing Preservation and Development,Electric,Sec 8,Yes,Public Area,Wiring,Exposed,Lobby,Low
Department of Housing Preservation and Development,Electric,Sec 8,Yes,Public Area,Wiring,Exposed,Kitchen,Low
Department of Housing Preservation and Development,Electric,Sec 8,Yes,Public Area,Wiring,Exposed,Laundry Room,Low
Department of Housing Preservation and Development,Electric,Sec 8,Yes,Public Area,Wiring,Exposed,Cellar,Low
Department of Housing Preservation and Development,Electric,Sec 8,Yes,Public Area,Wiring,Exposed,Compactor Closet,Low
Department of Housing Preservation and Development,Electric,Sec 8,Yes,Public Area,Wiring,Exposed,Courtyard,Low
Department of Housing Preservation and Development,Electric,Sec 8,Yes,Public Area,Wiring,Exposed,Boiler Room,Low
Department of Housing Preservation and Development,Electric,Sec 8,Yes,Public Area,Wiring,Exposed,Building Entrance,Low
Department of Housing Preservation and Development,Electric,Sec 8,Yes,Public Area,Wiring,Exposed,Basement,Low
Department of Housing Preservation and Development,Electric,Sec 8,Yes,Public Area,Wiring,Exposed,Bathroom,Low
Department of Housing Preservation and Development,Electric,Sec 8,Yes,Public Area,Wiring,Illegal,Bathroom,High
Department of Housing Preservation and Development,Electric,Sec 8,Yes,Public Area,Wiring,Illegal,Basement,High
Department of Housing Preservation and Development,Electric,Sec 8,Yes,Public Area,Wiring,Illegal,Building Entrance,High
Department of Housing Preservation and Development,Electric,Sec 8,Yes,Public Area,Wiring,Illegal,Boiler Room,High
Department of Housing Preservation and Development,Electric,Sec 8,Yes,Public Area,Wiring,Illegal,Courtyard,High
Department of Housing Preservation and Development,Electric,Sec 8,Yes,Public Area,Wiring,Illegal,Compactor Closet,High
Department of Housing Preservation and Development,Electric,Sec 8,Yes,Public Area,Wiring,Illegal,Cellar,High
Department of Housing Preservation and Development,Electric,Sec 8,Yes,Public Area,Wiring,Illegal,Laundry Room,High
Department of Housing Preservation and Development,Electric,Sec 8,Yes,Public Area,Wiring,Illegal,Kitchen,High
Department of Housing Preservation and Development,Electric,Sec 8,Yes,Public Area,Wiring,Illegal,Lobby,High
Department of Housing Preservation and Development,Electric,Sec 8,Yes,Public Area,Wiring,Illegal,Fire Exit/Passageway,High
Department of Housing Preservation and Development,Electric,Sec 8,Yes,Public Area,Wiring,Illegal,Fire Stairs/Tower,High
Department of Housing Preservation and Development,Electric,Sec 8,Yes,Public Area,Wiring,Illegal,Hallway,High
Department of Housing Preservation and Development,Electric,Sec 8,Yes,Public Area,Wiring,Illegal,Stoop,High
Department of Housing Preservation and Development,Electric,Sec 8,Yes,Public Area,Wiring,Illegal,Storage Room,High
Department of Housing Preservation and Development,Electric,Sec 8,Yes,Public Area,Wiring,Illegal,Yard,High
Department of Housing Preservation and Development,Electric,Sec 8,Yes,Public Area,Wiring,Illegal,Other Room/Area,High
Department of Housing Preservation and Development,Electric,Sec 8,Yes,Public Area,Wiring,Illegal,Meter Room,High
Department of Housing Preservation and Development,Electric,Sec 8,Yes,Public Area,Wiring,Illegal,Stairs,High
Department of Housing Preservation and Development,Electric,DAMP,Yes,Building-Wide,Power Outage,Entire Building,Building-Wide,High
Department of Housing Preservation and Development,Electric,DAMP,Yes,Building-Wide,Power Outage,Halls and Stairs Only,Building-Wide,High
Department of Housing Preservation and Development,Electric,DPM,Yes,Building-Wide,Power Outage,Entire Building,Building-Wide,High
Department of Housing Preservation and Development,Electric,DPM,Yes,Building-Wide,Power Outage,Halls and Stairs Only,Building-Wide,High
Department of Housing Preservation and Development,Electric,PVT,Yes,Building-Wide,Power Outage,Entire Building,Building-Wide,High
Department of Housing Preservation and Development,Electric,PVT,Yes,Building-Wide,Power Outage,Halls and Stairs Only,Building-Wide,High
Department of Housing Preservation and Development,Electric,Sec 8,Yes,Building-Wide,Power Outage,Entire Building,Building-Wide,High
Department of Housing Preservation and Development,Electric,Sec 8,Yes,Building-Wide,Power Outage,Halls and Stairs Only,Building-Wide,High
Department of Housing Preservation and Development,Electric,PVT,Yes,Apartment,Lighting,Dims or Flickers,Entire Apartment,Low
Department of Housing Preservation and Development,Electric,PVT,Yes,Apartment,Lighting,Dims or Flickers,Entrance/Foyer,Low
Department of Housing Preservation and Development,Electric,PVT,Yes,Apartment,Lighting,Dims or Flickers,Kitchen,Low
Department of Housing Preservation and Development,Electric,PVT,Yes,Apartment,Lighting,Dims or Flickers,Living Room,Low
Department of Housing Preservation and Development,Electric,PVT,Yes,Apartment,Lighting,Dims or Flickers,Bathroom,Low
Department of Housing Preservation and Development,Electric,PVT,Yes,Apartment,Lighting,Dims or Flickers,Bedroom,Low
Department of Housing Preservation and Development,Electric,PVT,Yes,Apartment,Lighting,Dims or Flickers,Other Room/Area,Low
Department of Housing Preservation and Development,Electric,PVT,Yes,Apartment,Lighting,Dims or Flickers,Private Hall,Low
Department of Housing Preservation and Development,Electric,PVT,Yes,Apartment,Lighting,Fixture Missing/Hanging/Loose,Private Hall,Medium
Department of Housing Preservation and Development,Electric,PVT,Yes,Apartment,Lighting,Fixture Missing/Hanging/Loose,Other Room/Area,Medium
Department of Housing Preservation and Development,Electric,PVT,Yes,Apartment,Lighting,Fixture Missing/Hanging/Loose,Bedroom,Medium
Department of Housing Preservation and Development,Electric,PVT,Yes,Apartment,Lighting,Fixture Missing/Hanging/Loose,Bathroom,Medium
Department of Housing Preservation and Development,Electric,PVT,Yes,Apartment,Lighting,Fixture Missing/Hanging/Loose,Living Room,Medium
Department of Housing Preservation and Development,Electric,PVT,Yes,Apartment,Lighting,Fixture Missing/Hanging/Loose,Kitchen,Medium
Department of Housing Preservation and Development,Electric,PVT,Yes,Apartment,Lighting,Fixture Missing/Hanging/Loose,Entrance/Foyer,Medium
Department of Housing Preservation and Development,Electric,PVT,Yes,Apartment,Lighting,Fixture Missing/Hanging/Loose,Entire Apartment,Medium
Department of Housing Preservation and Development,Electric,PVT,Yes,Apartment,Lighting,Fixture Sparks When Turned On,Entire Apartment,High
Department of Housing Preservation and Development,Electric,PVT,Yes,Apartment,Lighting,Fixture Sparks When Turned On,Entrance/Foyer,High
Department of Housing Preservation and Development,Electric,PVT,Yes,Apartment,Lighting,Fixture Sparks When Turned On,Kitchen,High
Department of Housing Preservation and Development,Electric,PVT,Yes,Apartment,Lighting,Fixture Sparks When Turned On,Living Room,High
Department of Housing Preservation and Development,Electric,PVT,Yes,Apartment,Lighting,Fixture Sparks When Turned On,Bathroom,High
Department of Housing Preservation and Development,Electric,PVT,Yes,Apartment,Lighting,Fixture Sparks When Turned On,Bedroom,High
Department of Housing Preservation and Development,Electric,PVT,Yes,Apartment,Lighting,Fixture Sparks When Turned On,Other Room/Area,High
Department of Housing Preservation and Development,Electric,PVT,Yes,Apartment,Lighting,Fixture Sparks When Turned On,Private Hall,High
Department of Housing Preservation and Development,Electric,PVT,Yes,Apartment,Lighting,Fixture Wet or Flooded,Private Hall,Medium
Department of Housing Preservation and Development,Electric,PVT,Yes,Apartment,Lighting,Fixture Wet or Flooded,Other Room/Area,Medium
Department of Housing Preservation and Development,Electric,PVT,Yes,Apartment,Lighting,Fixture Wet or Flooded,Bedroom,Medium
Department of Housing Preservation and Development,Electric,PVT,Yes,Apartment,Lighting,Fixture Wet or Flooded,Bathroom,Medium
Department of Housing Preservation and Development,Electric,PVT,Yes,Apartment,Lighting,Fixture Wet or Flooded,Living Room,Medium
Department of Housing Preservation and Development,Electric,PVT,Yes,Apartment,Lighting,Fixture Wet or Flooded,Kitchen,Medium
Department of Housing Preservation and Development,Electric,PVT,Yes,Apartment,Lighting,Fixture Wet or Flooded,Entrance/Foyer,Medium
Department of Housing Preservation and Development,Electric,PVT,Yes,Apartment,Lighting,Fixture Wet or Flooded,Entire Apartment,Medium
Department of Housing Preservation and Development,Electric,PVT,Yes,Apartment,No Lighting,One Room or Area,Entire Apartment,Low
Department of Housing Preservation and Development,Electric,PVT,Yes,Apartment,No Lighting,One Room or Area,Entrance/Foyer,Low
Department of Housing Preservation and Development,Electric,PVT,Yes,Apartment,No Lighting,One Room or Area,Kitchen,Low
Department of Housing Preservation and Development,Electric,PVT,Yes,Apartment,No Lighting,One Room or Area,Living Room,Low
Department of Housing Preservation and Development,Electric,PVT,Yes,Apartment,No Lighting,One Room or Area,Bathroom,Low
Department of Housing Preservation and Development,Electric,PVT,Yes,Apartment,No Lighting,One Room or Area,Bedroom,Low
Department of Housing Preservation and Development,Electric,PVT,Yes,Apartment,No Lighting,One Room or Area,Other Room/Area,Low
Department of Housing Preservation and Development,Electric,PVT,Yes,Apartment,No Lighting,One Room or Area,Private Hall,Low
Department of Housing Preservation and Development,Electric,PVT,Yes,Apartment,Outlet/Switch,Outlet Sealed or Defective,Private Hall,Medium
Department of Housing Preservation and Development,Electric,PVT,Yes,Apartment,Outlet/Switch,Outlet Sealed or Defective,Other Room/Area,Medium
Department of Housing Preservation and Development,Electric,PVT,Yes,Apartment,Outlet/Switch,Outlet Sealed or Defective,Bedroom,Medium
Department of Housing Preservation and Development,Electric,PVT,Yes,Apartment,Outlet/Switch,Outlet Sealed or Defective,Bathroom,Medium
Department of Housing Preservation and Development,Electric,PVT,Yes,Apartment,Outlet/Switch,Outlet Sealed or Defective,Living Room,Medium
Department of Housing Preservation and Development,Electric,PVT,Yes,Apartment,Outlet/Switch,Outlet Sealed or Defective,Kitchen,Medium
Department of Housing Preservation and Development,Electric,PVT,Yes,Apartment,Outlet/Switch,Outlet Sealed or Defective,Entrance/Foyer,Medium
Department of Housing Preservation and Development,Electric,PVT,Yes,Apartment,Outlet/Switch,Outlet Sealed or Defective,Entire Apartment,Medium
Department of Housing Preservation and Development,Electric,PVT,Yes,Apartment,Power Outage,Entire Apartment,Entire Apartment,High
Department of Housing Preservation and Development,Electric,PVT,Yes,Apartment,Power Outage,Multiple Rooms or Areas,Entire Apartment,High
Department of Housing Preservation and Development,Electric,PVT,Yes,Apartment,Wiring,Exposed,Entire Apartment,Low
Department of Housing Preservation and Development,Electric,PVT,Yes,Apartment,Wiring,Exposed,Entrance/Foyer,Low
Department of Housing Preservation and Development,Electric,PVT,Yes,Apartment,Wiring,Exposed,Kitchen,Low
Department of Housing Preservation and Development,Electric,PVT,Yes,Apartment,Wiring,Exposed,Living Room,Low
Department of Housing Preservation and Development,Electric,PVT,Yes,Apartment,Wiring,Exposed,Bathroom,Low
Department of Housing Preservation and Development,Electric,PVT,Yes,Apartment,Wiring,Exposed,Bedroom,Low
Department of Housing Preservation and Development,Electric,PVT,Yes,Apartment,Wiring,Exposed,Other Room/Area,Low
Department of Housing Preservation and Development,Electric,PVT,Yes,Apartment,Wiring,Exposed,Private Hall,Low
Department of Housing Preservation and Development,Electric,PVT,Yes,Apartment,Wiring,Illegal,Private Hall,High
Department of Housing Preservation and Development,Electric,PVT,Yes,Apartment,Wiring,Illegal,Other Room/Area,High
Department of Housing Preservation and Development,Electric,PVT,Yes,Apartment,Wiring,Illegal,Bedroom,High
Department of Housing Preservation and Development,Electric,PVT,Yes,Apartment,Wiring,Illegal,Bathroom,High
Department of Housing Preservation and Development,Electric,PVT,Yes,Apartment,Wiring,Illegal,Living Room,High
Department of Housing Preservation and Development,Electric,PVT,Yes,Apartment,Wiring,Illegal,Kitchen,High
Department of Housing Preservation and Development,Electric,PVT,Yes,Apartment,Wiring,Illegal,Entrance/Foyer,High
Department of Housing Preservation and Development,Electric,PVT,Yes,Apartment,Wiring,Illegal,Entire Apartment,High
Department of Housing Preservation and Development,Elevator,DAMP,Yes,Public Area,Maintenance,Dirty or Unsanitary,Elevator,Low
Department of Housing Preservation and Development,Elevator,DAMP,Yes,Public Area,Maintenance,Glass or Mirror Broken,Elevator,Medium
Department of Housing Preservation and Development,Elevator,DAMP,Yes,Public Area,Maintenance,Light Fixture Broken,Elevator,High
Department of Housing Preservation and Development,Elevator,DPM,Yes,Public Area,Maintenance,Dirty or Unsanitary,Elevator,Low
Department of Housing Preservation and Development,Elevator,DPM,Yes,Public Area,Maintenance,Glass or Mirror Broken,Elevator,Medium
Department of Housing Preservation and Development,Elevator,DPM,Yes,Public Area,Maintenance,Light Fixture Broken,Elevator,High
Department of Housing Preservation and Development,Elevator,PVT,Yes,Public Area,Maintenance,Dirty or Unsanitary,Elevator,Low
Department of Housing Preservation and Development,Elevator,PVT,Yes,Public Area,Maintenance,Glass or Mirror Broken,Elevator,Medium
Department of Housing Preservation and Development,Elevator,PVT,Yes,Public Area,Maintenance,Light Fixture Broken,Elevator,High
Department of Housing Preservation and Development,Elevator,Sec 8,Yes,Public Area,Maintenance,Dirty or Unsanitary,Elevator,Low
Department of Housing Preservation and Development,Elevator,Sec 8,Yes,Public Area,Maintenance,Glass or Mirror Broken,Elevator,Medium
Department of Housing Preservation and Development,Elevator,Sec 8,Yes,Public Area,Maintenance,Light Fixture Broken,Elevator,High
Department of Housing Preservation and Development,Flooring/Stairs,DAMP,Yes,Public Area,Floor,Broken or Defective,Compactor Closet,Medium
Department of Housing Preservation and Development,Flooring/Stairs,DAMP,Yes,Public Area,Floor,Broken or Defective,Boiler Room,Medium
Department of Housing Preservation and Development,Flooring/Stairs,DAMP,Yes,Public Area,Floor,Broken or Defective,Cellar,Medium
Department of Housing Preservation and Development,Flooring/Stairs,DAMP,Yes,Public Area,Floor,Broken or Defective,Basement,Medium
Department of Housing Preservation and Development,Flooring/Stairs,DAMP,Yes,Public Area,Floor,Broken or Defective,Bathroom,Medium
Department of Housing Preservation and Development,Flooring/Stairs,DAMP,Yes,Public Area,Floor,Broken or Defective,Hallway,Medium
Department of Housing Preservation and Development,Flooring/Stairs,DAMP,Yes,Public Area,Floor,Broken or Defective,Kitchen,Medium
Department of Housing Preservation and Development,Flooring/Stairs,DAMP,Yes,Public Area,Floor,Broken or Defective,Lobby,Medium
Department of Housing Preservation and Development,Flooring/Stairs,DAMP,Yes,Public Area,Floor,Broken or Defective,Meter Room,Medium
Department of Housing Preservation and Development,Flooring/Stairs,DAMP,Yes,Public Area,Floor,Broken or Defective,Laundry Room,Medium
Department of Housing Preservation and Development,Flooring/Stairs,DAMP,Yes,Public Area,Floor,Broken or Defective,Stairs,Medium
Department of Housing Preservation and Development,Flooring/Stairs,DAMP,Yes,Public Area,Floor,Broken or Defective,Other Room/Area,Medium
Department of Housing Preservation and Development,Flooring/Stairs,DAMP,Yes,Public Area,Floor,Broken or Defective,Storage Room,Medium
Department of Housing Preservation and Development,Flooring/Stairs,DAMP,Yes,Public Area,Floor,Floor Covering Torn or Missing,Storage Room,Medium
Department of Housing Preservation and Development,Flooring/Stairs,DAMP,Yes,Public Area,Floor,Floor Covering Torn or Missing,Other Room/Area,Medium
Department of Housing Preservation and Development,Flooring/Stairs,DAMP,Yes,Public Area,Floor,Floor Covering Torn or Missing,Stairs,Medium
Department of Housing Preservation and Development,Flooring/Stairs,DAMP,Yes,Public Area,Floor,Floor Covering Torn or Missing,Laundry Room,Medium
Department of Housing Preservation and Development,Flooring/Stairs,DAMP,Yes,Public Area,Floor,Floor Covering Torn or Missing,Kitchen,Medium
Department of Housing Preservation and Development,Flooring/Stairs,DAMP,Yes,Public Area,Floor,Floor Covering Torn or Missing,Meter Room,Medium
Department of Housing Preservation and Development,Flooring/Stairs,DAMP,Yes,Public Area,Floor,Floor Covering Torn or Missing,Lobby,Medium
Department of Housing Preservation and Development,Flooring/Stairs,DAMP,Yes,Public Area,Floor,Floor Covering Torn or Missing,Hallway,Medium
Department of Housing Preservation and Development,Flooring/Stairs,DAMP,Yes,Public Area,Floor,Floor Covering Torn or Missing,Fire Stairs/Tower,Medium
Department of Housing Preservation and Development,Flooring/Stairs,DAMP,Yes,Public Area,Floor,Floor Covering Torn or Missing,Bathroom,Medium
Department of Housing Preservation and Development,Flooring/Stairs,DAMP,Yes,Public Area,Floor,Floor Covering Torn or Missing,Basement,Medium
Department of Housing Preservation and Development,Flooring/Stairs,DAMP,Yes,Public Area,Floor,Floor Covering Torn or Missing,Boiler Room,Medium
Department of Housing Preservation and Development,Flooring/Stairs,DAMP,Yes,Public Area,Floor,Floor Covering Torn or Missing,Compactor Closet,Medium
Department of Housing Preservation and Development,Flooring/Stairs,DAMP,Yes,Public Area,Floor,Floor Covering Torn or Missing,Cellar,Medium
Department of Housing Preservation and Development,Flooring/Stairs,DAMP,Yes,Public Area,Floor,Hole in Non-Walking Area,Cellar,Low
Department of Housing Preservation and Development,Flooring/Stairs,DAMP,Yes,Public Area,Floor,Hole in Non-Walking Area,Compactor Closet,Low
Department of Housing Preservation and Development,Flooring/Stairs,DAMP,Yes,Public Area,Floor,Hole in Non-Walking Area,Boiler Room,Low
Department of Housing Preservation and Development,Flooring/Stairs,DAMP,Yes,Public Area,Floor,Hole in Non-Walking Area,Building Entrance,Low
Department of Housing Preservation and Development,Flooring/Stairs,DAMP,Yes,Public Area,Floor,Hole in Non-Walking Area,Basement,Low
Department of Housing Preservation and Development,Flooring/Stairs,DAMP,Yes,Public Area,Floor,Hole in Non-Walking Area,Bathroom,Low
Department of Housing Preservation and Development,Flooring/Stairs,DAMP,Yes,Public Area,Floor,Hole in Non-Walking Area,Fire Stairs/Tower,Low
Department of Housing Preservation and Development,Flooring/Stairs,DAMP,Yes,Public Area,Floor,Hole in Non-Walking Area,Hallway,Low
Department of Housing Preservation and Development,Flooring/Stairs,DAMP,Yes,Public Area,Floor,Hole in Non-Walking Area,Fire Exit/Passageway,Low
Department of Housing Preservation and Development,Flooring/Stairs,DAMP,Yes,Public Area,Floor,Hole in Non-Walking Area,Lobby,Low
Department of Housing Preservation and Development,Flooring/Stairs,DAMP,Yes,Public Area,Floor,Hole in Non-Walking Area,Meter Room,Low
Department of Housing Preservation and Development,Flooring/Stairs,DAMP,Yes,Public Area,Floor,Hole in Non-Walking Area,Kitchen,Low
Department of Housing Preservation and Development,Flooring/Stairs,DAMP,Yes,Public Area,Floor,Hole in Non-Walking Area,Laundry Room,Low
Department of Housing Preservation and Development,Flooring/Stairs,DAMP,Yes,Public Area,Floor,Hole in Non-Walking Area,Stairs,Low
Department of Housing Preservation and Development,Flooring/Stairs,DAMP,Yes,Public Area,Floor,Hole in Non-Walking Area,Other Room/Area,Low
Department of Housing Preservation and Development,Flooring/Stairs,DAMP,Yes,Public Area,Floor,Hole in Non-Walking Area,Storage Room,Low
Department of Housing Preservation and Development,Flooring/Stairs,DAMP,Yes,Public Area,Floor,Hole in Walking Area,Storage Room,High
Department of Housing Preservation and Development,Flooring/Stairs,DAMP,Yes,Public Area,Floor,Hole in Walking Area,Other Room/Area,High
Department of Housing Preservation and Development,Flooring/Stairs,DAMP,Yes,Public Area,Floor,Hole in Walking Area,Stairs,High
Department of Housing Preservation and Development,Flooring/Stairs,DAMP,Yes,Public Area,Floor,Hole in Walking Area,Laundry Room,High
Department of Housing Preservation and Development,Flooring/Stairs,DAMP,Yes,Public Area,Floor,Hole in Walking Area,Kitchen,High
Department of Housing Preservation and Development,Flooring/Stairs,DAMP,Yes,Public Area,Floor,Hole in Walking Area,Meter Room,High
Department of Housing Preservation and Development,Flooring/Stairs,DAMP,Yes,Public Area,Floor,Hole in Walking Area,Lobby,High
Department of Housing Preservation and Development,Flooring/Stairs,DAMP,Yes,Public Area,Floor,Hole in Walking Area,Fire Exit/Passageway,High
Department of Housing Preservation and Development,Flooring/Stairs,DAMP,Yes,Public Area,Floor,Hole in Walking Area,Fire Escape/Egress,High
Department of Housing Preservation and Development,Flooring/Stairs,DAMP,Yes,Public Area,Floor,Hole in Walking Area,Hallway,High
Department of Housing Preservation and Development,Flooring/Stairs,DAMP,Yes,Public Area,Floor,Hole in Walking Area,Fire Stairs/Tower,High
Department of Housing Preservation and Development,Flooring/Stairs,DAMP,Yes,Public Area,Floor,Hole in Walking Area,Bathroom,High
Department of Housing Preservation and Development,Flooring/Stairs,DAMP,Yes,Public Area,Floor,Hole in Walking Area,Basement,High
Department of Housing Preservation and Development,Flooring/Stairs,DAMP,Yes,Public Area,Floor,Hole in Walking Area,Building Entrance,High
Department of Housing Preservation and Development,Flooring/Stairs,DAMP,Yes,Public Area,Floor,Hole in Walking Area,Boiler Room,High
Department of Housing Preservation and Development,Flooring/Stairs,DAMP,Yes,Public Area,Floor,Hole in Walking Area,Compactor Closet,High
Department of Housing Preservation and Development,Flooring/Stairs,DAMP,Yes,Public Area,Floor,Hole in Walking Area,Cellar,High
Department of Housing Preservation and Development,Flooring/Stairs,DAMP,Yes,Public Area,Floor,Sagging or Sloping,Compactor Closet,Medium
Department of Housing Preservation and Development,Flooring/Stairs,DAMP,Yes,Public Area,Floor,Sagging or Sloping,Bathroom,Medium
Department of Housing Preservation and Development,Flooring/Stairs,DAMP,Yes,Public Area,Floor,Sagging or Sloping,Hallway,Medium
Department of Housing Preservation and Development,Flooring/Stairs,DAMP,Yes,Public Area,Floor,Sagging or Sloping,Lobby,Medium
Department of Housing Preservation and Development,Flooring/Stairs,DAMP,Yes,Public Area,Floor,Sagging or Sloping,Kitchen,Medium
Department of Housing Preservation and Development,Flooring/Stairs,DAMP,Yes,Public Area,Floor,Sagging or Sloping,Storage Room,Medium
Department of Housing Preservation and Development,Flooring/Stairs,DAMP,Yes,Public Area,Floor,Tile Broken or Missing,Stairs,Medium
Department of Housing Preservation and Development,Flooring/Stairs,DAMP,Yes,Public Area,Floor,Tile Broken or Missing,Other Room/Area,Medium
Department of Housing Preservation and Development,Flooring/Stairs,DAMP,Yes,Public Area,Floor,Tile Broken or Missing,Kitchen,Medium
Department of Housing Preservation and Development,Flooring/Stairs,DAMP,Yes,Public Area,Floor,Tile Broken or Missing,Lobby,Medium
Department of Housing Preservation and Development,Flooring/Stairs,DAMP,Yes,Public Area,Floor,Tile Broken or Missing,Hallway,Medium
Department of Housing Preservation and Development,Flooring/Stairs,DAMP,Yes,Public Area,Floor,Tile Broken or Missing,Bathroom,Medium
Department of Housing Preservation and Development,Flooring/Stairs,DAMP,Yes,Public Area,Stairs,Banister Hanging/Missing/Loose,Stairs,High
Department of Housing Preservation and Development,Flooring/Stairs,DAMP,Yes,Public Area,Stairs,Consecutive Steps Broken/Missing,Stairs,Medium
Department of Housing Preservation and Development,Flooring/Stairs,DAMP,Yes,Public Area,Stairs,Handrail Missing from Wall,Stairs,Medium
Department of Housing Preservation and Development,Flooring/Stairs,DAMP,Yes,Public Area,Stairs,Landing Platform Broken,Stairs,High
Department of Housing Preservation and Development,Flooring/Stairs,DAMP,Yes,Public Area,Stairs,Landing Platform Missing,Stairs,High
Department of Housing Preservation and Development,Flooring/Stairs,DAMP,Yes,Public Area,Stairs,Stair Covering Torn or Missing,Stairs,Medium
Department of Housing Preservation and Development,Flooring/Stairs,DAMP,Yes,Public Area,Stairs,Staircase Sagging or Missing,Stairs,High
Department of Housing Preservation and Development,Flooring/Stairs,DAMP,Yes,Public Area,Stairs,Step Loose/Broken/Cracked/Missing,Stairs,Medium
Department of Housing Preservation and Development,Flooring/Stairs,Sec 8,Yes,Apartment,Floor,Broken or Defective,Entire Apartment,Medium
Department of Housing Preservation and Development,Flooring/Stairs,Sec 8,Yes,Apartment,Floor,Broken or Defective,Entrance/Foyer,Medium
Department of Housing Preservation and Development,Flooring/Stairs,Sec 8,Yes,Apartment,Floor,Broken or Defective,Kitchen,Medium
Department of Housing Preservation and Development,Flooring/Stairs,Sec 8,Yes,Apartment,Floor,Broken or Defective,Living Room,Medium
Department of Housing Preservation and Development,Flooring/Stairs,Sec 8,Yes,Apartment,Floor,Broken or Defective,Bedroom,Medium
Department of Housing Preservation and Development,Flooring/Stairs,Sec 8,Yes,Apartment,Floor,Broken or Defective,Bathroom,Medium
Department of Housing Preservation and Development,Flooring/Stairs,Sec 8,Yes,Apartment,Floor,Broken or Defective,Private Hall,Medium
Department of Housing Preservation and Development,Flooring/Stairs,Sec 8,Yes,Apartment,Floor,Broken or Defective,Other Room/Area,Medium
Department of Housing Preservation and Development,Flooring/Stairs,Sec 8,Yes,Apartment,Floor,Floor Covering Torn or Missing,Other Room/Area,Medium
Department of Housing Preservation and Development,Flooring/Stairs,Sec 8,Yes,Apartment,Floor,Floor Covering Torn or Missing,Private Hall,Medium
Department of Housing Preservation and Development,Flooring/Stairs,Sec 8,Yes,Apartment,Floor,Floor Covering Torn or Missing,Bathroom,Medium
Department of Housing Preservation and Development,Flooring/Stairs,Sec 8,Yes,Apartment,Floor,Floor Covering Torn or Missing,Bedroom,Medium
Department of Housing Preservation and Development,Flooring/Stairs,Sec 8,Yes,Apartment,Floor,Floor Covering Torn or Missing,Living Room,Medium
Department of Housing Preservation and Development,Flooring/Stairs,Sec 8,Yes,Apartment,Floor,Floor Covering Torn or Missing,Kitchen,Medium
Department of Housing Preservation and Development,Flooring/Stairs,Sec 8,Yes,Apartment,Floor,Floor Covering Torn or Missing,Entrance/Foyer,Medium
Department of Housing Preservation and Development,Flooring/Stairs,Sec 8,Yes,Apartment,Floor,Floor Covering Torn or Missing,Entire Apartment,Medium
Department of Housing Preservation and Development,Flooring/Stairs,Sec 8,Yes,Apartment,Floor,Hole in Non-Walking Area,Entire Apartment,Low
Department of Housing Preservation and Development,Flooring/Stairs,Sec 8,Yes,Apartment,Floor,Hole in Non-Walking Area,Entrance/Foyer,Low
Department of Housing Preservation and Development,Flooring/Stairs,Sec 8,Yes,Apartment,Floor,Hole in Non-Walking Area,Kitchen,Low
Department of Housing Preservation and Development,Flooring/Stairs,Sec 8,Yes,Apartment,Floor,Hole in Non-Walking Area,Living Room,Low
Department of Housing Preservation and Development,Flooring/Stairs,Sec 8,Yes,Apartment,Floor,Hole in Non-Walking Area,Bedroom,Low
Department of Housing Preservation and Development,Flooring/Stairs,Sec 8,Yes,Apartment,Floor,Hole in Non-Walking Area,Bathroom,Low
Department of Housing Preservation and Development,Flooring/Stairs,Sec 8,Yes,Apartment,Floor,Hole in Non-Walking Area,Private Hall,Low
Department of Housing Preservation and Development,Flooring/Stairs,Sec 8,Yes,Apartment,Floor,Hole in Non-Walking Area,Other Room/Area,Low
Department of Housing Preservation and Development,Flooring/Stairs,Sec 8,Yes,Apartment,Floor,Hole in Walking Area,Other Room/Area,High
Department of Housing Preservation and Development,Flooring/Stairs,Sec 8,Yes,Apartment,Floor,Hole in Walking Area,Private Hall,High
Department of Housing Preservation and Development,Flooring/Stairs,Sec 8,Yes,Apartment,Floor,Hole in Walking Area,Bathroom,High
Department of Housing Preservation and Development,Flooring/Stairs,Sec 8,Yes,Apartment,Floor,Hole in Walking Area,Bedroom,High
Department of Housing Preservation and Development,Flooring/Stairs,Sec 8,Yes,Apartment,Floor,Hole in Walking Area,Living Room,High
Department of Housing Preservation and Development,Flooring/Stairs,Sec 8,Yes,Apartment,Floor,Hole in Walking Area,Kitchen,High
Department of Housing Preservation and Development,Flooring/Stairs,Sec 8,Yes,Apartment,Floor,Hole in Walking Area,Entrance/Foyer,High
Department of Housing Preservation and Development,Flooring/Stairs,Sec 8,Yes,Apartment,Floor,Hole in Walking Area,Entire Apartment,High
Department of Housing Preservation and Development,Flooring/Stairs,Sec 8,Yes,Apartment,Floor,Sagging or Sloping,Entire Apartment,Medium
Department of Housing Preservation and Development,Flooring/Stairs,Sec 8,Yes,Apartment,Floor,Sagging or Sloping,Entrance/Foyer,Medium
Department of Housing Preservation and Development,Flooring/Stairs,Sec 8,Yes,Apartment,Floor,Sagging or Sloping,Kitchen,Medium
Department of Housing Preservation and Development,Flooring/Stairs,Sec 8,Yes,Apartment,Floor,Sagging or Sloping,Living Room,Medium
Department of Housing Preservation and Development,Flooring/Stairs,Sec 8,Yes,Apartment,Floor,Sagging or Sloping,Bedroom,Medium
Department of Housing Preservation and Development,Flooring/Stairs,Sec 8,Yes,Apartment,Floor,Sagging or Sloping,Bathroom,Medium
Department of Housing Preservation and Development,Flooring/Stairs,Sec 8,Yes,Apartment,Floor,Sagging or Sloping,Private Hall,Medium
Department of Housing Preservation and Development,Flooring/Stairs,Sec 8,Yes,Apartment,Floor,Sagging or Sloping,Other Room/Area,Medium
Department of Housing Preservation and Development,Flooring/Stairs,Sec 8,Yes,Apartment,Floor,Tile Broken or Missing,Other Room/Area,Medium
Department of Housing Preservation and Development,Flooring/Stairs,Sec 8,Yes,Apartment,Floor,Tile Broken or Missing,Bathroom,Medium
Department of Housing Preservation and Development,Flooring/Stairs,Sec 8,Yes,Apartment,Floor,Tile Broken or Missing,Kitchen,Medium
Department of Housing Preservation and Development,Flooring/Stairs,Sec 8,Yes,Apartment,Floor,Tile Broken or Missing,Entrance/Foyer,Medium
Department of Housing Preservation and Development,Flooring/Stairs,Sec 8,Yes,Apartment,Floor,Tile Broken or Missing,Entire Apartment,Medium
Department of Housing Preservation and Development,Flooring/Stairs,DPM,Yes,Apartment,Floor,Broken or Defective,Other Room/Area,Medium
Department of Housing Preservation and Development,Flooring/Stairs,DPM,Yes,Apartment,Floor,Broken or Defective,Private Hall,Medium
Department of Housing Preservation and Development,Flooring/Stairs,DPM,Yes,Apartment,Floor,Broken or Defective,Kitchen,Medium
Department of Housing Preservation and Development,Flooring/Stairs,DPM,Yes,Apartment,Floor,Broken or Defective,Entrance/Foyer,Medium
Department of Housing Preservation and Development,Flooring/Stairs,DPM,Yes,Apartment,Floor,Broken or Defective,Living Room,Medium
Department of Housing Preservation and Development,Flooring/Stairs,DPM,Yes,Apartment,Floor,Broken or Defective,Bathroom,Medium
Department of Housing Preservation and Development,Flooring/Stairs,DPM,Yes,Apartment,Floor,Broken or Defective,Bedroom,Medium
Department of Housing Preservation and Development,Flooring/Stairs,DPM,Yes,Apartment,Floor,Broken or Defective,Entire Apartment,Medium
Department of Housing Preservation and Development,Flooring/Stairs,DPM,Yes,Apartment,Floor,Floor Covering Torn or Missing,Entire Apartment,Medium
Department of Housing Preservation and Development,Flooring/Stairs,DPM,Yes,Apartment,Floor,Floor Covering Torn or Missing,Bedroom,Medium
Department of Housing Preservation and Development,Flooring/Stairs,DPM,Yes,Apartment,Floor,Floor Covering Torn or Missing,Bathroom,Medium
Department of Housing Preservation and Development,Flooring/Stairs,DPM,Yes,Apartment,Floor,Floor Covering Torn or Missing,Living Room,Medium
Department of Housing Preservation and Development,Flooring/Stairs,DPM,Yes,Apartment,Floor,Floor Covering Torn or Missing,Entrance/Foyer,Medium
Department of Housing Preservation and Development,Flooring/Stairs,DPM,Yes,Apartment,Floor,Floor Covering Torn or Missing,Kitchen,Medium
Department of Housing Preservation and Development,Flooring/Stairs,DPM,Yes,Apartment,Floor,Floor Covering Torn or Missing,Private Hall,Medium
Department of Housing Preservation and Development,Flooring/Stairs,DPM,Yes,Apartment,Floor,Floor Covering Torn or Missing,Other Room/Area,Medium
Department of Housing Preservation and Development,Flooring/Stairs,DPM,Yes,Apartment,Floor,Hole in Non-Walking Area,Other Room/Area,Low
Department of Housing Preservation and Development,Flooring/Stairs,DPM,Yes,Apartment,Floor,Hole in Non-Walking Area,Private Hall,Low
Department of Housing Preservation and Development,Flooring/Stairs,DPM,Yes,Apartment,Floor,Hole in Non-Walking Area,Kitchen,Low
Department of Housing Preservation and Development,Flooring/Stairs,DPM,Yes,Apartment,Floor,Hole in Non-Walking Area,Entrance/Foyer,Low
Department of Housing Preservation and Development,Flooring/Stairs,DPM,Yes,Apartment,Floor,Hole in Non-Walking Area,Living Room,Low
Department of Housing Preservation and Development,Flooring/Stairs,DPM,Yes,Apartment,Floor,Hole in Non-Walking Area,Bathroom,Low
Department of Housing Preservation and Development,Flooring/Stairs,DPM,Yes,Apartment,Floor,Hole in Non-Walking Area,Bedroom,Low
Department of Housing Preservation and Development,Flooring/Stairs,DPM,Yes,Apartment,Floor,Hole in Non-Walking Area,Entire Apartment,Low
Department of Housing Preservation and Development,Flooring/Stairs,DPM,Yes,Apartment,Floor,Hole in Walking Area,Entire Apartment,High
Department of Housing Preservation and Development,Flooring/Stairs,DPM,Yes,Apartment,Floor,Hole in Walking Area,Bedroom,High
Department of Housing Preservation and Development,Flooring/Stairs,DPM,Yes,Apartment,Floor,Hole in Walking Area,Bathroom,High
Department of Housing Preservation and Development,Flooring/Stairs,DPM,Yes,Apartment,Floor,Hole in Walking Area,Living Room,High
Department of Housing Preservation and Development,Flooring/Stairs,DPM,Yes,Apartment,Floor,Hole in Walking Area,Entrance/Foyer,High
Department of Housing Preservation and Development,Flooring/Stairs,DPM,Yes,Apartment,Floor,Hole in Walking Area,Kitchen,High
Department of Housing Preservation and Development,Flooring/Stairs,DPM,Yes,Apartment,Floor,Hole in Walking Area,Private Hall,High
Department of Housing Preservation and Development,Flooring/Stairs,DPM,Yes,Apartment,Floor,Hole in Walking Area,Other Room/Area,High
Department of Housing Preservation and Development,Flooring/Stairs,DPM,Yes,Apartment,Floor,Sagging or Sloping,Other Room/Area,Medium
Department of Housing Preservation and Development,Flooring/Stairs,DPM,Yes,Apartment,Floor,Sagging or Sloping,Private Hall,Medium
Department of Housing Preservation and Development,Flooring/Stairs,DPM,Yes,Apartment,Floor,Sagging or Sloping,Kitchen,Medium
Department of Housing Preservation and Development,Flooring/Stairs,DPM,Yes,Apartment,Floor,Sagging or Sloping,Entrance/Foyer,Medium
Department of Housing Preservation and Development,Flooring/Stairs,DPM,Yes,Apartment,Floor,Sagging or Sloping,Living Room,Medium
Department of Housing Preservation and Development,Flooring/Stairs,DPM,Yes,Apartment,Floor,Sagging or Sloping,Bathroom,Medium
Department of Housing Preservation and Development,Flooring/Stairs,DPM,Yes,Apartment,Floor,Sagging or Sloping,Bedroom,Medium
Department of Housing Preservation and Development,Flooring/Stairs,DPM,Yes,Apartment,Floor,Sagging or Sloping,Entire Apartment,Medium
Department of Housing Preservation and Development,Flooring/Stairs,DPM,Yes,Apartment,Floor,Tile Broken or Missing,Entire Apartment,Medium
Department of Housing Preservation and Development,Flooring/Stairs,DPM,Yes,Apartment,Floor,Tile Broken or Missing,Bathroom,Medium
Department of Housing Preservation and Development,Flooring/Stairs,DPM,Yes,Apartment,Floor,Tile Broken or Missing,Entrance/Foyer,Medium
Department of Housing Preservation and Development,Flooring/Stairs,DPM,Yes,Apartment,Floor,Tile Broken or Missing,Kitchen,Medium
Department of Housing Preservation and Development,Flooring/Stairs,DPM,Yes,Apartment,Floor,Tile Broken or Missing,Other Room/Area,Medium
Department of Housing Preservation and Development,Flooring/Stairs,DAMP,Yes,Apartment,Floor,Broken or Defective,Other Room/Area,Medium
Department of Housing Preservation and Development,Flooring/Stairs,DAMP,Yes,Apartment,Floor,Broken or Defective,Private Hall,Medium
Department of Housing Preservation and Development,Flooring/Stairs,DAMP,Yes,Apartment,Floor,Broken or Defective,Living Room,Medium
Department of Housing Preservation and Development,Flooring/Stairs,DAMP,Yes,Apartment,Floor,Broken or Defective,Entrance/Foyer,Medium
Department of Housing Preservation and Development,Flooring/Stairs,DAMP,Yes,Apartment,Floor,Broken or Defective,Kitchen,Medium
Department of Housing Preservation and Development,Flooring/Stairs,DAMP,Yes,Apartment,Floor,Broken or Defective,Bathroom,Medium
Department of Housing Preservation and Development,Flooring/Stairs,DAMP,Yes,Apartment,Floor,Broken or Defective,Bedroom,Medium
Department of Housing Preservation and Development,Flooring/Stairs,DAMP,Yes,Apartment,Floor,Broken or Defective,Entire Apartment,Medium
Department of Housing Preservation and Development,Flooring/Stairs,DAMP,Yes,Apartment,Floor,Floor Covering Torn or Missing,Entire Apartment,Medium
Department of Housing Preservation and Development,Flooring/Stairs,DAMP,Yes,Apartment,Floor,Floor Covering Torn or Missing,Bedroom,Medium
Department of Housing Preservation and Development,Flooring/Stairs,DAMP,Yes,Apartment,Floor,Floor Covering Torn or Missing,Bathroom,Medium
Department of Housing Preservation and Development,Flooring/Stairs,DAMP,Yes,Apartment,Floor,Floor Covering Torn or Missing,Entrance/Foyer,Medium
Department of Housing Preservation and Development,Flooring/Stairs,DAMP,Yes,Apartment,Floor,Floor Covering Torn or Missing,Living Room,Medium
Department of Housing Preservation and Development,Flooring/Stairs,DAMP,Yes,Apartment,Floor,Floor Covering Torn or Missing,Kitchen,Medium
Department of Housing Preservation and Development,Flooring/Stairs,DAMP,Yes,Apartment,Floor,Floor Covering Torn or Missing,Private Hall,Medium
Department of Housing Preservation and Development,Flooring/Stairs,DAMP,Yes,Apartment,Floor,Floor Covering Torn or Missing,Other Room/Area,Medium
Department of Housing Preservation and Development,Flooring/Stairs,DAMP,Yes,Apartment,Floor,Hole in Non-Walking Area,Other Room/Area,Low
Department of Housing Preservation and Development,Flooring/Stairs,DAMP,Yes,Apartment,Floor,Hole in Non-Walking Area,Private Hall,Low
Department of Housing Preservation and Development,Flooring/Stairs,DAMP,Yes,Apartment,Floor,Hole in Non-Walking Area,Kitchen,Low
Department of Housing Preservation and Development,Flooring/Stairs,DAMP,Yes,Apartment,Floor,Hole in Non-Walking Area,Living Room,Low
Department of Housing Preservation and Development,Flooring/Stairs,DAMP,Yes,Apartment,Floor,Hole in Non-Walking Area,Entrance/Foyer,Low
Department of Housing Preservation and Development,Flooring/Stairs,DAMP,Yes,Apartment,Floor,Hole in Non-Walking Area,Bathroom,Low
Department of Housing Preservation and Development,Flooring/Stairs,DAMP,Yes,Apartment,Floor,Hole in Non-Walking Area,Bedroom,Low
Department of Housing Preservation and Development,Flooring/Stairs,DAMP,Yes,Apartment,Floor,Hole in Non-Walking Area,Entire Apartment,Low
Department of Housing Preservation and Development,Flooring/Stairs,DAMP,Yes,Apartment,Floor,Hole in Walking Area,Entire Apartment,High
Department of Housing Preservation and Development,Flooring/Stairs,DAMP,Yes,Apartment,Floor,Hole in Walking Area,Bedroom,High
Department of Housing Preservation and Development,Flooring/Stairs,DAMP,Yes,Apartment,Floor,Hole in Walking Area,Bathroom,High
Department of Housing Preservation and Development,Flooring/Stairs,DAMP,Yes,Apartment,Floor,Hole in Walking Area,Entrance/Foyer,High
Department of Housing Preservation and Development,Flooring/Stairs,DAMP,Yes,Apartment,Floor,Hole in Walking Area,Living Room,High
Department of Housing Preservation and Development,Flooring/Stairs,DAMP,Yes,Apartment,Floor,Hole in Walking Area,Kitchen,High
Department of Housing Preservation and Development,Flooring/Stairs,DAMP,Yes,Apartment,Floor,Hole in Walking Area,Private Hall,High
Department of Housing Preservation and Development,Flooring/Stairs,DAMP,Yes,Apartment,Floor,Hole in Walking Area,Other Room/Area,High
Department of Housing Preservation and Development,Flooring/Stairs,DAMP,Yes,Apartment,Floor,Sagging or Sloping,Other Room/Area,Medium
Department of Housing Preservation and Development,Flooring/Stairs,DAMP,Yes,Apartment,Floor,Sagging or Sloping,Private Hall,Medium
Department of Housing Preservation and Development,Flooring/Stairs,DAMP,Yes,Apartment,Floor,Sagging or Sloping,Kitchen,Medium
Department of Housing Preservation and Development,Flooring/Stairs,DAMP,Yes,Apartment,Floor,Sagging or Sloping,Living Room,Medium
Department of Housing Preservation and Development,Flooring/Stairs,DAMP,Yes,Apartment,Floor,Sagging or Sloping,Entrance/Foyer,Medium
Department of Housing Preservation and Development,Flooring/Stairs,DAMP,Yes,Apartment,Floor,Sagging or Sloping,Entire Apartment,Medium
Department of Housing Preservation and Development,Flooring/Stairs,DAMP,Yes,Apartment,Floor,Sagging or Sloping,Bedroom,Medium
Department of Housing Preservation and Development,Flooring/Stairs,DAMP,Yes,Apartment,Floor,Sagging or Sloping,Bathroom,Medium
Department of Housing Preservation and Development,Flooring/Stairs,DAMP,Yes,Apartment,Floor,Tile Broken or Missing,Bathroom,Medium
Department of Housing Preservation and Development,Flooring/Stairs,DAMP,Yes,Apartment,Floor,Tile Broken or Missing,Entire Apartment,Medium
Department of Housing Preservation and Development,Flooring/Stairs,DAMP,Yes,Apartment,Floor,Tile Broken or Missing,Entrance/Foyer,Medium
Department of Housing Preservation and Development,Flooring/Stairs,DAMP,Yes,Apartment,Floor,Tile Broken or Missing,Kitchen,Medium
Department of Housing Preservation and Development,Flooring/Stairs,DAMP,Yes,Apartment,Floor,Tile Broken or Missing,Other Room/Area,Medium
Department of Housing Preservation and Development,Flooring/Stairs,PVT,Yes,Public Area,Floor,Broken or Defective,Cellar,Medium
Department of Housing Preservation and Development,Flooring/Stairs,PVT,Yes,Public Area,Floor,Broken or Defective,Compactor Closet,Medium
Department of Housing Preservation and Development,Flooring/Stairs,PVT,Yes,Public Area,Floor,Broken or Defective,Boiler Room,Medium
Department of Housing Preservation and Development,Flooring/Stairs,PVT,Yes,Public Area,Floor,Broken or Defective,Basement,Medium
Department of Housing Preservation and Development,Flooring/Stairs,PVT,Yes,Public Area,Floor,Broken or Defective,Bathroom,Medium
Department of Housing Preservation and Development,Flooring/Stairs,PVT,Yes,Public Area,Floor,Broken or Defective,Hallway,Medium
Department of Housing Preservation and Development,Flooring/Stairs,PVT,Yes,Public Area,Floor,Broken or Defective,Lobby,Medium
Department of Housing Preservation and Development,Flooring/Stairs,PVT,Yes,Public Area,Floor,Broken or Defective,Laundry Room,Medium
Department of Housing Preservation and Development,Flooring/Stairs,PVT,Yes,Public Area,Floor,Broken or Defective,Kitchen,Medium
Department of Housing Preservation and Development,Flooring/Stairs,PVT,Yes,Public Area,Floor,Broken or Defective,Storage Room,Medium
Department of Housing Preservation and Development,Flooring/Stairs,PVT,Yes,Public Area,Floor,Broken or Defective,Stairs,Medium
Department of Housing Preservation and Development,Flooring/Stairs,PVT,Yes,Public Area,Floor,Broken or Defective,Meter Room,Medium
Department of Housing Preservation and Development,Flooring/Stairs,PVT,Yes,Public Area,Floor,Broken or Defective,Other Room/Area,Medium
Department of Housing Preservation and Development,Flooring/Stairs,PVT,Yes,Public Area,Floor,Floor Covering Torn or Missing,Meter Room,Medium
Department of Housing Preservation and Development,Flooring/Stairs,PVT,Yes,Public Area,Floor,Floor Covering Torn or Missing,Other Room/Area,Medium
Department of Housing Preservation and Development,Flooring/Stairs,PVT,Yes,Public Area,Floor,Floor Covering Torn or Missing,Storage Room,Medium
Department of Housing Preservation and Development,Flooring/Stairs,PVT,Yes,Public Area,Floor,Floor Covering Torn or Missing,Stairs,Medium
Department of Housing Preservation and Development,Flooring/Stairs,PVT,Yes,Public Area,Floor,Floor Covering Torn or Missing,Kitchen,Medium
Department of Housing Preservation and Development,Flooring/Stairs,PVT,Yes,Public Area,Floor,Floor Covering Torn or Missing,Laundry Room,Medium
Department of Housing Preservation and Development,Flooring/Stairs,PVT,Yes,Public Area,Floor,Floor Covering Torn or Missing,Lobby,Medium
Department of Housing Preservation and Development,Flooring/Stairs,PVT,Yes,Public Area,Floor,Floor Covering Torn or Missing,Hallway,Medium
Department of Housing Preservation and Development,Flooring/Stairs,PVT,Yes,Public Area,Floor,Floor Covering Torn or Missing,Fire Stairs/Tower,Medium
Department of Housing Preservation and Development,Flooring/Stairs,PVT,Yes,Public Area,Floor,Floor Covering Torn or Missing,Bathroom,Medium
Department of Housing Preservation and Development,Flooring/Stairs,PVT,Yes,Public Area,Floor,Floor Covering Torn or Missing,Basement,Medium
Department of Housing Preservation and Development,Flooring/Stairs,PVT,Yes,Public Area,Floor,Floor Covering Torn or Missing,Boiler Room,Medium
Department of Housing Preservation and Development,Flooring/Stairs,PVT,Yes,Public Area,Floor,Floor Covering Torn or Missing,Cellar,Medium
Department of Housing Preservation and Development,Flooring/Stairs,PVT,Yes,Public Area,Floor,Floor Covering Torn or Missing,Compactor Closet,Medium
Department of Housing Preservation and Development,Flooring/Stairs,PVT,Yes,Public Area,Floor,Hole in Non-Walking Area,Compactor Closet,Low
Department of Housing Preservation and Development,Flooring/Stairs,PVT,Yes,Public Area,Floor,Hole in Non-Walking Area,Cellar,Low
Department of Housing Preservation and Development,Flooring/Stairs,PVT,Yes,Public Area,Floor,Hole in Non-Walking Area,Boiler Room,Low
Department of Housing Preservation and Development,Flooring/Stairs,PVT,Yes,Public Area,Floor,Hole in Non-Walking Area,Building Entrance,Low
Department of Housing Preservation and Development,Flooring/Stairs,PVT,Yes,Public Area,Floor,Hole in Non-Walking Area,Basement,Low
Department of Housing Preservation and Development,Flooring/Stairs,PVT,Yes,Public Area,Floor,Hole in Non-Walking Area,Bathroom,Low
Department of Housing Preservation and Development,Flooring/Stairs,PVT,Yes,Public Area,Floor,Hole in Non-Walking Area,Fire Stairs/Tower,Low
Department of Housing Preservation and Development,Flooring/Stairs,PVT,Yes,Public Area,Floor,Hole in Non-Walking Area,Hallway,Low
Department of Housing Preservation and Development,Flooring/Stairs,PVT,Yes,Public Area,Floor,Hole in Non-Walking Area,Fire Exit/Passageway,Low
Department of Housing Preservation and Development,Flooring/Stairs,PVT,Yes,Public Area,Floor,Hole in Non-Walking Area,Lobby,Low
Department of Housing Preservation and Development,Flooring/Stairs,PVT,Yes,Public Area,Floor,Hole in Non-Walking Area,Laundry Room,Low
Department of Housing Preservation and Development,Flooring/Stairs,PVT,Yes,Public Area,Floor,Hole in Non-Walking Area,Kitchen,Low
Department of Housing Preservation and Development,Flooring/Stairs,PVT,Yes,Public Area,Floor,Hole in Non-Walking Area,Stairs,Low
Department of Housing Preservation and Development,Flooring/Stairs,PVT,Yes,Public Area,Floor,Hole in Non-Walking Area,Storage Room,Low
Department of Housing Preservation and Development,Flooring/Stairs,PVT,Yes,Public Area,Floor,Hole in Non-Walking Area,Other Room/Area,Low
Department of Housing Preservation and Development,Flooring/Stairs,PVT,Yes,Public Area,Floor,Hole in Non-Walking Area,Meter Room,Low
Department of Housing Preservation and Development,Flooring/Stairs,PVT,Yes,Public Area,Floor,Hole in Walking Area,Meter Room,High
Department of Housing Preservation and Development,Flooring/Stairs,PVT,Yes,Public Area,Floor,Hole in Walking Area,Other Room/Area,High
Department of Housing Preservation and Development,Flooring/Stairs,PVT,Yes,Public Area,Floor,Hole in Walking Area,Storage Room,High
Department of Housing Preservation and Development,Flooring/Stairs,PVT,Yes,Public Area,Floor,Hole in Walking Area,Stairs,High
Department of Housing Preservation and Development,Flooring/Stairs,PVT,Yes,Public Area,Floor,Hole in Walking Area,Kitchen,High
Department of Housing Preservation and Development,Flooring/Stairs,PVT,Yes,Public Area,Floor,Hole in Walking Area,Laundry Room,High
Department of Housing Preservation and Development,Flooring/Stairs,PVT,Yes,Public Area,Floor,Hole in Walking Area,Lobby,High
Department of Housing Preservation and Development,Flooring/Stairs,PVT,Yes,Public Area,Floor,Hole in Walking Area,Fire Exit/Passageway,High
Department of Housing Preservation and Development,Flooring/Stairs,PVT,Yes,Public Area,Floor,Hole in Walking Area,Fire Escape/Egress,High
Department of Housing Preservation and Development,Flooring/Stairs,PVT,Yes,Public Area,Floor,Hole in Walking Area,Hallway,High
Department of Housing Preservation and Development,Flooring/Stairs,PVT,Yes,Public Area,Floor,Hole in Walking Area,Fire Stairs/Tower,High
Department of Housing Preservation and Development,Flooring/Stairs,PVT,Yes,Public Area,Floor,Hole in Walking Area,Bathroom,High
Department of Housing Preservation and Development,Flooring/Stairs,PVT,Yes,Public Area,Floor,Hole in Walking Area,Basement,High
Department of Housing Preservation and Development,Flooring/Stairs,PVT,Yes,Public Area,Floor,Hole in Walking Area,Building Entrance,High
Department of Housing Preservation and Development,Flooring/Stairs,PVT,Yes,Public Area,Floor,Hole in Walking Area,Boiler Room,High
Department of Housing Preservation and Development,Flooring/Stairs,PVT,Yes,Public Area,Floor,Hole in Walking Area,Cellar,High
Department of Housing Preservation and Development,Flooring/Stairs,PVT,Yes,Public Area,Floor,Hole in Walking Area,Compactor Closet,High
Department of Housing Preservation and Development,Flooring/Stairs,PVT,Yes,Public Area,Floor,Sagging or Sloping,Compactor Closet,Medium
Department of Housing Preservation and Development,Flooring/Stairs,PVT,Yes,Public Area,Floor,Sagging or Sloping,Bathroom,Medium
Department of Housing Preservation and Development,Flooring/Stairs,PVT,Yes,Public Area,Floor,Sagging or Sloping,Hallway,Medium
Department of Housing Preservation and Development,Flooring/Stairs,PVT,Yes,Public Area,Floor,Sagging or Sloping,Lobby,Medium
Department of Housing Preservation and Development,Flooring/Stairs,PVT,Yes,Public Area,Floor,Sagging or Sloping,Kitchen,Medium
Department of Housing Preservation and Development,Flooring/Stairs,PVT,Yes,Public Area,Floor,Sagging or Sloping,Storage Room,Medium
Department of Housing Preservation and Development,Flooring/Stairs,PVT,Yes,Public Area,Floor,Tile Broken or Missing,Stairs,Medium
Department of Housing Preservation and Development,Flooring/Stairs,PVT,Yes,Public Area,Floor,Tile Broken or Missing,Other Room/Area,Medium
Department of Housing Preservation and Development,Flooring/Stairs,PVT,Yes,Public Area,Floor,Tile Broken or Missing,Kitchen,Medium
Department of Housing Preservation and Development,Flooring/Stairs,PVT,Yes,Public Area,Floor,Tile Broken or Missing,Lobby,Medium
Department of Housing Preservation and Development,Flooring/Stairs,PVT,Yes,Public Area,Floor,Tile Broken or Missing,Hallway,Medium
Department of Housing Preservation and Development,Flooring/Stairs,PVT,Yes,Public Area,Floor,Tile Broken or Missing,Bathroom,Medium
Department of Housing Preservation and Development,Flooring/Stairs,PVT,Yes,Public Area,Stairs,Banister Hanging/Missing/Loose,Stairs,High
Department of Housing Preservation and Development,Flooring/Stairs,PVT,Yes,Public Area,Stairs,Consecutive Steps Broken/Missing,Stairs,Medium
Department of Housing Preservation and Development,Flooring/Stairs,PVT,Yes,Public Area,Stairs,Handrail Missing from Wall,Stairs,Medium
Department of Housing Preservation and Development,Flooring/Stairs,PVT,Yes,Public Area,Stairs,Landing Platform Broken,Stairs,High
Department of Housing Preservation and Development,Flooring/Stairs,PVT,Yes,Public Area,Stairs,Landing Platform Missing,Stairs,High
Department of Housing Preservation and Development,Flooring/Stairs,PVT,Yes,Public Area,Stairs,Stair Covering Torn or Missing,Stairs,Medium
Department of Housing Preservation and Development,Flooring/Stairs,PVT,Yes,Public Area,Stairs,Staircase Sagging or Missing,Stairs,High
Department of Housing Preservation and Development,Flooring/Stairs,PVT,Yes,Public Area,Stairs,Step Loose/Broken/Cracked/Missing,Stairs,Medium
Department of Housing Preservation and Development,Flooring/Stairs,DPM,Yes,Public Area,Floor,Broken or Defective,Compactor Closet,Medium
Department of Housing Preservation and Development,Flooring/Stairs,DPM,Yes,Public Area,Floor,Broken or Defective,Boiler Room,Medium
Department of Housing Preservation and Development,Flooring/Stairs,DPM,Yes,Public Area,Floor,Broken or Defective,Cellar,Medium
Department of Housing Preservation and Development,Flooring/Stairs,DPM,Yes,Public Area,Floor,Broken or Defective,Basement,Medium
Department of Housing Preservation and Development,Flooring/Stairs,DPM,Yes,Public Area,Floor,Broken or Defective,Bathroom,Medium
Department of Housing Preservation and Development,Flooring/Stairs,DPM,Yes,Public Area,Floor,Broken or Defective,Hallway,Medium
Department of Housing Preservation and Development,Flooring/Stairs,DPM,Yes,Public Area,Floor,Broken or Defective,Kitchen,Medium
Department of Housing Preservation and Development,Flooring/Stairs,DPM,Yes,Public Area,Floor,Broken or Defective,Meter Room,Medium
Department of Housing Preservation and Development,Flooring/Stairs,DPM,Yes,Public Area,Floor,Broken or Defective,Lobby,Medium
Department of Housing Preservation and Development,Flooring/Stairs,DPM,Yes,Public Area,Floor,Broken or Defective,Laundry Room,Medium
Department of Housing Preservation and Development,Flooring/Stairs,DPM,Yes,Public Area,Floor,Broken or Defective,Stairs,Medium
Department of Housing Preservation and Development,Flooring/Stairs,DPM,Yes,Public Area,Floor,Broken or Defective,Other Room/Area,Medium
Department of Housing Preservation and Development,Flooring/Stairs,DPM,Yes,Public Area,Floor,Broken or Defective,Storage Room,Medium
Department of Housing Preservation and Development,Flooring/Stairs,DPM,Yes,Public Area,Floor,Floor Covering Torn or Missing,Storage Room,Medium
Department of Housing Preservation and Development,Flooring/Stairs,DPM,Yes,Public Area,Floor,Floor Covering Torn or Missing,Other Room/Area,Medium
Department of Housing Preservation and Development,Flooring/Stairs,DPM,Yes,Public Area,Floor,Floor Covering Torn or Missing,Stairs,Medium
Department of Housing Preservation and Development,Flooring/Stairs,DPM,Yes,Public Area,Floor,Floor Covering Torn or Missing,Laundry Room,Medium
Department of Housing Preservation and Development,Flooring/Stairs,DPM,Yes,Public Area,Floor,Floor Covering Torn or Missing,Lobby,Medium
Department of Housing Preservation and Development,Flooring/Stairs,DPM,Yes,Public Area,Floor,Floor Covering Torn or Missing,Meter Room,Medium
Department of Housing Preservation and Development,Flooring/Stairs,DPM,Yes,Public Area,Floor,Floor Covering Torn or Missing,Kitchen,Medium
Department of Housing Preservation and Development,Flooring/Stairs,DPM,Yes,Public Area,Floor,Floor Covering Torn or Missing,Fire Stairs/Tower,Medium
Department of Housing Preservation and Development,Flooring/Stairs,DPM,Yes,Public Area,Floor,Floor Covering Torn or Missing,Hallway,Medium
Department of Housing Preservation and Development,Flooring/Stairs,DPM,Yes,Public Area,Floor,Floor Covering Torn or Missing,Bathroom,Medium
Department of Housing Preservation and Development,Flooring/Stairs,DPM,Yes,Public Area,Floor,Floor Covering Torn or Missing,Basement,Medium
Department of Housing Preservation and Development,Flooring/Stairs,DPM,Yes,Public Area,Floor,Floor Covering Torn or Missing,Cellar,Medium
Department of Housing Preservation and Development,Flooring/Stairs,DPM,Yes,Public Area,Floor,Floor Covering Torn or Missing,Boiler Room,Medium
Department of Housing Preservation and Development,Flooring/Stairs,DPM,Yes,Public Area,Floor,Floor Covering Torn or Missing,Compactor Closet,Medium
Department of Housing Preservation and Development,Flooring/Stairs,DPM,Yes,Public Area,Floor,Hole in Non-Walking Area,Compactor Closet,Low
Department of Housing Preservation and Development,Flooring/Stairs,DPM,Yes,Public Area,Floor,Hole in Non-Walking Area,Boiler Room,Low
Department of Housing Preservation and Development,Flooring/Stairs,DPM,Yes,Public Area,Floor,Hole in Non-Walking Area,Building Entrance,Low
Department of Housing Preservation and Development,Flooring/Stairs,DPM,Yes,Public Area,Floor,Hole in Non-Walking Area,Cellar,Low
Department of Housing Preservation and Development,Flooring/Stairs,DPM,Yes,Public Area,Floor,Hole in Non-Walking Area,Basement,Low
Department of Housing Preservation and Development,Flooring/Stairs,DPM,Yes,Public Area,Floor,Hole in Non-Walking Area,Bathroom,Low
Department of Housing Preservation and Development,Flooring/Stairs,DPM,Yes,Public Area,Floor,Hole in Non-Walking Area,Hallway,Low
Department of Housing Preservation and Development,Flooring/Stairs,DPM,Yes,Public Area,Floor,Hole in Non-Walking Area,Fire Stairs/Tower,Low
Department of Housing Preservation and Development,Flooring/Stairs,DPM,Yes,Public Area,Floor,Hole in Non-Walking Area,Kitchen,Low
Department of Housing Preservation and Development,Flooring/Stairs,DPM,Yes,Public Area,Floor,Hole in Non-Walking Area,Fire Exit/Passageway,Low
Department of Housing Preservation and Development,Flooring/Stairs,DPM,Yes,Public Area,Floor,Hole in Non-Walking Area,Meter Room,Low
Department of Housing Preservation and Development,Flooring/Stairs,DPM,Yes,Public Area,Floor,Hole in Non-Walking Area,Lobby,Low
Department of Housing Preservation and Development,Flooring/Stairs,DPM,Yes,Public Area,Floor,Hole in Non-Walking Area,Laundry Room,Low
Department of Housing Preservation and Development,Flooring/Stairs,DPM,Yes,Public Area,Floor,Hole in Non-Walking Area,Stairs,Low
Department of Housing Preservation and Development,Flooring/Stairs,DPM,Yes,Public Area,Floor,Hole in Non-Walking Area,Other Room/Area,Low
Department of Housing Preservation and Development,Flooring/Stairs,DPM,Yes,Public Area,Floor,Hole in Non-Walking Area,Storage Room,Low
Department of Housing Preservation and Development,Flooring/Stairs,DPM,Yes,Public Area,Floor,Hole in Walking Area,Storage Room,High
Department of Housing Preservation and Development,Flooring/Stairs,DPM,Yes,Public Area,Floor,Hole in Walking Area,Other Room/Area,High
Department of Housing Preservation and Development,Flooring/Stairs,DPM,Yes,Public Area,Floor,Hole in Walking Area,Stairs,High
Department of Housing Preservation and Development,Flooring/Stairs,DPM,Yes,Public Area,Floor,Hole in Walking Area,Laundry Room,High
Department of Housing Preservation and Development,Flooring/Stairs,DPM,Yes,Public Area,Floor,Hole in Walking Area,Lobby,High
Department of Housing Preservation and Development,Flooring/Stairs,DPM,Yes,Public Area,Floor,Hole in Walking Area,Meter Room,High
Department of Housing Preservation and Development,Flooring/Stairs,DPM,Yes,Public Area,Floor,Hole in Walking Area,Fire Exit/Passageway,High
Department of Housing Preservation and Development,Flooring/Stairs,DPM,Yes,Public Area,Floor,Hole in Walking Area,Fire Escape/Egress,High
Department of Housing Preservation and Development,Flooring/Stairs,DPM,Yes,Public Area,Floor,Hole in Walking Area,Kitchen,High
Department of Housing Preservation and Development,Flooring/Stairs,DPM,Yes,Public Area,Floor,Hole in Walking Area,Fire Stairs/Tower,High
Department of Housing Preservation and Development,Flooring/Stairs,DPM,Yes,Public Area,Floor,Hole in Walking Area,Hallway,High
Department of Housing Preservation and Development,Flooring/Stairs,DPM,Yes,Public Area,Floor,Hole in Walking Area,Bathroom,High
Department of Housing Preservation and Development,Flooring/Stairs,DPM,Yes,Public Area,Floor,Hole in Walking Area,Basement,High
Department of Housing Preservation and Development,Flooring/Stairs,DPM,Yes,Public Area,Floor,Hole in Walking Area,Cellar,High
Department of Housing Preservation and Development,Flooring/Stairs,DPM,Yes,Public Area,Floor,Hole in Walking Area,Building Entrance,High
Department of Housing Preservation and Development,Flooring/Stairs,DPM,Yes,Public Area,Floor,Hole in Walking Area,Boiler Room,High
Department of Housing Preservation and Development,Flooring/Stairs,DPM,Yes,Public Area,Floor,Hole in Walking Area,Compactor Closet,High
Department of Housing Preservation and Development,Flooring/Stairs,DPM,Yes,Public Area,Floor,Sagging or Sloping,Compactor Closet,Medium
Department of Housing Preservation and Development,Flooring/Stairs,DPM,Yes,Public Area,Floor,Sagging or Sloping,Bathroom,Medium
Department of Housing Preservation and Development,Flooring/Stairs,DPM,Yes,Public Area,Floor,Sagging or Sloping,Hallway,Medium
Department of Housing Preservation and Development,Flooring/Stairs,DPM,Yes,Public Area,Floor,Sagging or Sloping,Kitchen,Medium
Department of Housing Preservation and Development,Flooring/Stairs,DPM,Yes,Public Area,Floor,Sagging or Sloping,Lobby,Medium
Department of Housing Preservation and Development,Flooring/Stairs,DPM,Yes,Public Area,Floor,Sagging or Sloping,Storage Room,Medium
Department of Housing Preservation and Development,Flooring/Stairs,DPM,Yes,Public Area,Floor,Tile Broken or Missing,Stairs,Medium
Department of Housing Preservation and Development,Flooring/Stairs,DPM,Yes,Public Area,Floor,Tile Broken or Missing,Other Room/Area,Medium
Department of Housing Preservation and Development,Flooring/Stairs,DPM,Yes,Public Area,Floor,Tile Broken or Missing,Lobby,Medium
Department of Housing Preservation and Development,Flooring/Stairs,DPM,Yes,Public Area,Floor,Tile Broken or Missing,Kitchen,Medium
Department of Housing Preservation and Development,Flooring/Stairs,DPM,Yes,Public Area,Floor,Tile Broken or Missing,Hallway,Medium
Department of Housing Preservation and Development,Flooring/Stairs,DPM,Yes,Public Area,Floor,Tile Broken or Missing,Bathroom,Medium
Department of Housing Preservation and Development,Flooring/Stairs,DPM,Yes,Public Area,Stairs,Banister Hanging/Missing/Loose,Stairs,High
Department of Housing Preservation and Development,Flooring/Stairs,DPM,Yes,Public Area,Stairs,Consecutive Steps Broken/Missing,Stairs,Medium
Department of Housing Preservation and Development,Flooring/Stairs,DPM,Yes,Public Area,Stairs,Handrail Missing from Wall,Stairs,Medium
Department of Housing Preservation and Development,Flooring/Stairs,DPM,Yes,Public Area,Stairs,Landing Platform Broken,Stairs,High
Department of Housing Preservation and Development,Flooring/Stairs,DPM,Yes,Public Area,Stairs,Landing Platform Missing,Stairs,High
Department of Housing Preservation and Development,Flooring/Stairs,DPM,Yes,Public Area,Stairs,Stair Covering Torn or Missing,Stairs,Medium
Department of Housing Preservation and Development,Flooring/Stairs,DPM,Yes,Public Area,Stairs,Staircase Sagging or Missing,Stairs,High
Department of Housing Preservation and Development,Flooring/Stairs,DPM,Yes,Public Area,Stairs,Step Loose/Broken/Cracked/Missing,Stairs,Medium
Department of Housing Preservation and Development,Flooring/Stairs,Sec 8,Yes,Public Area,Floor,Broken or Defective,Cellar,Medium
Department of Housing Preservation and Development,Flooring/Stairs,Sec 8,Yes,Public Area,Floor,Broken or Defective,Compactor Closet,Medium
Department of Housing Preservation and Development,Flooring/Stairs,Sec 8,Yes,Public Area,Floor,Broken or Defective,Boiler Room,Medium
Department of Housing Preservation and Development,Flooring/Stairs,Sec 8,Yes,Public Area,Floor,Broken or Defective,Basement,Medium
Department of Housing Preservation and Development,Flooring/Stairs,Sec 8,Yes,Public Area,Floor,Broken or Defective,Bathroom,Medium
Department of Housing Preservation and Development,Flooring/Stairs,Sec 8,Yes,Public Area,Floor,Broken or Defective,Hallway,Medium
Department of Housing Preservation and Development,Flooring/Stairs,Sec 8,Yes,Public Area,Floor,Broken or Defective,Lobby,Medium
Department of Housing Preservation and Development,Flooring/Stairs,Sec 8,Yes,Public Area,Floor,Broken or Defective,Kitchen,Medium
Department of Housing Preservation and Development,Flooring/Stairs,Sec 8,Yes,Public Area,Floor,Broken or Defective,Laundry Room,Medium
Department of Housing Preservation and Development,Flooring/Stairs,Sec 8,Yes,Public Area,Floor,Broken or Defective,Stairs,Medium
Department of Housing Preservation and Development,Flooring/Stairs,Sec 8,Yes,Public Area,Floor,Broken or Defective,Meter Room,Medium
Department of Housing Preservation and Development,Flooring/Stairs,Sec 8,Yes,Public Area,Floor,Broken or Defective,Other Room/Area,Medium
Department of Housing Preservation and Development,Flooring/Stairs,Sec 8,Yes,Public Area,Floor,Broken or Defective,Storage Room,Medium
Department of Housing Preservation and Development,Flooring/Stairs,Sec 8,Yes,Public Area,Floor,Floor Covering Torn or Missing,Storage Room,Medium
Department of Housing Preservation and Development,Flooring/Stairs,Sec 8,Yes,Public Area,Floor,Floor Covering Torn or Missing,Other Room/Area,Medium
Department of Housing Preservation and Development,Flooring/Stairs,Sec 8,Yes,Public Area,Floor,Floor Covering Torn or Missing,Meter Room,Medium
Department of Housing Preservation and Development,Flooring/Stairs,Sec 8,Yes,Public Area,Floor,Floor Covering Torn or Missing,Stairs,Medium
Department of Housing Preservation and Development,Flooring/Stairs,Sec 8,Yes,Public Area,Floor,Floor Covering Torn or Missing,Laundry Room,Medium
Department of Housing Preservation and Development,Flooring/Stairs,Sec 8,Yes,Public Area,Floor,Floor Covering Torn or Missing,Kitchen,Medium
Department of Housing Preservation and Development,Flooring/Stairs,Sec 8,Yes,Public Area,Floor,Floor Covering Torn or Missing,Lobby,Medium
Department of Housing Preservation and Development,Flooring/Stairs,Sec 8,Yes,Public Area,Floor,Floor Covering Torn or Missing,Hallway,Medium
Department of Housing Preservation and Development,Flooring/Stairs,Sec 8,Yes,Public Area,Floor,Floor Covering Torn or Missing,Fire Stairs/Tower,Medium
Department of Housing Preservation and Development,Flooring/Stairs,Sec 8,Yes,Public Area,Floor,Floor Covering Torn or Missing,Bathroom,Medium
Department of Housing Preservation and Development,Flooring/Stairs,Sec 8,Yes,Public Area,Floor,Floor Covering Torn or Missing,Basement,Medium
Department of Housing Preservation and Development,Flooring/Stairs,Sec 8,Yes,Public Area,Floor,Floor Covering Torn or Missing,Boiler Room,Medium
Department of Housing Preservation and Development,Flooring/Stairs,Sec 8,Yes,Public Area,Floor,Floor Covering Torn or Missing,Compactor Closet,Medium
Department of Housing Preservation and Development,Flooring/Stairs,Sec 8,Yes,Public Area,Floor,Floor Covering Torn or Missing,Cellar,Medium
Department of Housing Preservation and Development,Flooring/Stairs,Sec 8,Yes,Public Area,Floor,Hole in Non-Walking Area,Cellar,Low
Department of Housing Preservation and Development,Flooring/Stairs,Sec 8,Yes,Public Area,Floor,Hole in Non-Walking Area,Compactor Closet,Low
Department of Housing Preservation and Development,Flooring/Stairs,Sec 8,Yes,Public Area,Floor,Hole in Non-Walking Area,Boiler Room,Low
Department of Housing Preservation and Development,Flooring/Stairs,Sec 8,Yes,Public Area,Floor,Hole in Non-Walking Area,Building Entrance,Low
Department of Housing Preservation and Development,Flooring/Stairs,Sec 8,Yes,Public Area,Floor,Hole in Non-Walking Area,Basement,Low
Department of Housing Preservation and Development,Flooring/Stairs,Sec 8,Yes,Public Area,Floor,Hole in Non-Walking Area,Bathroom,Low
Department of Housing Preservation and Development,Flooring/Stairs,Sec 8,Yes,Public Area,Floor,Hole in Non-Walking Area,Fire Stairs/Tower,Low
Department of Housing Preservation and Development,Flooring/Stairs,Sec 8,Yes,Public Area,Floor,Hole in Non-Walking Area,Hallway,Low
Department of Housing Preservation and Development,Flooring/Stairs,Sec 8,Yes,Public Area,Floor,Hole in Non-Walking Area,Fire Exit/Passageway,Low
Department of Housing Preservation and Development,Flooring/Stairs,Sec 8,Yes,Public Area,Floor,Hole in Non-Walking Area,Lobby,Low
Department of Housing Preservation and Development,Flooring/Stairs,Sec 8,Yes,Public Area,Floor,Hole in Non-Walking Area,Kitchen,Low
Department of Housing Preservation and Development,Flooring/Stairs,Sec 8,Yes,Public Area,Floor,Hole in Non-Walking Area,Laundry Room,Low
Department of Housing Preservation and Development,Flooring/Stairs,Sec 8,Yes,Public Area,Floor,Hole in Non-Walking Area,Stairs,Low
Department of Housing Preservation and Development,Flooring/Stairs,Sec 8,Yes,Public Area,Floor,Hole in Non-Walking Area,Meter Room,Low
Department of Housing Preservation and Development,Flooring/Stairs,Sec 8,Yes,Public Area,Floor,Hole in Non-Walking Area,Other Room/Area,Low
Department of Housing Preservation and Development,Flooring/Stairs,Sec 8,Yes,Public Area,Floor,Hole in Non-Walking Area,Storage Room,Low
Department of Housing Preservation and Development,Flooring/Stairs,Sec 8,Yes,Public Area,Floor,Hole in Walking Area,Storage Room,High
Department of Housing Preservation and Development,Flooring/Stairs,Sec 8,Yes,Public Area,Floor,Hole in Walking Area,Other Room/Area,High
Department of Housing Preservation and Development,Flooring/Stairs,Sec 8,Yes,Public Area,Floor,Hole in Walking Area,Meter Room,High
Department of Housing Preservation and Development,Flooring/Stairs,Sec 8,Yes,Public Area,Floor,Hole in Walking Area,Stairs,High
Department of Housing Preservation and Development,Flooring/Stairs,Sec 8,Yes,Public Area,Floor,Hole in Walking Area,Laundry Room,High
Department of Housing Preservation and Development,Flooring/Stairs,Sec 8,Yes,Public Area,Floor,Hole in Walking Area,Kitchen,High
Department of Housing Preservation and Development,Flooring/Stairs,Sec 8,Yes,Public Area,Floor,Hole in Walking Area,Lobby,High
Department of Housing Preservation and Development,Flooring/Stairs,Sec 8,Yes,Public Area,Floor,Hole in Walking Area,Fire Exit/Passageway,High
Department of Housing Preservation and Development,Flooring/Stairs,Sec 8,Yes,Public Area,Floor,Hole in Walking Area,Fire Escape/Egress,High
Department of Housing Preservation and Development,Flooring/Stairs,Sec 8,Yes,Public Area,Floor,Hole in Walking Area,Hallway,High
Department of Housing Preservation and Development,Flooring/Stairs,Sec 8,Yes,Public Area,Floor,Hole in Walking Area,Fire Stairs/Tower,High
Department of Housing Preservation and Development,Flooring/Stairs,Sec 8,Yes,Public Area,Floor,Hole in Walking Area,Bathroom,High
Department of Housing Preservation and Development,Flooring/Stairs,Sec 8,Yes,Public Area,Floor,Hole in Walking Area,Basement,High
Department of Housing Preservation and Development,Flooring/Stairs,Sec 8,Yes,Public Area,Floor,Hole in Walking Area,Building Entrance,High
Department of Housing Preservation and Development,Flooring/Stairs,Sec 8,Yes,Public Area,Floor,Hole in Walking Area,Boiler Room,High
Department of Housing Preservation and Development,Flooring/Stairs,Sec 8,Yes,Public Area,Floor,Hole in Walking Area,Compactor Closet,High
Department of Housing Preservation and Development,Flooring/Stairs,Sec 8,Yes,Public Area,Floor,Hole in Walking Area,Cellar,High
Department of Housing Preservation and Development,Flooring/Stairs,Sec 8,Yes,Public Area,Floor,Sagging or Sloping,Compactor Closet,Medium
Department of Housing Preservation and Development,Flooring/Stairs,Sec 8,Yes,Public Area,Floor,Sagging or Sloping,Bathroom,Medium
Department of Housing Preservation and Development,Flooring/Stairs,Sec 8,Yes,Public Area,Floor,Sagging or Sloping,Hallway,Medium
Department of Housing Preservation and Development,Flooring/Stairs,Sec 8,Yes,Public Area,Floor,Sagging or Sloping,Lobby,Medium
Department of Housing Preservation and Development,Flooring/Stairs,Sec 8,Yes,Public Area,Floor,Sagging or Sloping,Kitchen,Medium
Department of Housing Preservation and Development,Flooring/Stairs,Sec 8,Yes,Public Area,Floor,Sagging or Sloping,Storage Room,Medium
Department of Housing Preservation and Development,Flooring/Stairs,Sec 8,Yes,Public Area,Floor,Tile Broken or Missing,Stairs,Medium
Department of Housing Preservation and Development,Flooring/Stairs,Sec 8,Yes,Public Area,Floor,Tile Broken or Missing,Other Room/Area,Medium
Department of Housing Preservation and Development,Flooring/Stairs,Sec 8,Yes,Public Area,Floor,Tile Broken or Missing,Kitchen,Medium
Department of Housing Preservation and Development,Flooring/Stairs,Sec 8,Yes,Public Area,Floor,Tile Broken or Missing,Lobby,Medium
Department of Housing Preservation and Development,Flooring/Stairs,Sec 8,Yes,Public Area,Floor,Tile Broken or Missing,Hallway,Medium
Department of Housing Preservation and Development,Flooring/Stairs,Sec 8,Yes,Public Area,Floor,Tile Broken or Missing,Bathroom,Medium
Department of Housing Preservation and Development,Flooring/Stairs,Sec 8,Yes,Public Area,Stairs,Banister Hanging/Missing/Loose,Stairs,High
Department of Housing Preservation and Development,Flooring/Stairs,Sec 8,Yes,Public Area,Stairs,Consecutive Steps Broken/Missing,Stairs,Medium
Department of Housing Preservation and Development,Flooring/Stairs,Sec 8,Yes,Public Area,Stairs,Handrail Missing from Wall,Stairs,Medium
Department of Housing Preservation and Development,Flooring/Stairs,Sec 8,Yes,Public Area,Stairs,Landing Platform Broken,Stairs,High
Department of Housing Preservation and Development,Flooring/Stairs,Sec 8,Yes,Public Area,Stairs,Landing Platform Missing,Stairs,High
Department of Housing Preservation and Development,Flooring/Stairs,Sec 8,Yes,Public Area,Stairs,Stair Covering Torn or Missing,Stairs,Medium
Department of Housing Preservation and Development,Flooring/Stairs,Sec 8,Yes,Public Area,Stairs,Staircase Sagging or Missing,Stairs,High
Department of Housing Preservation and Development,Flooring/Stairs,Sec 8,Yes,Public Area,Stairs,Step Loose/Broken/Cracked/Missing,Stairs,Medium
Department of Housing Preservation and Development,Flooring/Stairs,PVT,Yes,Apartment,Floor,Broken or Defective,Entire Apartment,Medium
Department of Housing Preservation and Development,Flooring/Stairs,PVT,Yes,Apartment,Floor,Broken or Defective,Entrance/Foyer,Medium
Department of Housing Preservation and Development,Flooring/Stairs,PVT,Yes,Apartment,Floor,Broken or Defective,Kitchen,Medium
Department of Housing Preservation and Development,Flooring/Stairs,PVT,Yes,Apartment,Floor,Broken or Defective,Living Room,Medium
Department of Housing Preservation and Development,Flooring/Stairs,PVT,Yes,Apartment,Floor,Broken or Defective,Bedroom,Medium
Department of Housing Preservation and Development,Flooring/Stairs,PVT,Yes,Apartment,Floor,Broken or Defective,Bathroom,Medium
Department of Housing Preservation and Development,Flooring/Stairs,PVT,Yes,Apartment,Floor,Broken or Defective,Private Hall,Medium
Department of Housing Preservation and Development,Flooring/Stairs,PVT,Yes,Apartment,Floor,Broken or Defective,Other Room/Area,Medium
Department of Housing Preservation and Development,Flooring/Stairs,PVT,Yes,Apartment,Floor,Floor Covering Torn or Missing,Private Hall,Medium
Department of Housing Preservation and Development,Flooring/Stairs,PVT,Yes,Apartment,Floor,Floor Covering Torn or Missing,Other Room/Area,Medium
Department of Housing Preservation and Development,Flooring/Stairs,PVT,Yes,Apartment,Floor,Floor Covering Torn or Missing,Bathroom,Medium
Department of Housing Preservation and Development,Flooring/Stairs,PVT,Yes,Apartment,Floor,Floor Covering Torn or Missing,Bedroom,Medium
Department of Housing Preservation and Development,Flooring/Stairs,PVT,Yes,Apartment,Floor,Floor Covering Torn or Missing,Living Room,Medium
Department of Housing Preservation and Development,Flooring/Stairs,PVT,Yes,Apartment,Floor,Floor Covering Torn or Missing,Kitchen,Medium
Department of Housing Preservation and Development,Flooring/Stairs,PVT,Yes,Apartment,Floor,Floor Covering Torn or Missing,Entrance/Foyer,Medium
Department of Housing Preservation and Development,Flooring/Stairs,PVT,Yes,Apartment,Floor,Floor Covering Torn or Missing,Entire Apartment,Medium
Department of Housing Preservation and Development,Flooring/Stairs,PVT,Yes,Apartment,Floor,Hole in Non-Walking Area,Entire Apartment,Low
Department of Housing Preservation and Development,Flooring/Stairs,PVT,Yes,Apartment,Floor,Hole in Non-Walking Area,Entrance/Foyer,Low
Department of Housing Preservation and Development,Flooring/Stairs,PVT,Yes,Apartment,Floor,Hole in Non-Walking Area,Kitchen,Low
Department of Housing Preservation and Development,Flooring/Stairs,PVT,Yes,Apartment,Floor,Hole in Non-Walking Area,Living Room,Low
Department of Housing Preservation and Development,Flooring/Stairs,PVT,Yes,Apartment,Floor,Hole in Non-Walking Area,Bedroom,Low
Department of Housing Preservation and Development,Flooring/Stairs,PVT,Yes,Apartment,Floor,Hole in Non-Walking Area,Bathroom,Low
Department of Housing Preservation and Development,Flooring/Stairs,PVT,Yes,Apartment,Floor,Hole in Non-Walking Area,Other Room/Area,Low
Department of Housing Preservation and Development,Flooring/Stairs,PVT,Yes,Apartment,Floor,Hole in Non-Walking Area,Private Hall,Low
Department of Housing Preservation and Development,Flooring/Stairs,PVT,Yes,Apartment,Floor,Hole in Walking Area,Private Hall,High
Department of Housing Preservation and Development,Flooring/Stairs,PVT,Yes,Apartment,Floor,Hole in Walking Area,Other Room/Area,High
Department of Housing Preservation and Development,Flooring/Stairs,PVT,Yes,Apartment,Floor,Hole in Walking Area,Bathroom,High
Department of Housing Preservation and Development,Flooring/Stairs,PVT,Yes,Apartment,Floor,Hole in Walking Area,Bedroom,High
Department of Housing Preservation and Development,Flooring/Stairs,PVT,Yes,Apartment,Floor,Hole in Walking Area,Living Room,High
Department of Housing Preservation and Development,Flooring/Stairs,PVT,Yes,Apartment,Floor,Hole in Walking Area,Kitchen,High
Department of Housing Preservation and Development,Flooring/Stairs,PVT,Yes,Apartment,Floor,Hole in Walking Area,Entrance/Foyer,High
Department of Housing Preservation and Development,Flooring/Stairs,PVT,Yes,Apartment,Floor,Hole in Walking Area,Entire Apartment,High
Department of Housing Preservation and Development,Flooring/Stairs,PVT,Yes,Apartment,Floor,Sagging or Sloping,Entire Apartment,Medium
Department of Housing Preservation and Development,Flooring/Stairs,PVT,Yes,Apartment,Floor,Sagging or Sloping,Entrance/Foyer,Medium
Department of Housing Preservation and Development,Flooring/Stairs,PVT,Yes,Apartment,Floor,Sagging or Sloping,Kitchen,Medium
Department of Housing Preservation and Development,Flooring/Stairs,PVT,Yes,Apartment,Floor,Sagging or Sloping,Living Room,Medium
Department of Housing Preservation and Development,Flooring/Stairs,PVT,Yes,Apartment,Floor,Sagging or Sloping,Bedroom,Medium
Department of Housing Preservation and Development,Flooring/Stairs,PVT,Yes,Apartment,Floor,Sagging or Sloping,Bathroom,Medium
Department of Housing Preservation and Development,Flooring/Stairs,PVT,Yes,Apartment,Floor,Sagging or Sloping,Other Room/Area,Medium
Department of Housing Preservation and Development,Flooring/Stairs,PVT,Yes,Apartment,Floor,Sagging or Sloping,Private Hall,Medium
Department of Housing Preservation and Development,Flooring/Stairs,PVT,Yes,Apartment,Floor,Tile Broken or Missing,Other Room/Area,Medium
Department of Housing Preservation and Development,Flooring/Stairs,PVT,Yes,Apartment,Floor,Tile Broken or Missing,Bathroom,Medium
Department of Housing Preservation and Development,Flooring/Stairs,PVT,Yes,Apartment,Floor,Tile Broken or Missing,Kitchen,Medium
Department of Housing Preservation and Development,Flooring/Stairs,PVT,Yes,Apartment,Floor,Tile Broken or Missing,Entrance/Foyer,Medium
Department of Housing Preservation and Development,Flooring/Stairs,PVT,Yes,Apartment,Floor,Tile Broken or Missing,Entire Apartment,
Department of Housing Preservation and Development,General,PVT,Yes,Apartment,Bell/Buzzer/Intercom,Broken or Missing,Entrance/Foyer,Low
Department of Housing Preservation and Development,General,PVT,Yes,Apartment,Bell/Buzzer/Intercom,Broken or Missing,Private Hall,Low
Department of Housing Preservation and Development,General,PVT,Yes,Apartment,Bell/Buzzer/Intercom,Broken or Missing,Other Room/Area,Low
Department of Housing Preservation and Development,General,PVT,Yes,Apartment,Bell/Buzzer/Intercom,Inaccessible,Entire Apartment,Medium
Department of Housing Preservation and Development,General,PVT,Yes,Apartment,Cabinet,Damaged or Missing,Entire Apartment,Medium
Department of Housing Preservation and Development,General,PVT,Yes,Apartment,Cabinet,Damaged or Missing,Kitchen,Medium
Department of Housing Preservation and Development,General,PVT,Yes,Apartment,Cabinet,Damaged or Missing,Living Room,Medium
Department of Housing Preservation and Development,General,PVT,Yes,Apartment,Cabinet,Damaged or Missing,Bathroom,Medium
Department of Housing Preservation and Development,General,PVT,Yes,Apartment,Cabinet,Damaged or Missing,Other Room/Area,Medium
Department of Housing Preservation and Development,General,PVT,Yes,Apartment,Cabinet,Falling off Wall,Other Room/Area,High
Department of Housing Preservation and Development,General,PVT,Yes,Apartment,Cabinet,Falling off Wall,Private Hall,High
Department of Housing Preservation and Development,General,PVT,Yes,Apartment,Cabinet,Falling off Wall,Bathroom,High
Department of Housing Preservation and Development,General,PVT,Yes,Apartment,Cabinet,Falling off Wall,Bedroom,High
Department of Housing Preservation and Development,General,PVT,Yes,Apartment,Cabinet,Falling off Wall,Living Room,High
Department of Housing Preservation and Development,General,PVT,Yes,Apartment,Cabinet,Falling off Wall,Kitchen,High
Department of Housing Preservation and Development,General,PVT,Yes,Apartment,Cabinet,Falling off Wall,Entire Apartment,High
Department of Housing Preservation and Development,General,PVT,Yes,Apartment,Cabinet,Falling off Wall,Entrance/Foyer,High
Department of Housing Preservation and Development,General,PVT,Yes,Apartment,Cooking Gas,Shut-Off,Entire Apartment,High
Department of Housing Preservation and Development,General,PVT,Yes,Apartment,Ventilation System,Broken or Missing,Kitchen,Medium
Department of Housing Preservation and Development,General,PVT,Yes,Apartment,Ventilation System,Broken or Missing,Bathroom,Medium
Department of Housing Preservation and Development,General,PVT,Yes,Apartment,Ventilation System,Broken or Missing,Other Room/Area,Medium
Department of Housing Preservation and Development,General,Sec 8,Yes,Public Area,Signage Missing,HOUSING INFORMATION NOTICE,Building Entrance,Low
Department of Housing Preservation and Development,General,PVT,Yes,Public Area,Signage Missing,HOUSING INFORMATION NOTICE,Building Entrance,Low
Department of Housing Preservation and Development,General,Sec 8,Yes,Building-Wide,Cooking Gas,Shut-Off,Building-Wide,High
Department of Housing Preservation and Development,General,Sec 8,Yes,Building-Wide,Signage Missing,Essential Service Posting,Building-Wide,Low
Department of Housing Preservation and Development,General,PVT,Yes,Building-Wide,Cooking Gas,Shut-Off,Building-Wide,High
Department of Housing Preservation and Development,General,PVT,Yes,Building-Wide,Signage Missing,Essential Service Posting,Building-Wide,Low
Department of Housing Preservation and Development,General,DPM,Yes,Building-Wide,Cooking Gas,Shut-Off,Building-Wide,High
Department of Housing Preservation and Development,General,DPM,Yes,Building-Wide,Signage Missing,Essential Service Posting,Building-Wide,Low
Department of Housing Preservation and Development,General,DAMP,Yes,Building-Wide,Cooking Gas,Shut-Off,Building-Wide,High
Department of Housing Preservation and Development,General,DAMP,Yes,Building-Wide,Signage Missing,Essential Service Posting,Building-Wide,Low
Department of Housing Preservation and Development,General,Sec 8,Yes,Building-Wide,Janitor/Super,No Janitor Available,Building-Wide,Medium
Department of Housing Preservation and Development,General,PVT,Yes,Building-Wide,Janitor/Super,No Janitor Available,Building-Wide,Medium
Department of Housing Preservation and Development,General,DPM,Yes,Building-Wide,Janitor/Super,No Janitor Available,Building-Wide,Medium
Department of Housing Preservation and Development,General,DAMP,Yes,Building-Wide,Janitor/Super,No Janitor Available,Building-Wide,Medium
Department of Housing Preservation and Development,General,Sec 8,Yes,Public Area,Bell/Buzzer/Intercom,Broken or Missing,Building Entrance,Low
Department of Housing Preservation and Development,General,Sec 8,Yes,Public Area,Bell/Buzzer/Intercom,Inaccessible,Building Entrance,Medium
Department of Housing Preservation and Development,General,Sec 8,Yes,Public Area,Mailbox,Box Broken or Missing,Building Entrance,Low
Department of Housing Preservation and Development,General,Sec 8,Yes,Public Area,Signage Missing,Boiler Room Key,Building Entrance,Low
Department of Housing Preservation and Development,General,Sec 8,Yes,Public Area,Signage Missing,Building Street Number,Building Entrance,Low
Department of Housing Preservation and Development,General,Sec 8,Yes,Public Area,Signage Missing,Carbon Monoxide Detector,Building Entrance,Medium
Department of Housing Preservation and Development,General,Sec 8,Yes,Public Area,Signage Missing,Floor Number,Building Entrance,Low
Department of Housing Preservation and Development,General,Sec 8,Yes,Public Area,Signage Missing,Janitor/Super Emergency Contact,Building Entrance,Low
Department of Housing Preservation and Development,General,Sec 8,Yes,Public Area,Signage Missing,Janitor/Super Emergency Contact,Hallway,Low
Department of Housing Preservation and Development,General,Sec 8,Yes,Public Area,Signage Missing,Janitor/Super Emergency Contact,Lobby,Low
Department of Housing Preservation and Development,General,Sec 8,Yes,Public Area,Signage Missing,Smoke Detector,Building Entrance,Medium
Department of Housing Preservation and Development,General,Sec 8,Yes,Public Area,Ventilation System,Broken or Missing,Bathroom,Medium
Department of Housing Preservation and Development,General,Sec 8,Yes,Public Area,Ventilation System,Broken or Missing,Kitchen,Medium
Department of Housing Preservation and Development,General,Sec 8,Yes,Public Area,Ventilation System,Broken or Missing,Laundry Room,Medium
Department of Housing Preservation and Development,General,Sec 8,Yes,Public Area,Ventilation System,Broken or Missing,Garage,Medium
Department of Housing Preservation and Development,General,DPM,Yes,Public Area,Bell/Buzzer/Intercom,Broken or Missing,Building Entrance,Low
Department of Housing Preservation and Development,General,DPM,Yes,Public Area,Bell/Buzzer/Intercom,Inaccessible,Building Entrance,Medium
Department of Housing Preservation and Development,General,DPM,Yes,Public Area,Mailbox,Box Broken or Missing,Building Entrance,Low
Department of Housing Preservation and Development,General,DPM,Yes,Public Area,Signage Missing,Boiler Room Key,Building Entrance,Low
Department of Housing Preservation and Development,General,DPM,Yes,Public Area,Signage Missing,Building Street Number,Building Entrance,Low
Department of Housing Preservation and Development,General,DPM,Yes,Public Area,Signage Missing,Carbon Monoxide Detector,Building Entrance,Medium
Department of Housing Preservation and Development,General,DPM,Yes,Public Area,Signage Missing,Floor Number,Building Entrance,Low
Department of Housing Preservation and Development,General,DPM,Yes,Public Area,Signage Missing,Janitor/Super Emergency Contact,Building Entrance,Low
Department of Housing Preservation and Development,General,DPM,Yes,Public Area,Signage Missing,Janitor/Super Emergency Contact,Hallway,Low
Department of Housing Preservation and Development,General,DPM,Yes,Public Area,Signage Missing,Janitor/Super Emergency Contact,Lobby,Low
Department of Housing Preservation and Development,General,DPM,Yes,Public Area,Signage Missing,Smoke Detector,Building Entrance,Medium
Department of Housing Preservation and Development,General,DPM,Yes,Public Area,Ventilation System,Broken or Missing,Bathroom,Medium
Department of Housing Preservation and Development,General,DPM,Yes,Public Area,Ventilation System,Broken or Missing,Laundry Room,Medium
Department of Housing Preservation and Development,General,DPM,Yes,Public Area,Ventilation System,Broken or Missing,Garage,Medium
Department of Housing Preservation and Development,General,DPM,Yes,Public Area,Ventilation System,Broken or Missing,Kitchen,Medium
Department of Housing Preservation and Development,General,PVT,Yes,Public Area,Bell/Buzzer/Intercom,Broken or Missing,Building Entrance,Low
Department of Housing Preservation and Development,General,PVT,Yes,Public Area,Bell/Buzzer/Intercom,Inaccessible,Building Entrance,Medium
Department of Housing Preservation and Development,General,PVT,Yes,Public Area,Mailbox,Box Broken or Missing,Building Entrance,Low
Department of Housing Preservation and Development,General,PVT,Yes,Public Area,Signage Missing,Boiler Room Key,Building Entrance,Low
Department of Housing Preservation and Development,General,PVT,Yes,Public Area,Signage Missing,Building Street Number,Building Entrance,Low
Department of Housing Preservation and Development,General,PVT,Yes,Public Area,Signage Missing,Carbon Monoxide Detector,Building Entrance,Medium
Department of Housing Preservation and Development,General,PVT,Yes,Public Area,Signage Missing,Floor Number,Building Entrance,Low
Department of Housing Preservation and Development,General,PVT,Yes,Public Area,Signage Missing,Janitor/Super Emergency Contact,Building Entrance,Low
Department of Housing Preservation and Development,General,PVT,Yes,Public Area,Signage Missing,Janitor/Super Emergency Contact,Hallway,Low
Department of Housing Preservation and Development,General,PVT,Yes,Public Area,Signage Missing,Janitor/Super Emergency Contact,Lobby,Low
Department of Housing Preservation and Development,General,PVT,Yes,Public Area,Signage Missing,Smoke Detector,Building Entrance,Medium
Department of Housing Preservation and Development,General,PVT,Yes,Public Area,Ventilation System,Broken or Missing,Bathroom,Medium
Department of Housing Preservation and Development,General,PVT,Yes,Public Area,Ventilation System,Broken or Missing,Laundry Room,Medium
Department of Housing Preservation and Development,General,PVT,Yes,Public Area,Ventilation System,Broken or Missing,Kitchen,Medium
Department of Housing Preservation and Development,General,PVT,Yes,Public Area,Ventilation System,Broken or Missing,Garage,Medium
Department of Housing Preservation and Development,General,DAMP,Yes,Apartment,Bell/Buzzer/Intercom,Broken or Missing,Other Room/Area,Low
Department of Housing Preservation and Development,General,DAMP,Yes,Apartment,Bell/Buzzer/Intercom,Broken or Missing,Private Hall,Low
Department of Housing Preservation and Development,General,DAMP,Yes,Apartment,Bell/Buzzer/Intercom,Broken or Missing,Entrance/Foyer,Low
Department of Housing Preservation and Development,General,DAMP,Yes,Apartment,Bell/Buzzer/Intercom,Inaccessible,Entire Apartment,Medium
Department of Housing Preservation and Development,General,DAMP,Yes,Apartment,Cabinet,Damaged or Missing,Entire Apartment,Medium
Department of Housing Preservation and Development,General,DAMP,Yes,Apartment,Cabinet,Damaged or Missing,Bathroom,Medium
Department of Housing Preservation and Development,General,DAMP,Yes,Apartment,Cabinet,Damaged or Missing,Kitchen,Medium
Department of Housing Preservation and Development,General,DAMP,Yes,Apartment,Cabinet,Damaged or Missing,Living Room,Medium
Department of Housing Preservation and Development,General,DAMP,Yes,Apartment,Cabinet,Damaged or Missing,Other Room/Area,Medium
Department of Housing Preservation and Development,General,DAMP,Yes,Apartment,Cabinet,Dirty or Unsanitary,Other Room/Area,Low
Department of Housing Preservation and Development,General,DAMP,Yes,Apartment,Cabinet,Dirty or Unsanitary,Private Hall,Low
Department of Housing Preservation and Development,General,DAMP,Yes,Apartment,Cabinet,Dirty or Unsanitary,Living Room,Low
Department of Housing Preservation and Development,General,DAMP,Yes,Apartment,Cabinet,Dirty or Unsanitary,Kitchen,Low
Department of Housing Preservation and Development,General,DAMP,Yes,Apartment,Cabinet,Dirty or Unsanitary,Entrance/Foyer,Low
Department of Housing Preservation and Development,General,DAMP,Yes,Apartment,Cabinet,Dirty or Unsanitary,Bathroom,Low
Department of Housing Preservation and Development,General,DAMP,Yes,Apartment,Cabinet,Dirty or Unsanitary,Bedroom,Low
Department of Housing Preservation and Development,General,DAMP,Yes,Apartment,Cabinet,Dirty or Unsanitary,Entire Apartment,Low
Department of Housing Preservation and Development,General,DAMP,Yes,Apartment,Cabinet,Door Broken,Entire Apartment,High
Department of Housing Preservation and Development,General,DAMP,Yes,Apartment,Cabinet,Door Broken,Bedroom,High
Department of Housing Preservation and Development,General,DAMP,Yes,Apartment,Cabinet,Door Broken,Bathroom,High
Department of Housing Preservation and Development,General,DAMP,Yes,Apartment,Cabinet,Door Broken,Entrance/Foyer,High
Department of Housing Preservation and Development,General,DAMP,Yes,Apartment,Cabinet,Door Broken,Kitchen,High
Department of Housing Preservation and Development,General,DAMP,Yes,Apartment,Cabinet,Door Broken,Living Room,High
Department of Housing Preservation and Development,General,DAMP,Yes,Apartment,Cabinet,Door Broken,Private Hall,High
Department of Housing Preservation and Development,General,DAMP,Yes,Apartment,Cabinet,Door Broken,Other Room/Area,High
Department of Housing Preservation and Development,General,DAMP,Yes,Apartment,Cabinet,Falling off Wall,Other Room/Area,High
Department of Housing Preservation and Development,General,DAMP,Yes,Apartment,Cabinet,Falling off Wall,Private Hall,High
Department of Housing Preservation and Development,General,DAMP,Yes,Apartment,Cabinet,Falling off Wall,Living Room,High
Department of Housing Preservation and Development,General,DAMP,Yes,Apartment,Cabinet,Falling off Wall,Kitchen,High
Department of Housing Preservation and Development,General,DAMP,Yes,Apartment,Cabinet,Falling off Wall,Entrance/Foyer,High
Department of Housing Preservation and Development,General,DAMP,Yes,Apartment,Cabinet,Falling off Wall,Bathroom,High
Department of Housing Preservation and Development,General,DAMP,Yes,Apartment,Cabinet,Falling off Wall,Bedroom,High
Department of Housing Preservation and Development,General,DAMP,Yes,Apartment,Cabinet,Falling off Wall,Entire Apartment,High
Department of Housing Preservation and Development,General,DAMP,Yes,Apartment,Cooking Gas,Shut-Off,Entire Apartment,High
Department of Housing Preservation and Development,General,DAMP,Yes,Apartment,Ventilation System,Broken or Missing,Kitchen,Medium
Department of Housing Preservation and Development,General,DAMP,Yes,Apartment,Ventilation System,Broken or Missing,Bathroom,Medium
Department of Housing Preservation and Development,General,DAMP,Yes,Apartment,Ventilation System,Broken or Missing,Other Room/Area,Medium
Department of Housing Preservation and Development,General,DPM,Yes,Apartment,Bell/Buzzer/Intercom,Broken or Missing,Other Room/Area,Low
Department of Housing Preservation and Development,General,DPM,Yes,Apartment,Bell/Buzzer/Intercom,Broken or Missing,Private Hall,Low
Department of Housing Preservation and Development,General,DPM,Yes,Apartment,Bell/Buzzer/Intercom,Broken or Missing,Entrance/Foyer,Low
Department of Housing Preservation and Development,General,DPM,Yes,Apartment,Bell/Buzzer/Intercom,Inaccessible,Entire Apartment,Medium
Department of Housing Preservation and Development,General,DPM,Yes,Apartment,Cabinet,Damaged or Missing,Entire Apartment,Medium
Department of Housing Preservation and Development,General,DPM,Yes,Apartment,Cabinet,Damaged or Missing,Bathroom,Medium
Department of Housing Preservation and Development,General,DPM,Yes,Apartment,Cabinet,Damaged or Missing,Kitchen,Medium
Department of Housing Preservation and Development,General,DPM,Yes,Apartment,Cabinet,Damaged or Missing,Living Room,Medium
Department of Housing Preservation and Development,General,DPM,Yes,Apartment,Cabinet,Damaged or Missing,Other Room/Area,Medium
Department of Housing Preservation and Development,General,DPM,Yes,Apartment,Cabinet,Falling off Wall,Other Room/Area,High
Department of Housing Preservation and Development,General,DPM,Yes,Apartment,Cabinet,Falling off Wall,Private Hall,High
Department of Housing Preservation and Development,General,DPM,Yes,Apartment,Cabinet,Falling off Wall,Living Room,High
Department of Housing Preservation and Development,General,DPM,Yes,Apartment,Cabinet,Falling off Wall,Kitchen,High
Department of Housing Preservation and Development,General,DPM,Yes,Apartment,Cabinet,Falling off Wall,Entrance/Foyer,High
Department of Housing Preservation and Development,General,DPM,Yes,Apartment,Cabinet,Falling off Wall,Bathroom,High
Department of Housing Preservation and Development,General,DPM,Yes,Apartment,Cabinet,Falling off Wall,Bedroom,High
Department of Housing Preservation and Development,General,DPM,Yes,Apartment,Cabinet,Falling off Wall,Entire Apartment,High
Department of Housing Preservation and Development,General,DPM,Yes,Apartment,Cabinet,Handle Broken or Missing,Entire Apartment,Low
Department of Housing Preservation and Development,General,DPM,Yes,Apartment,Cabinet,Handle Broken or Missing,Bedroom,Low
Department of Housing Preservation and Development,General,DPM,Yes,Apartment,Cabinet,Handle Broken or Missing,Bathroom,Low
Department of Housing Preservation and Development,General,DPM,Yes,Apartment,Cabinet,Handle Broken or Missing,Entrance/Foyer,Low
Department of Housing Preservation and Development,General,DPM,Yes,Apartment,Cabinet,Handle Broken or Missing,Kitchen,Low
Department of Housing Preservation and Development,General,DPM,Yes,Apartment,Cabinet,Handle Broken or Missing,Living Room,Low
Department of Housing Preservation and Development,General,DPM,Yes,Apartment,Cabinet,Handle Broken or Missing,Private Hall,Low
Department of Housing Preservation and Development,General,DPM,Yes,Apartment,Cabinet,Handle Broken or Missing,Other Room/Area,Low
Department of Housing Preservation and Development,General,DPM,Yes,Apartment,Cooking Gas,Shut-Off,Entire Apartment,High
Department of Housing Preservation and Development,General,DPM,Yes,Apartment,Ventilation System,Broken or Missing,Bathroom,Medium
Department of Housing Preservation and Development,General,DPM,Yes,Apartment,Ventilation System,Broken or Missing,Kitchen,Medium
Department of Housing Preservation and Development,General,DPM,Yes,Apartment,Ventilation System,Broken or Missing,Other Room/Area,Medium
Department of Housing Preservation and Development,General,Sec 8,Yes,Apartment,Bell/Buzzer/Intercom,Broken or Missing,Entrance/Foyer,Low
Department of Housing Preservation and Development,General,Sec 8,Yes,Apartment,Bell/Buzzer/Intercom,Broken or Missing,Other Room/Area,Low
Department of Housing Preservation and Development,General,Sec 8,Yes,Apartment,Bell/Buzzer/Intercom,Broken or Missing,Private Hall,Low
Department of Housing Preservation and Development,General,Sec 8,Yes,Apartment,Bell/Buzzer/Intercom,Inaccessible,Entire Apartment,Medium
Department of Housing Preservation and Development,General,Sec 8,Yes,Apartment,Cabinet,Damaged or Missing,Entire Apartment,Medium
Department of Housing Preservation and Development,General,Sec 8,Yes,Apartment,Cabinet,Damaged or Missing,Kitchen,Medium
Department of Housing Preservation and Development,General,Sec 8,Yes,Apartment,Cabinet,Damaged or Missing,Living Room,Medium
Department of Housing Preservation and Development,General,Sec 8,Yes,Apartment,Cabinet,Damaged or Missing,Bathroom,Medium
Department of Housing Preservation and Development,General,Sec 8,Yes,Apartment,Cabinet,Damaged or Missing,Other Room/Area,Medium
Department of Housing Preservation and Development,General,Sec 8,Yes,Apartment,Cabinet,Falling off Wall,Other Room/Area,High
Department of Housing Preservation and Development,General,Sec 8,Yes,Apartment,Cabinet,Falling off Wall,Private Hall,High
Department of Housing Preservation and Development,General,Sec 8,Yes,Apartment,Cabinet,Falling off Wall,Bathroom,High
Department of Housing Preservation and Development,General,Sec 8,Yes,Apartment,Cabinet,Falling off Wall,Bedroom,High
Department of Housing Preservation and Development,General,Sec 8,Yes,Apartment,Cabinet,Falling off Wall,Living Room,High
Department of Housing Preservation and Development,General,Sec 8,Yes,Apartment,Cabinet,Falling off Wall,Kitchen,High
Department of Housing Preservation and Development,General,Sec 8,Yes,Apartment,Cabinet,Falling off Wall,Entire Apartment,High
Department of Housing Preservation and Development,General,Sec 8,Yes,Apartment,Cabinet,Falling off Wall,Entrance/Foyer,High
Department of Housing Preservation and Development,General,Sec 8,Yes,Apartment,Cooking Gas,Shut-Off,Entire Apartment,High
Department of Housing Preservation and Development,General,Sec 8,Yes,Apartment,Ventilation System,Broken or Missing,Kitchen,Medium
Department of Housing Preservation and Development,General,Sec 8,Yes,Apartment,Ventilation System,Broken or Missing,Bathroom,Medium
Department of Housing Preservation and Development,General,Sec 8,Yes,Apartment,Ventilation System,Broken or Missing,Other Room/Area,Medium
Department of Housing Preservation and Development,General,DAMP,Yes,Public Area,Bell/Buzzer/Intercom,Broken or Missing,Building Entrance,Low
Department of Housing Preservation and Development,General,DAMP,Yes,Public Area,Bell/Buzzer/Intercom,Inaccessible,Building Entrance,Medium
Department of Housing Preservation and Development,General,DAMP,Yes,Public Area,Mailbox,Box Broken or Missing,Building Entrance,Low
Department of Housing Preservation and Development,General,DAMP,Yes,Public Area,Signage Missing,Boiler Room Key,Building Entrance,Low
Department of Housing Preservation and Development,General,DAMP,Yes,Public Area,Signage Missing,Building Street Number,Building Entrance,Low
Department of Housing Preservation and Development,General,DAMP,Yes,Public Area,Signage Missing,Carbon Monoxide Detector,Building Entrance,Medium
Department of Housing Preservation and Development,General,DAMP,Yes,Public Area,Signage Missing,Floor Number,Building Entrance,Low
Department of Housing Preservation and Development,General,DAMP,Yes,Public Area,Signage Missing,Janitor/Super Emergency Contact,Building Entrance,Low
Department of Housing Preservation and Development,General,DAMP,Yes,Public Area,Signage Missing,Janitor/Super Emergency Contact,Hallway,Low
Department of Housing Preservation and Development,General,DAMP,Yes,Public Area,Signage Missing,Janitor/Super Emergency Contact,Lobby,Low
Department of Housing Preservation and Development,General,DAMP,Yes,Public Area,Signage Missing,Smoke Detector,Building Entrance,Medium
Department of Housing Preservation and Development,General,DAMP,Yes,Public Area,Ventilation System,Broken or Missing,Bathroom,Medium
Department of Housing Preservation and Development,General,DAMP,Yes,Public Area,Ventilation System,Broken or Missing,Laundry Room,Medium
Department of Housing Preservation and Development,General,DAMP,Yes,Public Area,Ventilation System,Broken or Missing,Garage,Medium
Department of Housing Preservation and Development,General,DAMP,Yes,Public Area,Ventilation System,Broken or Missing,Kitchen,
Department of Housing Preservation and Development,Heat/Hot Water,Sec 8,Yes,Apartment,Apartment Only,No Heat,Entire Apartment,
Department of Housing Preservation and Development,Heat/Hot Water,Sec 8,Yes,Apartment,Apartment Only,No Heat,Entrance/Foyer,
Department of Housing Preservation and Development,Heat/Hot Water,Sec 8,Yes,Apartment,Apartment Only,No Heat,Kitchen,
Department of Housing Preservation and Development,Heat/Hot Water,Sec 8,Yes,Apartment,Apartment Only,No Heat,Living Room,
Department of Housing Preservation and Development,Heat/Hot Water,Sec 8,Yes,Apartment,Apartment Only,No Heat,Bedroom,
Department of Housing Preservation and Development,Heat/Hot Water,Sec 8,Yes,Apartment,Apartment Only,No Heat,Other Room/Area,
Department of Housing Preservation and Development,Heat/Hot Water,Sec 8,Yes,Apartment,Apartment Only,No Heat,Private Hall,
Department of Housing Preservation and Development,Heat/Hot Water,Sec 8,Yes,Apartment,Apartment Only,No Heat and No Hot Water,Entire Apartment,
Department of Housing Preservation and Development,Heat/Hot Water,Sec 8,Yes,Apartment,Apartment Only,No Hot Water,Entire Apartment,
Department of Housing Preservation and Development,Heat/Hot Water,Sec 8,Yes,Apartment,Apartment Only,No Hot Water,Kitchen,
Department of Housing Preservation and Development,Heat/Hot Water,Sec 8,Yes,Apartment,Apartment Only,No Hot Water,Bathroom,
Department of Housing Preservation and Development,Heat/Hot Water,Sec 8,Yes,Apartment,Entire Building,No Heat,Entire Building,
Department of Housing Preservation and Development,Heat/Hot Water,Sec 8,Yes,Apartment,Entire Building,No Heat and No Hot Water,Entire Building,
Department of Housing Preservation and Development,Heat/Hot Water,Sec 8,Yes,Apartment,Entire Building,No Hot Water,Entire Building,
Department of Housing Preservation and Development,Heat/Hot Water,DPM,Yes,Apartment,Apartment Only,No Heat,Entire Apartment,
Department of Housing Preservation and Development,Heat/Hot Water,DPM,Yes,Apartment,Apartment Only,No Heat,Bedroom,
Department of Housing Preservation and Development,Heat/Hot Water,DPM,Yes,Apartment,Apartment Only,No Heat,Kitchen,
Department of Housing Preservation and Development,Heat/Hot Water,DPM,Yes,Apartment,Apartment Only,No Heat,Entrance/Foyer,
Department of Housing Preservation and Development,Heat/Hot Water,DPM,Yes,Apartment,Apartment Only,No Heat,Living Room,
Department of Housing Preservation and Development,Heat/Hot Water,DPM,Yes,Apartment,Apartment Only,No Heat,Other Room/Area,
Department of Housing Preservation and Development,Heat/Hot Water,DPM,Yes,Apartment,Apartment Only,No Heat,Private Hall,
Department of Housing Preservation and Development,Heat/Hot Water,DPM,Yes,Apartment,Apartment Only,No Heat and No Hot Water,Entire Apartment,
Department of Housing Preservation and Development,Heat/Hot Water,DPM,Yes,Apartment,Apartment Only,No Hot Water,Entire Apartment,
Department of Housing Preservation and Development,Heat/Hot Water,DPM,Yes,Apartment,Apartment Only,No Hot Water,Bathroom,
Department of Housing Preservation and Development,Heat/Hot Water,DPM,Yes,Apartment,Apartment Only,No Hot Water,Kitchen,
Department of Housing Preservation and Development,Heat/Hot Water,DPM,Yes,Apartment,Entire Building,No Heat,Entire Building,
Department of Housing Preservation and Development,Heat/Hot Water,DPM,Yes,Apartment,Entire Building,No Heat and No Hot Water,Entire Building,
Department of Housing Preservation and Development,Heat/Hot Water,DPM,Yes,Apartment,Entire Building,No Hot Water,Entire Building,
Department of Housing Preservation and Development,Heat/Hot Water,DAMP,Yes,Apartment,Apartment Only,No Heat,Entire Apartment,
Department of Housing Preservation and Development,Heat/Hot Water,DAMP,Yes,Apartment,Apartment Only,No Heat,Bedroom,
Department of Housing Preservation and Development,Heat/Hot Water,DAMP,Yes,Apartment,Apartment Only,No Heat,Entrance/Foyer,
Department of Housing Preservation and Development,Heat/Hot Water,DAMP,Yes,Apartment,Apartment Only,No Heat,Living Room,
Department of Housing Preservation and Development,Heat/Hot Water,DAMP,Yes,Apartment,Apartment Only,No Heat,Kitchen,
Department of Housing Preservation and Development,Heat/Hot Water,DAMP,Yes,Apartment,Apartment Only,No Heat,Other Room/Area,
Department of Housing Preservation and Development,Heat/Hot Water,DAMP,Yes,Apartment,Apartment Only,No Heat,Private Hall,
Department of Housing Preservation and Development,Heat/Hot Water,DAMP,Yes,Apartment,Apartment Only,No Heat and No Hot Water,Entire Apartment,
Department of Housing Preservation and Development,Heat/Hot Water,DAMP,Yes,Apartment,Apartment Only,No Hot Water,Entire Apartment,
Department of Housing Preservation and Development,Heat/Hot Water,DAMP,Yes,Apartment,Apartment Only,No Hot Water,Bathroom,
Department of Housing Preservation and Development,Heat/Hot Water,DAMP,Yes,Apartment,Apartment Only,No Hot Water,Kitchen,
Department of Housing Preservation and Development,Heat/Hot Water,DAMP,Yes,Apartment,Entire Building,No Heat,Entire Building,
Department of Housing Preservation and Development,Heat/Hot Water,DAMP,Yes,Apartment,Entire Building,No Heat and No Hot Water,Entire Building,
Department of Housing Preservation and Development,Heat/Hot Water,DAMP,Yes,Apartment,Entire Building,No Hot Water,Entire Building,
Department of Housing Preservation and Development,Heat/Hot Water,DAMP,Yes,Building-Wide,Entire Building,No Heat,Building-Wide,
Department of Housing Preservation and Development,Heat/Hot Water,DAMP,Yes,Building-Wide,Entire Building,No Heat and No Hot Water,Building-Wide,
Department of Housing Preservation and Development,Heat/Hot Water,DAMP,Yes,Building-Wide,Entire Building,No Hot Water,Building-Wide,
Department of Housing Preservation and Development,Heat/Hot Water,DPM,Yes,Building-Wide,Entire Building,No Heat,Building-Wide,
Department of Housing Preservation and Development,Heat/Hot Water,DPM,Yes,Building-Wide,Entire Building,No Heat and No Hot Water,Building-Wide,
Department of Housing Preservation and Development,Heat/Hot Water,DPM,Yes,Building-Wide,Entire Building,No Hot Water,Building-Wide,
Department of Housing Preservation and Development,Heat/Hot Water,PVT,Yes,Building-Wide,Entire Building,No Heat,Building-Wide,
Department of Housing Preservation and Development,Heat/Hot Water,PVT,Yes,Building-Wide,Entire Building,No Heat and No Hot Water,Building-Wide,
Department of Housing Preservation and Development,Heat/Hot Water,PVT,Yes,Building-Wide,Entire Building,No Hot Water,Building-Wide,
Department of Housing Preservation and Development,Heat/Hot Water,Sec 8,Yes,Building-Wide,Entire Building,No Heat,Building-Wide,
Department of Housing Preservation and Development,Heat/Hot Water,Sec 8,Yes,Building-Wide,Entire Building,No Heat and No Hot Water,Building-Wide,
Department of Housing Preservation and Development,Heat/Hot Water,Sec 8,Yes,Building-Wide,Entire Building,No Hot Water,Building-Wide,
Department of Housing Preservation and Development,Heat/Hot Water,PVT,Yes,Apartment,Apartment Only,No Heat,Entire Apartment,
Department of Housing Preservation and Development,Heat/Hot Water,PVT,Yes,Apartment,Apartment Only,No Heat,Entrance/Foyer,
Department of Housing Preservation and Development,Heat/Hot Water,PVT,Yes,Apartment,Apartment Only,No Heat,Kitchen,
Department of Housing Preservation and Development,Heat/Hot Water,PVT,Yes,Apartment,Apartment Only,No Heat,Living Room,
Department of Housing Preservation and Development,Heat/Hot Water,PVT,Yes,Apartment,Apartment Only,No Heat,Bedroom,
Department of Housing Preservation and Development,Heat/Hot Water,PVT,Yes,Apartment,Apartment Only,No Heat,Private Hall,
Department of Housing Preservation and Development,Heat/Hot Water,PVT,Yes,Apartment,Apartment Only,No Heat,Other Room/Area,
Department of Housing Preservation and Development,Heat/Hot Water,PVT,Yes,Apartment,Apartment Only,No Heat and No Hot Water,Entire Apartment,
Department of Housing Preservation and Development,Heat/Hot Water,PVT,Yes,Apartment,Apartment Only,No Hot Water,Entire Apartment,
Department of Housing Preservation and Development,Heat/Hot Water,PVT,Yes,Apartment,Apartment Only,No Hot Water,Kitchen,
Department of Housing Preservation and Development,Heat/Hot Water,PVT,Yes,Apartment,Apartment Only,No Hot Water,Bathroom,
Department of Housing Preservation and Development,Heat/Hot Water,PVT,Yes,Apartment,Entire Building,No Heat,Entire Building,
Department of Housing Preservation and Development,Heat/Hot Water,PVT,Yes,Apartment,Entire Building,No Heat and No Hot Water,Entire Building,
Department of Housing Preservation and Development,Heat/Hot Water,PVT,Yes,Apartment,Entire Building,No Hot Water,Entire Building,
Department of Housing Preservation and Development,Outside Building,DAMP,Yes,Public Area,Fencing,Wood Leaning,Outside,
Department of Housing Preservation and Development,Outside Building,DAMP,Yes,Public Area,Fencing,Wrought Iron Corroded,Outside,
Department of Housing Preservation and Development,Outside Building,DPM,Yes,Public Area,Chimney,Bulging,Roof,
Department of Housing Preservation and Development,Outside Building,DPM,Yes,Public Area,Fencing,Chain Link Broken,Outside,
Department of Housing Preservation and Development,Outside Building,DPM,Yes,Public Area,Fencing,Wood Leaning,Outside,
Department of Housing Preservation and Development,Outside Building,DPM,Yes,Public Area,Fencing,Wrought Iron Corroded,Outside,
Department of Housing Preservation and Development,Outside Building,Sec 8,Yes,Public Area,Gutter/Leader,Blocked or Missing,Air Shaft,
Department of Housing Preservation and Development,Outside Building,Sec 8,Yes,Public Area,Gutter/Leader,Blocked or Missing,Building Entrance,
Department of Housing Preservation and Development,Outside Building,Sec 8,Yes,Public Area,Gutter/Leader,Blocked or Missing,Courtyard,
Department of Housing Preservation and Development,Outside Building,Sec 8,Yes,Public Area,Gutter/Leader,Blocked or Missing,Roof,
Department of Housing Preservation and Development,Outside Building,Sec 8,Yes,Public Area,Gutter/Leader,Blocked or Missing,Outside,
Department of Housing Preservation and Development,Outside Building,Sec 8,Yes,Public Area,Gutter/Leader,Blocked or Missing,Stoop,
Department of Housing Preservation and Development,Outside Building,Sec 8,Yes,Public Area,Gutter/Leader,Blocked or Missing,Yard,
Department of Housing Preservation and Development,Outside Building,Sec 8,Yes,Public Area,Pavement,Broken or Cracked,Yard,
Department of Housing Preservation and Development,Outside Building,Sec 8,Yes,Public Area,Pavement,Broken or Cracked,Courtyard,
Department of Housing Preservation and Development,Outside Building,Sec 8,Yes,Public Area,Pavement,Broken or Cracked,Building Entrance,
Department of Housing Preservation and Development,Outside Building,Sec 8,Yes,Public Area,Pavement,Broken or Cracked,Fire Exit/Passageway,
Department of Housing Preservation and Development,Outside Building,Sec 8,Yes,Public Area,Porch/Balcony,Broken or Missing Railing,Building Entrance,
Department of Housing Preservation and Development,Outside Building,Sec 8,Yes,Public Area,Roof Door/Hatch,Broken or Missing,Roof,
Department of Housing Preservation and Development,Outside Building,Sec 8,Yes,Public Area,Roof Door/Hatch,Leaking,Roof,
Department of Housing Preservation and Development,Outside Building,Sec 8,Yes,Public Area,Roof Door/Hatch,Nailed or Locked Shut,Roof,
Department of Housing Preservation and Development,Outside Building,Sec 8,Yes,Public Area,Roof Door/Hatch,Not Self-Closing,Roof,
Department of Housing Preservation and Development,Outside Building,Sec 8,Yes,Public Area,Roofing,Leaking,Roof,
Department of Housing Preservation and Development,Outside Building,Sec 8,Yes,Public Area,Skylight,Broken or Missing,Roof,
Department of Housing Preservation and Development,Outside Building,Sec 8,Yes,Public Area,Skylight,Leaking,Roof,
Department of Housing Preservation and Development,Outside Building,PVT,Yes,Public Area,Gutter/Leader,Blocked or Missing,Air Shaft,
Department of Housing Preservation and Development,Outside Building,PVT,Yes,Public Area,Gutter/Leader,Blocked or Missing,Building Entrance,
Department of Housing Preservation and Development,Outside Building,PVT,Yes,Public Area,Gutter/Leader,Blocked or Missing,Courtyard,
Department of Housing Preservation and Development,Outside Building,PVT,Yes,Public Area,Gutter/Leader,Blocked or Missing,Stoop,
Department of Housing Preservation and Development,Outside Building,PVT,Yes,Public Area,Gutter/Leader,Blocked or Missing,Yard,
Department of Housing Preservation and Development,Outside Building,PVT,Yes,Public Area,Gutter/Leader,Blocked or Missing,Roof,
Department of Housing Preservation and Development,Outside Building,PVT,Yes,Public Area,Gutter/Leader,Blocked or Missing,Outside,
Department of Housing Preservation and Development,Outside Building,PVT,Yes,Public Area,Pavement,Broken or Cracked,Yard,
Department of Housing Preservation and Development,Outside Building,PVT,Yes,Public Area,Pavement,Broken or Cracked,Courtyard,
Department of Housing Preservation and Development,Outside Building,PVT,Yes,Public Area,Pavement,Broken or Cracked,Building Entrance,
Department of Housing Preservation and Development,Outside Building,PVT,Yes,Public Area,Pavement,Broken or Cracked,Fire Exit/Passageway,
Department of Housing Preservation and Development,Outside Building,PVT,Yes,Public Area,Porch/Balcony,Broken or Missing Railing,Building Entrance,
Department of Housing Preservation and Development,Outside Building,PVT,Yes,Public Area,Roof Door/Hatch,Broken or Missing,Roof,
Department of Housing Preservation and Development,Outside Building,PVT,Yes,Public Area,Roof Door/Hatch,Leaking,Roof,
Department of Housing Preservation and Development,Outside Building,PVT,Yes,Public Area,Roof Door/Hatch,Nailed or Locked Shut,Roof,
Department of Housing Preservation and Development,Outside Building,PVT,Yes,Public Area,Roof Door/Hatch,Not Self-Closing,Roof,
Department of Housing Preservation and Development,Outside Building,PVT,Yes,Public Area,Roofing,Leaking,Roof,
Department of Housing Preservation and Development,Outside Building,PVT,Yes,Public Area,Skylight,Broken or Missing,Roof,
Department of Housing Preservation and Development,Outside Building,PVT,Yes,Public Area,Skylight,Leaking,Roof,
Department of Housing Preservation and Development,Outside Building,DPM,Yes,Public Area,Gutter/Leader,Blocked or Missing,Outside,
Department of Housing Preservation and Development,Outside Building,DPM,Yes,Public Area,Gutter/Leader,Blocked or Missing,Roof,
Department of Housing Preservation and Development,Outside Building,DPM,Yes,Public Area,Gutter/Leader,Blocked or Missing,Stoop,
Department of Housing Preservation and Development,Outside Building,DPM,Yes,Public Area,Gutter/Leader,Blocked or Missing,Yard,
Department of Housing Preservation and Development,Outside Building,DPM,Yes,Public Area,Gutter/Leader,Blocked or Missing,Air Shaft,
Department of Housing Preservation and Development,Outside Building,DPM,Yes,Public Area,Gutter/Leader,Blocked or Missing,Building Entrance,
Department of Housing Preservation and Development,Outside Building,DPM,Yes,Public Area,Gutter/Leader,Blocked or Missing,Courtyard,
Department of Housing Preservation and Development,Outside Building,DPM,Yes,Public Area,Pavement,Broken or Cracked,Courtyard,
Department of Housing Preservation and Development,Outside Building,DPM,Yes,Public Area,Pavement,Broken or Cracked,Building Entrance,
Department of Housing Preservation and Development,Outside Building,DPM,Yes,Public Area,Pavement,Broken or Cracked,Fire Exit/Passageway,
Department of Housing Preservation and Development,Outside Building,DPM,Yes,Public Area,Pavement,Broken or Cracked,Yard,
Department of Housing Preservation and Development,Outside Building,DPM,Yes,Public Area,Roof Door/Hatch,Broken or Missing,Roof,
Department of Housing Preservation and Development,Outside Building,DPM,Yes,Public Area,Roof Door/Hatch,Leaking,Roof,
Department of Housing Preservation and Development,Outside Building,DPM,Yes,Public Area,Roof Door/Hatch,Nailed or Locked Shut,Roof,
Department of Housing Preservation and Development,Outside Building,DPM,Yes,Public Area,Roof Door/Hatch,Not Self-Closing,Roof,
Department of Housing Preservation and Development,Outside Building,DPM,Yes,Public Area,Roofing,Leaking,Roof,
Department of Housing Preservation and Development,Outside Building,DPM,Yes,Public Area,Skylight,Broken or Missing,Roof,
Department of Housing Preservation and Development,Outside Building,DPM,Yes,Public Area,Skylight,Leaking,Roof,
Department of Housing Preservation and Development,Outside Building,DAMP,Yes,Public Area,Gutter/Leader,Blocked or Missing,Outside,
Department of Housing Preservation and Development,Outside Building,DAMP,Yes,Public Area,Gutter/Leader,Blocked or Missing,Roof,
Department of Housing Preservation and Development,Outside Building,DAMP,Yes,Public Area,Gutter/Leader,Blocked or Missing,Stoop,
Department of Housing Preservation and Development,Outside Building,DAMP,Yes,Public Area,Gutter/Leader,Blocked or Missing,Yard,
Department of Housing Preservation and Development,Outside Building,DAMP,Yes,Public Area,Gutter/Leader,Blocked or Missing,Air Shaft,
Department of Housing Preservation and Development,Outside Building,DAMP,Yes,Public Area,Gutter/Leader,Blocked or Missing,Building Entrance,
Department of Housing Preservation and Development,Outside Building,DAMP,Yes,Public Area,Gutter/Leader,Blocked or Missing,Courtyard,
Department of Housing Preservation and Development,Outside Building,DAMP,Yes,Public Area,Pavement,Broken or Cracked,Courtyard,
Department of Housing Preservation and Development,Outside Building,DAMP,Yes,Public Area,Pavement,Broken or Cracked,Building Entrance,
Department of Housing Preservation and Development,Outside Building,DAMP,Yes,Public Area,Pavement,Broken or Cracked,Fire Exit/Passageway,
Department of Housing Preservation and Development,Outside Building,DAMP,Yes,Public Area,Pavement,Broken or Cracked,Yard,
Department of Housing Preservation and Development,Outside Building,DAMP,Yes,Public Area,Roof Door/Hatch,Broken or Missing,Roof,
Department of Housing Preservation and Development,Outside Building,DAMP,Yes,Public Area,Roof Door/Hatch,Leaking,Roof,
Department of Housing Preservation and Development,Outside Building,DAMP,Yes,Public Area,Roof Door/Hatch,Nailed or Locked Shut,Roof,
Department of Housing Preservation and Development,Outside Building,DAMP,Yes,Public Area,Roof Door/Hatch,Not Self-Closing,Roof,
Department of Housing Preservation and Development,Outside Building,DAMP,Yes,Public Area,Roofing,Leaking,Roof,
Department of Housing Preservation and Development,Outside Building,DAMP,Yes,Public Area,Skylight,Broken or Missing,Roof,
Department of Housing Preservation and Development,Outside Building,DAMP,Yes,Public Area,Skylight,Leaking,Roof,
Department of Housing Preservation and Development,Paint/Plaster,DAMP,Yes,Public Area,Ceiling,Chipped/Peeling/Flaking,Stairs,Low
Department of Housing Preservation and Development,Paint/Plaster,DAMP,Yes,Public Area,Ceiling,Chipped/Peeling/Flaking,Other Room/Area,Low
Department of Housing Preservation and Development,Paint/Plaster,DAMP,Yes,Public Area,Ceiling,Chipped/Peeling/Flaking,Storage Room,Low
Department of Housing Preservation and Development,Paint/Plaster,DAMP,Yes,Public Area,Ceiling,Chipped/Peeling/Flaking,Kitchen,Low
Department of Housing Preservation and Development,Paint/Plaster,DAMP,Yes,Public Area,Ceiling,Chipped/Peeling/Flaking,Fire Stairs/Tower,Low
Department of Housing Preservation and Development,Paint/Plaster,DAMP,Yes,Public Area,Ceiling,Chipped/Peeling/Flaking,Hallway,Low
Department of Housing Preservation and Development,Paint/Plaster,DAMP,Yes,Public Area,Ceiling,Chipped/Peeling/Flaking,Laundry Room,Low
Department of Housing Preservation and Development,Paint/Plaster,DAMP,Yes,Public Area,Ceiling,Chipped/Peeling/Flaking,Lobby,Low
Department of Housing Preservation and Development,Paint/Plaster,DAMP,Yes,Public Area,Ceiling,Chipped/Peeling/Flaking,Meter Room,Low
Department of Housing Preservation and Development,Paint/Plaster,DAMP,Yes,Public Area,Ceiling,Chipped/Peeling/Flaking,Building Entrance,Low
Department of Housing Preservation and Development,Paint/Plaster,DAMP,Yes,Public Area,Ceiling,Chipped/Peeling/Flaking,Boiler Room,Low
Department of Housing Preservation and Development,Paint/Plaster,DAMP,Yes,Public Area,Ceiling,Chipped/Peeling/Flaking,Cellar,Low
Department of Housing Preservation and Development,Paint/Plaster,DAMP,Yes,Public Area,Ceiling,Chipped/Peeling/Flaking,Compactor Closet,Low
Department of Housing Preservation and Development,Paint/Plaster,DAMP,Yes,Public Area,Ceiling,Chipped/Peeling/Flaking,Basement,Low
Department of Housing Preservation and Development,Paint/Plaster,DAMP,Yes,Public Area,Ceiling,Chipped/Peeling/Flaking,Bathroom,Low
Department of Housing Preservation and Development,Paint/Plaster,DAMP,Yes,Public Area,Ceiling,Collapsing or Falling,Bathroom,High
Department of Housing Preservation and Development,Paint/Plaster,DAMP,Yes,Public Area,Ceiling,Collapsing or Falling,Basement,High
Department of Housing Preservation and Development,Paint/Plaster,DAMP,Yes,Public Area,Ceiling,Collapsing or Falling,Compactor Closet,High
Department of Housing Preservation and Development,Paint/Plaster,DAMP,Yes,Public Area,Ceiling,Collapsing or Falling,Cellar,High
Department of Housing Preservation and Development,Paint/Plaster,DAMP,Yes,Public Area,Ceiling,Collapsing or Falling,Boiler Room,High
Department of Housing Preservation and Development,Paint/Plaster,DAMP,Yes,Public Area,Ceiling,Collapsing or Falling,Meter Room,High
Department of Housing Preservation and Development,Paint/Plaster,DAMP,Yes,Public Area,Ceiling,Collapsing or Falling,Lobby,High
Department of Housing Preservation and Development,Paint/Plaster,DAMP,Yes,Public Area,Ceiling,Collapsing or Falling,Laundry Room,High
Department of Housing Preservation and Development,Paint/Plaster,DAMP,Yes,Public Area,Ceiling,Collapsing or Falling,Hallway,High
Department of Housing Preservation and Development,Paint/Plaster,DAMP,Yes,Public Area,Ceiling,Collapsing or Falling,Kitchen,High
Department of Housing Preservation and Development,Paint/Plaster,DAMP,Yes,Public Area,Ceiling,Collapsing or Falling,Fire Escape/Egress,High
Department of Housing Preservation and Development,Paint/Plaster,DAMP,Yes,Public Area,Ceiling,Collapsing or Falling,Storage Room,High
Department of Housing Preservation and Development,Paint/Plaster,DAMP,Yes,Public Area,Ceiling,Collapsing or Falling,Other Room/Area,High
Department of Housing Preservation and Development,Paint/Plaster,DAMP,Yes,Public Area,Ceiling,Collapsing or Falling,Stairs,High
Department of Housing Preservation and Development,Paint/Plaster,DAMP,Yes,Public Area,Ceiling,Dirty or Unsanitary,Stairs,Low
Department of Housing Preservation and Development,Paint/Plaster,DAMP,Yes,Public Area,Ceiling,Dirty or Unsanitary,Other Room/Area,Low
Department of Housing Preservation and Development,Paint/Plaster,DAMP,Yes,Public Area,Ceiling,Dirty or Unsanitary,Storage Room,Low
Department of Housing Preservation and Development,Paint/Plaster,DAMP,Yes,Public Area,Ceiling,Dirty or Unsanitary,Fire Escape/Egress,Low
Department of Housing Preservation and Development,Paint/Plaster,DAMP,Yes,Public Area,Ceiling,Dirty or Unsanitary,Fire Exit/Passageway,Low
Department of Housing Preservation and Development,Paint/Plaster,DAMP,Yes,Public Area,Ceiling,Dirty or Unsanitary,Kitchen,Low
Department of Housing Preservation and Development,Paint/Plaster,DAMP,Yes,Public Area,Ceiling,Dirty or Unsanitary,Hallway,Low
Department of Housing Preservation and Development,Paint/Plaster,DAMP,Yes,Public Area,Ceiling,Dirty or Unsanitary,Fire Stairs/Tower,Low
Department of Housing Preservation and Development,Paint/Plaster,DAMP,Yes,Public Area,Ceiling,Dirty or Unsanitary,Laundry Room,Low
Department of Housing Preservation and Development,Paint/Plaster,DAMP,Yes,Public Area,Ceiling,Dirty or Unsanitary,Lobby,Low
Department of Housing Preservation and Development,Paint/Plaster,DAMP,Yes,Public Area,Ceiling,Dirty or Unsanitary,Meter Room,Low
Department of Housing Preservation and Development,Paint/Plaster,DAMP,Yes,Public Area,Ceiling,Dirty or Unsanitary,Boiler Room,Low
Department of Housing Preservation and Development,Paint/Plaster,DAMP,Yes,Public Area,Ceiling,Dirty or Unsanitary,Compactor Closet,Low
Department of Housing Preservation and Development,Paint/Plaster,DAMP,Yes,Public Area,Ceiling,Dirty or Unsanitary,Cellar,Low
Department of Housing Preservation and Development,Paint/Plaster,DAMP,Yes,Public Area,Ceiling,Dirty or Unsanitary,Courtyard,Low
Department of Housing Preservation and Development,Paint/Plaster,DAMP,Yes,Public Area,Ceiling,Dirty or Unsanitary,Basement,Low
Department of Housing Preservation and Development,Paint/Plaster,DAMP,Yes,Public Area,Ceiling,Dirty or Unsanitary,Bathroom,Low
Department of Housing Preservation and Development,Paint/Plaster,DAMP,Yes,Public Area,Ceiling,Hole or Cracked,Bathroom,Medium
Department of Housing Preservation and Development,Paint/Plaster,DAMP,Yes,Public Area,Ceiling,Hole or Cracked,Basement,Medium
Department of Housing Preservation and Development,Paint/Plaster,DAMP,Yes,Public Area,Ceiling,Hole or Cracked,Cellar,Medium
Department of Housing Preservation and Development,Paint/Plaster,DAMP,Yes,Public Area,Ceiling,Hole or Cracked,Compactor Closet,Medium
Department of Housing Preservation and Development,Paint/Plaster,DAMP,Yes,Public Area,Ceiling,Hole or Cracked,Boiler Room,Medium
Department of Housing Preservation and Development,Paint/Plaster,DAMP,Yes,Public Area,Ceiling,Hole or Cracked,Meter Room,Medium
Department of Housing Preservation and Development,Paint/Plaster,DAMP,Yes,Public Area,Ceiling,Hole or Cracked,Lobby,Medium
Department of Housing Preservation and Development,Paint/Plaster,DAMP,Yes,Public Area,Ceiling,Hole or Cracked,Laundry Room,Medium
Department of Housing Preservation and Development,Paint/Plaster,DAMP,Yes,Public Area,Ceiling,Hole or Cracked,Kitchen,Medium
Department of Housing Preservation and Development,Paint/Plaster,DAMP,Yes,Public Area,Ceiling,Hole or Cracked,Hallway,Medium
Department of Housing Preservation and Development,Paint/Plaster,DAMP,Yes,Public Area,Ceiling,Hole or Cracked,Storage Room,Medium
Department of Housing Preservation and Development,Paint/Plaster,DAMP,Yes,Public Area,Ceiling,Hole or Cracked,Stoop,Medium
Department of Housing Preservation and Development,Paint/Plaster,DAMP,Yes,Public Area,Ceiling,Hole or Cracked,Other Room/Area,Medium
Department of Housing Preservation and Development,Paint/Plaster,DAMP,Yes,Public Area,Ceiling,Hole or Cracked,Stairs,Medium
Department of Housing Preservation and Development,Paint/Plaster,DAMP,Yes,Public Area,Door/Frame,Peeling or Flaking Paint,Stairs,Low
Department of Housing Preservation and Development,Paint/Plaster,DAMP,Yes,Public Area,Door/Frame,Peeling or Flaking Paint,Other Room/Area,Low
Department of Housing Preservation and Development,Paint/Plaster,DAMP,Yes,Public Area,Door/Frame,Peeling or Flaking Paint,Meter Room,Low
Department of Housing Preservation and Development,Paint/Plaster,DAMP,Yes,Public Area,Door/Frame,Peeling or Flaking Paint,Storage Room,Low
Department of Housing Preservation and Development,Paint/Plaster,DAMP,Yes,Public Area,Door/Frame,Peeling or Flaking Paint,Yard,Low
Department of Housing Preservation and Development,Paint/Plaster,DAMP,Yes,Public Area,Door/Frame,Peeling or Flaking Paint,Hallway,Low
Department of Housing Preservation and Development,Paint/Plaster,DAMP,Yes,Public Area,Door/Frame,Peeling or Flaking Paint,Fire Stairs/Tower,Low
Department of Housing Preservation and Development,Paint/Plaster,DAMP,Yes,Public Area,Door/Frame,Peeling or Flaking Paint,Fire Exit/Passageway,Low
Department of Housing Preservation and Development,Paint/Plaster,DAMP,Yes,Public Area,Door/Frame,Peeling or Flaking Paint,Kitchen,Low
Department of Housing Preservation and Development,Paint/Plaster,DAMP,Yes,Public Area,Door/Frame,Peeling or Flaking Paint,Laundry Room,Low
Department of Housing Preservation and Development,Paint/Plaster,DAMP,Yes,Public Area,Door/Frame,Peeling or Flaking Paint,Lobby,Low
Department of Housing Preservation and Development,Paint/Plaster,DAMP,Yes,Public Area,Door/Frame,Peeling or Flaking Paint,Building Entrance,Low
Department of Housing Preservation and Development,Paint/Plaster,DAMP,Yes,Public Area,Door/Frame,Peeling or Flaking Paint,Compactor Closet,Low
Department of Housing Preservation and Development,Paint/Plaster,DAMP,Yes,Public Area,Door/Frame,Peeling or Flaking Paint,Cellar,Low
Department of Housing Preservation and Development,Paint/Plaster,DAMP,Yes,Public Area,Door/Frame,Peeling or Flaking Paint,Courtyard,Low
Department of Housing Preservation and Development,Paint/Plaster,DAMP,Yes,Public Area,Door/Frame,Peeling or Flaking Paint,Basement,Low
Department of Housing Preservation and Development,Paint/Plaster,DAMP,Yes,Public Area,Door/Frame,Peeling or Flaking Paint,Bathroom,Low
Department of Housing Preservation and Development,Paint/Plaster,DAMP,Yes,Public Area,Radiator,Peeling or Flaking Paint,Bathroom,Low
Department of Housing Preservation and Development,Paint/Plaster,DAMP,Yes,Public Area,Radiator,Peeling or Flaking Paint,Basement,Low
Department of Housing Preservation and Development,Paint/Plaster,DAMP,Yes,Public Area,Radiator,Peeling or Flaking Paint,Cellar,Low
Department of Housing Preservation and Development,Paint/Plaster,DAMP,Yes,Public Area,Radiator,Peeling or Flaking Paint,Lobby,Low
Department of Housing Preservation and Development,Paint/Plaster,DAMP,Yes,Public Area,Radiator,Peeling or Flaking Paint,Laundry Room,Low
Department of Housing Preservation and Development,Paint/Plaster,DAMP,Yes,Public Area,Radiator,Peeling or Flaking Paint,Kitchen,Low
Department of Housing Preservation and Development,Paint/Plaster,DAMP,Yes,Public Area,Radiator,Peeling or Flaking Paint,Hallway,Low
Department of Housing Preservation and Development,Paint/Plaster,DAMP,Yes,Public Area,Radiator,Peeling or Flaking Paint,Storage Room,Low
Department of Housing Preservation and Development,Paint/Plaster,DAMP,Yes,Public Area,Radiator,Peeling or Flaking Paint,Other Room/Area,Low
Department of Housing Preservation and Development,Paint/Plaster,DAMP,Yes,Public Area,Radiator,Peeling or Flaking Paint,Stairs,Low
Department of Housing Preservation and Development,Paint/Plaster,DAMP,Yes,Public Area,Wall,Bulging/Hole/Cracked,Other Room/Area,High
Department of Housing Preservation and Development,Paint/Plaster,DAMP,Yes,Public Area,Wall,Bulging/Hole/Cracked,Storage Room,High
Department of Housing Preservation and Development,Paint/Plaster,DAMP,Yes,Public Area,Wall,Bulging/Hole/Cracked,Hallway,High
Department of Housing Preservation and Development,Paint/Plaster,DAMP,Yes,Public Area,Wall,Bulging/Hole/Cracked,Fire Stairs/Tower,High
Department of Housing Preservation and Development,Paint/Plaster,DAMP,Yes,Public Area,Wall,Bulging/Hole/Cracked,Kitchen,High
Department of Housing Preservation and Development,Paint/Plaster,DAMP,Yes,Public Area,Wall,Bulging/Hole/Cracked,Laundry Room,High
Department of Housing Preservation and Development,Paint/Plaster,DAMP,Yes,Public Area,Wall,Bulging/Hole/Cracked,Lobby,High
Department of Housing Preservation and Development,Paint/Plaster,DAMP,Yes,Public Area,Wall,Bulging/Hole/Cracked,Meter Room,High
Department of Housing Preservation and Development,Paint/Plaster,DAMP,Yes,Public Area,Wall,Bulging/Hole/Cracked,Compactor Closet,High
Department of Housing Preservation and Development,Paint/Plaster,DAMP,Yes,Public Area,Wall,Bulging/Hole/Cracked,Boiler Room,High
Department of Housing Preservation and Development,Paint/Plaster,DAMP,Yes,Public Area,Wall,Bulging/Hole/Cracked,Cellar,High
Department of Housing Preservation and Development,Paint/Plaster,DAMP,Yes,Public Area,Wall,Bulging/Hole/Cracked,Basement,High
Department of Housing Preservation and Development,Paint/Plaster,DAMP,Yes,Public Area,Wall,Bulging/Hole/Cracked,Bathroom,High
Department of Housing Preservation and Development,Paint/Plaster,DAMP,Yes,Public Area,Wall,Chipped/Peeling/Flaking,Bathroom,Low
Department of Housing Preservation and Development,Paint/Plaster,DAMP,Yes,Public Area,Wall,Chipped/Peeling/Flaking,Basement,Low
Department of Housing Preservation and Development,Paint/Plaster,DAMP,Yes,Public Area,Wall,Chipped/Peeling/Flaking,Cellar,Low
Department of Housing Preservation and Development,Paint/Plaster,DAMP,Yes,Public Area,Wall,Chipped/Peeling/Flaking,Boiler Room,Low
Department of Housing Preservation and Development,Paint/Plaster,DAMP,Yes,Public Area,Wall,Chipped/Peeling/Flaking,Building Entrance,Low
Department of Housing Preservation and Development,Paint/Plaster,DAMP,Yes,Public Area,Wall,Chipped/Peeling/Flaking,Compactor Closet,Low
Department of Housing Preservation and Development,Paint/Plaster,DAMP,Yes,Public Area,Wall,Chipped/Peeling/Flaking,Meter Room,Low
Department of Housing Preservation and Development,Paint/Plaster,DAMP,Yes,Public Area,Wall,Chipped/Peeling/Flaking,Lobby,Low
Department of Housing Preservation and Development,Paint/Plaster,DAMP,Yes,Public Area,Wall,Chipped/Peeling/Flaking,Laundry Room,Low
Department of Housing Preservation and Development,Paint/Plaster,DAMP,Yes,Public Area,Wall,Chipped/Peeling/Flaking,Kitchen,Low
Department of Housing Preservation and Development,Paint/Plaster,DAMP,Yes,Public Area,Wall,Chipped/Peeling/Flaking,Fire Stairs/Tower,Low
Department of Housing Preservation and Development,Paint/Plaster,DAMP,Yes,Public Area,Wall,Chipped/Peeling/Flaking,Hallway,Low
Department of Housing Preservation and Development,Paint/Plaster,DAMP,Yes,Public Area,Wall,Chipped/Peeling/Flaking,Storage Room,Low
Department of Housing Preservation and Development,Paint/Plaster,DAMP,Yes,Public Area,Wall,Chipped/Peeling/Flaking,Other Room/Area,Low
Department of Housing Preservation and Development,Paint/Plaster,DAMP,Yes,Public Area,Wall,Chipped/Peeling/Flaking,Stairs,Low
Department of Housing Preservation and Development,Paint/Plaster,DAMP,Yes,Public Area,Wall,Collapsing or Falling,Stairs,High
Department of Housing Preservation and Development,Paint/Plaster,DAMP,Yes,Public Area,Wall,Collapsing or Falling,Other Room/Area,High
Department of Housing Preservation and Development,Paint/Plaster,DAMP,Yes,Public Area,Wall,Collapsing or Falling,Storage Room,High
Department of Housing Preservation and Development,Paint/Plaster,DAMP,Yes,Public Area,Wall,Collapsing or Falling,Hallway,High
Department of Housing Preservation and Development,Paint/Plaster,DAMP,Yes,Public Area,Wall,Collapsing or Falling,Kitchen,High
Department of Housing Preservation and Development,Paint/Plaster,DAMP,Yes,Public Area,Wall,Collapsing or Falling,Fire Escape/Egress,High
Department of Housing Preservation and Development,Paint/Plaster,DAMP,Yes,Public Area,Wall,Collapsing or Falling,Laundry Room,High
Department of Housing Preservation and Development,Paint/Plaster,DAMP,Yes,Public Area,Wall,Collapsing or Falling,Lobby,High
Department of Housing Preservation and Development,Paint/Plaster,DAMP,Yes,Public Area,Wall,Collapsing or Falling,Meter Room,High
Department of Housing Preservation and Development,Paint/Plaster,DAMP,Yes,Public Area,Wall,Collapsing or Falling,Compactor Closet,High
Department of Housing Preservation and Development,Paint/Plaster,DAMP,Yes,Public Area,Wall,Collapsing or Falling,Boiler Room,High
Department of Housing Preservation and Development,Paint/Plaster,DAMP,Yes,Public Area,Wall,Collapsing or Falling,Cellar,High
Department of Housing Preservation and Development,Paint/Plaster,DAMP,Yes,Public Area,Wall,Collapsing or Falling,Basement,High
Department of Housing Preservation and Development,Paint/Plaster,DAMP,Yes,Public Area,Wall,Collapsing or Falling,Bathroom,High
Department of Housing Preservation and Development,Paint/Plaster,DAMP,Yes,Public Area,Wall,Dirty or Unsanitary,Bathroom,Low
Department of Housing Preservation and Development,Paint/Plaster,DAMP,Yes,Public Area,Wall,Dirty or Unsanitary,Basement,Low
Department of Housing Preservation and Development,Paint/Plaster,DAMP,Yes,Public Area,Wall,Dirty or Unsanitary,Boiler Room,Low
Department of Housing Preservation and Development,Paint/Plaster,DAMP,Yes,Public Area,Wall,Dirty or Unsanitary,Compactor Closet,Low
Department of Housing Preservation and Development,Paint/Plaster,DAMP,Yes,Public Area,Wall,Dirty or Unsanitary,Cellar,Low
Department of Housing Preservation and Development,Paint/Plaster,DAMP,Yes,Public Area,Wall,Dirty or Unsanitary,Courtyard,Low
Department of Housing Preservation and Development,Paint/Plaster,DAMP,Yes,Public Area,Wall,Dirty or Unsanitary,Meter Room,Low
Department of Housing Preservation and Development,Paint/Plaster,DAMP,Yes,Public Area,Wall,Dirty or Unsanitary,Lobby,Low
Department of Housing Preservation and Development,Paint/Plaster,DAMP,Yes,Public Area,Wall,Dirty or Unsanitary,Laundry Room,Low
Department of Housing Preservation and Development,Paint/Plaster,DAMP,Yes,Public Area,Wall,Dirty or Unsanitary,Fire Escape/Egress,Low
Department of Housing Preservation and Development,Paint/Plaster,DAMP,Yes,Public Area,Wall,Dirty or Unsanitary,Fire Exit/Passageway,Low
Department of Housing Preservation and Development,Paint/Plaster,DAMP,Yes,Public Area,Wall,Dirty or Unsanitary,Kitchen,Low
Department of Housing Preservation and Development,Paint/Plaster,DAMP,Yes,Public Area,Wall,Dirty or Unsanitary,Hallway,Low
Department of Housing Preservation and Development,Paint/Plaster,DAMP,Yes,Public Area,Wall,Dirty or Unsanitary,Fire Stairs/Tower,Low
Department of Housing Preservation and Development,Paint/Plaster,DAMP,Yes,Public Area,Wall,Dirty or Unsanitary,Storage Room,Low
Department of Housing Preservation and Development,Paint/Plaster,DAMP,Yes,Public Area,Wall,Dirty or Unsanitary,Other Room/Area,Low
Department of Housing Preservation and Development,Paint/Plaster,DAMP,Yes,Public Area,Wall,Dirty or Unsanitary,Stairs,Low
Department of Housing Preservation and Development,Paint/Plaster,DAMP,Yes,Public Area,Wall,Tile Broken or Missing,Laundry Room,Medium
Department of Housing Preservation and Development,Paint/Plaster,DAMP,Yes,Public Area,Wall,Tile Broken or Missing,Kitchen,Medium
Department of Housing Preservation and Development,Paint/Plaster,DAMP,Yes,Public Area,Wall,Tile Broken or Missing,Lobby,Medium
Department of Housing Preservation and Development,Paint/Plaster,DAMP,Yes,Public Area,Wall,Tile Broken or Missing,Bathroom,Medium
Department of Housing Preservation and Development,Paint/Plaster,DAMP,Yes,Public Area,Window/Frame,Peeling or Flaking Paint,Bathroom,Low
Department of Housing Preservation and Development,Paint/Plaster,DAMP,Yes,Public Area,Window/Frame,Peeling or Flaking Paint,Basement,Low
Department of Housing Preservation and Development,Paint/Plaster,DAMP,Yes,Public Area,Window/Frame,Peeling or Flaking Paint,Courtyard,Low
Department of Housing Preservation and Development,Paint/Plaster,DAMP,Yes,Public Area,Window/Frame,Peeling or Flaking Paint,Cellar,Low
Department of Housing Preservation and Development,Paint/Plaster,DAMP,Yes,Public Area,Window/Frame,Peeling or Flaking Paint,Compactor Closet,Low
Department of Housing Preservation and Development,Paint/Plaster,DAMP,Yes,Public Area,Window/Frame,Peeling or Flaking Paint,Building Entrance,Low
Department of Housing Preservation and Development,Paint/Plaster,DAMP,Yes,Public Area,Window/Frame,Peeling or Flaking Paint,Lobby,Low
Department of Housing Preservation and Development,Paint/Plaster,DAMP,Yes,Public Area,Window/Frame,Peeling or Flaking Paint,Kitchen,Low
Department of Housing Preservation and Development,Paint/Plaster,DAMP,Yes,Public Area,Window/Frame,Peeling or Flaking Paint,Laundry Room,Low
Department of Housing Preservation and Development,Paint/Plaster,DAMP,Yes,Public Area,Window/Frame,Peeling or Flaking Paint,Hallway,Low
Department of Housing Preservation and Development,Paint/Plaster,DAMP,Yes,Public Area,Window/Frame,Peeling or Flaking Paint,Stairs,Low
Department of Housing Preservation and Development,Paint/Plaster,DAMP,Yes,Public Area,Window/Frame,Peeling or Flaking Paint,Other Room/Area,Low
Department of Housing Preservation and Development,Paint/Plaster,DAMP,Yes,Public Area,Window/Frame,Peeling or Flaking Paint,Storage Room,Low
Department of Housing Preservation and Development,Paint/Plaster,DAMP,Yes,Public Area,Window/Frame,Peeling or Flaking Paint,Yard,Low
Department of Housing Preservation and Development,Paint/Plaster,Sec 8,Yes,Apartment,Cabinet,Peeling or Flaking Paint,Entire Apartment,Low
Department of Housing Preservation and Development,Paint/Plaster,Sec 8,Yes,Apartment,Cabinet,Peeling or Flaking Paint,Entrance/Foyer,Low
Department of Housing Preservation and Development,Paint/Plaster,Sec 8,Yes,Apartment,Cabinet,Peeling or Flaking Paint,Kitchen,Low
Department of Housing Preservation and Development,Paint/Plaster,Sec 8,Yes,Apartment,Cabinet,Peeling or Flaking Paint,Living Room,Low
Department of Housing Preservation and Development,Paint/Plaster,Sec 8,Yes,Apartment,Cabinet,Peeling or Flaking Paint,Bathroom,Low
Department of Housing Preservation and Development,Paint/Plaster,Sec 8,Yes,Apartment,Cabinet,Peeling or Flaking Paint,Bedroom,Low
Department of Housing Preservation and Development,Paint/Plaster,Sec 8,Yes,Apartment,Cabinet,Peeling or Flaking Paint,Private Hall,Low
Department of Housing Preservation and Development,Paint/Plaster,Sec 8,Yes,Apartment,Cabinet,Peeling or Flaking Paint,Other Room/Area,Low
Department of Housing Preservation and Development,Paint/Plaster,Sec 8,Yes,Apartment,Ceiling,Chipped/Peeling/Flaking,Other Room/Area,Low
Department of Housing Preservation and Development,Paint/Plaster,Sec 8,Yes,Apartment,Ceiling,Chipped/Peeling/Flaking,Private Hall,Low
Department of Housing Preservation and Development,Paint/Plaster,Sec 8,Yes,Apartment,Ceiling,Chipped/Peeling/Flaking,Bedroom,Low
Department of Housing Preservation and Development,Paint/Plaster,Sec 8,Yes,Apartment,Ceiling,Chipped/Peeling/Flaking,Bathroom,Low
Department of Housing Preservation and Development,Paint/Plaster,Sec 8,Yes,Apartment,Ceiling,Chipped/Peeling/Flaking,Living Room,Low
Department of Housing Preservation and Development,Paint/Plaster,Sec 8,Yes,Apartment,Ceiling,Chipped/Peeling/Flaking,Kitchen,Low
Department of Housing Preservation and Development,Paint/Plaster,Sec 8,Yes,Apartment,Ceiling,Chipped/Peeling/Flaking,Entrance/Foyer,Low
Department of Housing Preservation and Development,Paint/Plaster,Sec 8,Yes,Apartment,Ceiling,Chipped/Peeling/Flaking,Entire Apartment,Low
Department of Housing Preservation and Development,Paint/Plaster,Sec 8,Yes,Apartment,Ceiling,Collapsing or Falling,Entire Apartment,High
Department of Housing Preservation and Development,Paint/Plaster,Sec 8,Yes,Apartment,Ceiling,Collapsing or Falling,Entrance/Foyer,High
Department of Housing Preservation and Development,Paint/Plaster,Sec 8,Yes,Apartment,Ceiling,Collapsing or Falling,Kitchen,High
Department of Housing Preservation and Development,Paint/Plaster,Sec 8,Yes,Apartment,Ceiling,Collapsing or Falling,Living Room,High
Department of Housing Preservation and Development,Paint/Plaster,Sec 8,Yes,Apartment,Ceiling,Collapsing or Falling,Bathroom,High
Department of Housing Preservation and Development,Paint/Plaster,Sec 8,Yes,Apartment,Ceiling,Collapsing or Falling,Bedroom,High
Department of Housing Preservation and Development,Paint/Plaster,Sec 8,Yes,Apartment,Ceiling,Collapsing or Falling,Private Hall,High
Department of Housing Preservation and Development,Paint/Plaster,Sec 8,Yes,Apartment,Ceiling,Collapsing or Falling,Other Room/Area,High
Department of Housing Preservation and Development,Paint/Plaster,Sec 8,Yes,Apartment,Ceiling,Dirty or Unsanitary,Other Room/Area,Low
Department of Housing Preservation and Development,Paint/Plaster,Sec 8,Yes,Apartment,Ceiling,Dirty or Unsanitary,Private Hall,Low
Department of Housing Preservation and Development,Paint/Plaster,Sec 8,Yes,Apartment,Ceiling,Dirty or Unsanitary,Bedroom,Low
Department of Housing Preservation and Development,Paint/Plaster,Sec 8,Yes,Apartment,Ceiling,Dirty or Unsanitary,Bathroom,Low
Department of Housing Preservation and Development,Paint/Plaster,Sec 8,Yes,Apartment,Ceiling,Dirty or Unsanitary,Living Room,Low
Department of Housing Preservation and Development,Paint/Plaster,Sec 8,Yes,Apartment,Ceiling,Dirty or Unsanitary,Kitchen,Low
Department of Housing Preservation and Development,Paint/Plaster,Sec 8,Yes,Apartment,Ceiling,Dirty or Unsanitary,Entrance/Foyer,Low
Department of Housing Preservation and Development,Paint/Plaster,Sec 8,Yes,Apartment,Ceiling,Dirty or Unsanitary,Entire Apartment,Low
Department of Housing Preservation and Development,Paint/Plaster,Sec 8,Yes,Apartment,Ceiling,Hole or Cracked,Entire Apartment,Medium
Department of Housing Preservation and Development,Paint/Plaster,Sec 8,Yes,Apartment,Ceiling,Hole or Cracked,Entrance/Foyer,Medium
Department of Housing Preservation and Development,Paint/Plaster,Sec 8,Yes,Apartment,Ceiling,Hole or Cracked,Kitchen,Medium
Department of Housing Preservation and Development,Paint/Plaster,Sec 8,Yes,Apartment,Ceiling,Hole or Cracked,Living Room,Medium
Department of Housing Preservation and Development,Paint/Plaster,Sec 8,Yes,Apartment,Ceiling,Hole or Cracked,Bathroom,Medium
Department of Housing Preservation and Development,Paint/Plaster,Sec 8,Yes,Apartment,Ceiling,Hole or Cracked,Bedroom,Medium
Department of Housing Preservation and Development,Paint/Plaster,Sec 8,Yes,Apartment,Ceiling,Hole or Cracked,Private Hall,Medium
Department of Housing Preservation and Development,Paint/Plaster,Sec 8,Yes,Apartment,Ceiling,Hole or Cracked,Other Room/Area,Medium
Department of Housing Preservation and Development,Paint/Plaster,Sec 8,Yes,Apartment,Door/Frame,Peeling or Flaking Paint,Other Room/Area,Low
Department of Housing Preservation and Development,Paint/Plaster,Sec 8,Yes,Apartment,Door/Frame,Peeling or Flaking Paint,Private Hall,Low
Department of Housing Preservation and Development,Paint/Plaster,Sec 8,Yes,Apartment,Door/Frame,Peeling or Flaking Paint,Bedroom,Low
Department of Housing Preservation and Development,Paint/Plaster,Sec 8,Yes,Apartment,Door/Frame,Peeling or Flaking Paint,Bathroom,Low
Department of Housing Preservation and Development,Paint/Plaster,Sec 8,Yes,Apartment,Door/Frame,Peeling or Flaking Paint,Living Room,Low
Department of Housing Preservation and Development,Paint/Plaster,Sec 8,Yes,Apartment,Door/Frame,Peeling or Flaking Paint,Kitchen,Low
Department of Housing Preservation and Development,Paint/Plaster,Sec 8,Yes,Apartment,Door/Frame,Peeling or Flaking Paint,Entrance/Foyer,Low
Department of Housing Preservation and Development,Paint/Plaster,Sec 8,Yes,Apartment,Door/Frame,Peeling or Flaking Paint,Entire Apartment,Low
Department of Housing Preservation and Development,Paint/Plaster,Sec 8,Yes,Apartment,Radiator,Peeling or Flaking Paint,Entire Apartment,Low
Department of Housing Preservation and Development,Paint/Plaster,Sec 8,Yes,Apartment,Radiator,Peeling or Flaking Paint,Entrance/Foyer,Low
Department of Housing Preservation and Development,Paint/Plaster,Sec 8,Yes,Apartment,Radiator,Peeling or Flaking Paint,Kitchen,Low
Department of Housing Preservation and Development,Paint/Plaster,Sec 8,Yes,Apartment,Radiator,Peeling or Flaking Paint,Living Room,Low
Department of Housing Preservation and Development,Paint/Plaster,Sec 8,Yes,Apartment,Radiator,Peeling or Flaking Paint,Bathroom,Low
Department of Housing Preservation and Development,Paint/Plaster,Sec 8,Yes,Apartment,Radiator,Peeling or Flaking Paint,Bedroom,Low
Department of Housing Preservation and Development,Paint/Plaster,Sec 8,Yes,Apartment,Radiator,Peeling or Flaking Paint,Private Hall,Low
Department of Housing Preservation and Development,Paint/Plaster,Sec 8,Yes,Apartment,Radiator,Peeling or Flaking Paint,Other Room/Area,Low
Department of Housing Preservation and Development,Paint/Plaster,Sec 8,Yes,Apartment,Wall,Bulging/Hole/Cracked,Other Room/Area,High
Department of Housing Preservation and Development,Paint/Plaster,Sec 8,Yes,Apartment,Wall,Bulging/Hole/Cracked,Private Hall,High
Department of Housing Preservation and Development,Paint/Plaster,Sec 8,Yes,Apartment,Wall,Bulging/Hole/Cracked,Bedroom,High
Department of Housing Preservation and Development,Paint/Plaster,Sec 8,Yes,Apartment,Wall,Bulging/Hole/Cracked,Bathroom,High
Department of Housing Preservation and Development,Paint/Plaster,Sec 8,Yes,Apartment,Wall,Bulging/Hole/Cracked,Living Room,High
Department of Housing Preservation and Development,Paint/Plaster,Sec 8,Yes,Apartment,Wall,Bulging/Hole/Cracked,Kitchen,High
Department of Housing Preservation and Development,Paint/Plaster,Sec 8,Yes,Apartment,Wall,Bulging/Hole/Cracked,Entrance/Foyer,High
Department of Housing Preservation and Development,Paint/Plaster,Sec 8,Yes,Apartment,Wall,Bulging/Hole/Cracked,Entire Apartment,High
Department of Housing Preservation and Development,Paint/Plaster,Sec 8,Yes,Apartment,Wall,Chipped/Peeling/Flaking,Entire Apartment,Low
Department of Housing Preservation and Development,Paint/Plaster,Sec 8,Yes,Apartment,Wall,Chipped/Peeling/Flaking,Entrance/Foyer,Low
Department of Housing Preservation and Development,Paint/Plaster,Sec 8,Yes,Apartment,Wall,Chipped/Peeling/Flaking,Kitchen,Low
Department of Housing Preservation and Development,Paint/Plaster,Sec 8,Yes,Apartment,Wall,Chipped/Peeling/Flaking,Living Room,Low
Department of Housing Preservation and Development,Paint/Plaster,Sec 8,Yes,Apartment,Wall,Chipped/Peeling/Flaking,Bathroom,Low
Department of Housing Preservation and Development,Paint/Plaster,Sec 8,Yes,Apartment,Wall,Chipped/Peeling/Flaking,Bedroom,Low
Department of Housing Preservation and Development,Paint/Plaster,Sec 8,Yes,Apartment,Wall,Chipped/Peeling/Flaking,Private Hall,Low
Department of Housing Preservation and Development,Paint/Plaster,Sec 8,Yes,Apartment,Wall,Chipped/Peeling/Flaking,Other Room/Area,Low
Department of Housing Preservation and Development,Paint/Plaster,Sec 8,Yes,Apartment,Wall,Collapsing or Falling,Other Room/Area,High
Department of Housing Preservation and Development,Paint/Plaster,Sec 8,Yes,Apartment,Wall,Collapsing or Falling,Private Hall,High
Department of Housing Preservation and Development,Paint/Plaster,Sec 8,Yes,Apartment,Wall,Collapsing or Falling,Bedroom,High
Department of Housing Preservation and Development,Paint/Plaster,Sec 8,Yes,Apartment,Wall,Collapsing or Falling,Bathroom,High
Department of Housing Preservation and Development,Paint/Plaster,Sec 8,Yes,Apartment,Wall,Collapsing or Falling,Living Room,High
Department of Housing Preservation and Development,Paint/Plaster,Sec 8,Yes,Apartment,Wall,Collapsing or Falling,Kitchen,High
Department of Housing Preservation and Development,Paint/Plaster,Sec 8,Yes,Apartment,Wall,Collapsing or Falling,Entrance/Foyer,High
Department of Housing Preservation and Development,Paint/Plaster,Sec 8,Yes,Apartment,Wall,Collapsing or Falling,Entire Apartment,High
Department of Housing Preservation and Development,Paint/Plaster,Sec 8,Yes,Apartment,Wall,Dirty or Unsanitary,Entire Apartment,Low
Department of Housing Preservation and Development,Paint/Plaster,Sec 8,Yes,Apartment,Wall,Dirty or Unsanitary,Entrance/Foyer,Low
Department of Housing Preservation and Development,Paint/Plaster,Sec 8,Yes,Apartment,Wall,Dirty or Unsanitary,Kitchen,Low
Department of Housing Preservation and Development,Paint/Plaster,Sec 8,Yes,Apartment,Wall,Dirty or Unsanitary,Living Room,Low
Department of Housing Preservation and Development,Paint/Plaster,Sec 8,Yes,Apartment,Wall,Dirty or Unsanitary,Bathroom,Low
Department of Housing Preservation and Development,Paint/Plaster,Sec 8,Yes,Apartment,Wall,Dirty or Unsanitary,Bedroom,Low
Department of Housing Preservation and Development,Paint/Plaster,Sec 8,Yes,Apartment,Wall,Dirty or Unsanitary,Private Hall,Low
Department of Housing Preservation and Development,Paint/Plaster,Sec 8,Yes,Apartment,Wall,Dirty or Unsanitary,Other Room/Area,Low
Department of Housing Preservation and Development,Paint/Plaster,Sec 8,Yes,Apartment,Wall,Tile Broken or Missing,Other Room/Area,Medium
Department of Housing Preservation and Development,Paint/Plaster,Sec 8,Yes,Apartment,Wall,Tile Broken or Missing,Bathroom,Medium
Department of Housing Preservation and Development,Paint/Plaster,Sec 8,Yes,Apartment,Wall,Tile Broken or Missing,Kitchen,Medium
Department of Housing Preservation and Development,Paint/Plaster,Sec 8,Yes,Apartment,Window/Frame,Peeling or Flaking Paint,Kitchen,Low
Department of Housing Preservation and Development,Paint/Plaster,Sec 8,Yes,Apartment,Window/Frame,Peeling or Flaking Paint,Living Room,Low
Department of Housing Preservation and Development,Paint/Plaster,Sec 8,Yes,Apartment,Window/Frame,Peeling or Flaking Paint,Entrance/Foyer,Low
Department of Housing Preservation and Development,Paint/Plaster,Sec 8,Yes,Apartment,Window/Frame,Peeling or Flaking Paint,Entire Apartment,Low
Department of Housing Preservation and Development,Paint/Plaster,Sec 8,Yes,Apartment,Window/Frame,Peeling or Flaking Paint,Bathroom,Low
Department of Housing Preservation and Development,Paint/Plaster,Sec 8,Yes,Apartment,Window/Frame,Peeling or Flaking Paint,Bedroom,Low
Department of Housing Preservation and Development,Paint/Plaster,Sec 8,Yes,Apartment,Window/Frame,Peeling or Flaking Paint,Other Room/Area,Low
Department of Housing Preservation and Development,Paint/Plaster,Sec 8,Yes,Apartment,Window/Frame,Peeling or Flaking Paint,Private Hall,Low
Department of Housing Preservation and Development,Paint/Plaster,DAMP,Yes,Apartment,Cabinet,Peeling or Flaking Paint,Entrance/Foyer,Low
Department of Housing Preservation and Development,Paint/Plaster,DAMP,Yes,Apartment,Cabinet,Peeling or Flaking Paint,Entire Apartment,Low
Department of Housing Preservation and Development,Paint/Plaster,DAMP,Yes,Apartment,Cabinet,Peeling or Flaking Paint,Kitchen,Low
Department of Housing Preservation and Development,Paint/Plaster,DAMP,Yes,Apartment,Cabinet,Peeling or Flaking Paint,Living Room,Low
Department of Housing Preservation and Development,Paint/Plaster,DAMP,Yes,Apartment,Cabinet,Peeling or Flaking Paint,Bathroom,Low
Department of Housing Preservation and Development,Paint/Plaster,DAMP,Yes,Apartment,Cabinet,Peeling or Flaking Paint,Bedroom,Low
Department of Housing Preservation and Development,Paint/Plaster,DAMP,Yes,Apartment,Cabinet,Peeling or Flaking Paint,Private Hall,Low
Department of Housing Preservation and Development,Paint/Plaster,DAMP,Yes,Apartment,Cabinet,Peeling or Flaking Paint,Other Room/Area,Low
Department of Housing Preservation and Development,Paint/Plaster,DAMP,Yes,Apartment,Ceiling,Chipped/Peeling/Flaking,Other Room/Area,Low
Department of Housing Preservation and Development,Paint/Plaster,DAMP,Yes,Apartment,Ceiling,Chipped/Peeling/Flaking,Private Hall,Low
Department of Housing Preservation and Development,Paint/Plaster,DAMP,Yes,Apartment,Ceiling,Chipped/Peeling/Flaking,Bedroom,Low
Department of Housing Preservation and Development,Paint/Plaster,DAMP,Yes,Apartment,Ceiling,Chipped/Peeling/Flaking,Bathroom,Low
Department of Housing Preservation and Development,Paint/Plaster,DAMP,Yes,Apartment,Ceiling,Chipped/Peeling/Flaking,Entire Apartment,Low
Department of Housing Preservation and Development,Paint/Plaster,DAMP,Yes,Apartment,Ceiling,Chipped/Peeling/Flaking,Living Room,Low
Department of Housing Preservation and Development,Paint/Plaster,DAMP,Yes,Apartment,Ceiling,Chipped/Peeling/Flaking,Entrance/Foyer,Low
Department of Housing Preservation and Development,Paint/Plaster,DAMP,Yes,Apartment,Ceiling,Chipped/Peeling/Flaking,Kitchen,Low
Department of Housing Preservation and Development,Paint/Plaster,DAMP,Yes,Apartment,Ceiling,Collapsing or Falling,Kitchen,High
Department of Housing Preservation and Development,Paint/Plaster,DAMP,Yes,Apartment,Ceiling,Collapsing or Falling,Entrance/Foyer,High
Department of Housing Preservation and Development,Paint/Plaster,DAMP,Yes,Apartment,Ceiling,Collapsing or Falling,Living Room,High
Department of Housing Preservation and Development,Paint/Plaster,DAMP,Yes,Apartment,Ceiling,Collapsing or Falling,Entire Apartment,High
Department of Housing Preservation and Development,Paint/Plaster,DAMP,Yes,Apartment,Ceiling,Collapsing or Falling,Bathroom,High
Department of Housing Preservation and Development,Paint/Plaster,DAMP,Yes,Apartment,Ceiling,Collapsing or Falling,Bedroom,High
Department of Housing Preservation and Development,Paint/Plaster,DAMP,Yes,Apartment,Ceiling,Collapsing or Falling,Private Hall,High
Department of Housing Preservation and Development,Paint/Plaster,DAMP,Yes,Apartment,Ceiling,Collapsing or Falling,Other Room/Area,High
Department of Housing Preservation and Development,Paint/Plaster,DAMP,Yes,Apartment,Ceiling,Dirty or Unsanitary,Other Room/Area,Low
Department of Housing Preservation and Development,Paint/Plaster,DAMP,Yes,Apartment,Ceiling,Dirty or Unsanitary,Private Hall,Low
Department of Housing Preservation and Development,Paint/Plaster,DAMP,Yes,Apartment,Ceiling,Dirty or Unsanitary,Bedroom,Low
Department of Housing Preservation and Development,Paint/Plaster,DAMP,Yes,Apartment,Ceiling,Dirty or Unsanitary,Bathroom,Low
Department of Housing Preservation and Development,Paint/Plaster,DAMP,Yes,Apartment,Ceiling,Dirty or Unsanitary,Entire Apartment,Low
Department of Housing Preservation and Development,Paint/Plaster,DAMP,Yes,Apartment,Ceiling,Dirty or Unsanitary,Living Room,Low
Department of Housing Preservation and Development,Paint/Plaster,DAMP,Yes,Apartment,Ceiling,Dirty or Unsanitary,Entrance/Foyer,Low
Department of Housing Preservation and Development,Paint/Plaster,DAMP,Yes,Apartment,Ceiling,Dirty or Unsanitary,Kitchen,Low
Department of Housing Preservation and Development,Paint/Plaster,DAMP,Yes,Apartment,Ceiling,Hole or Cracked,Entrance/Foyer,Medium
Department of Housing Preservation and Development,Paint/Plaster,DAMP,Yes,Apartment,Ceiling,Hole or Cracked,Living Room,Medium
Department of Housing Preservation and Development,Paint/Plaster,DAMP,Yes,Apartment,Ceiling,Hole or Cracked,Kitchen,Medium
Department of Housing Preservation and Development,Paint/Plaster,DAMP,Yes,Apartment,Ceiling,Hole or Cracked,Entire Apartment,Medium
Department of Housing Preservation and Development,Paint/Plaster,DAMP,Yes,Apartment,Ceiling,Hole or Cracked,Bathroom,Medium
Department of Housing Preservation and Development,Paint/Plaster,DAMP,Yes,Apartment,Ceiling,Hole or Cracked,Bedroom,Medium
Department of Housing Preservation and Development,Paint/Plaster,DAMP,Yes,Apartment,Ceiling,Hole or Cracked,Private Hall,Medium
Department of Housing Preservation and Development,Paint/Plaster,DAMP,Yes,Apartment,Ceiling,Hole or Cracked,Other Room/Area,Medium
Department of Housing Preservation and Development,Paint/Plaster,DAMP,Yes,Apartment,Door/Frame,Peeling or Flaking Paint,Other Room/Area,Low
Department of Housing Preservation and Development,Paint/Plaster,DAMP,Yes,Apartment,Door/Frame,Peeling or Flaking Paint,Private Hall,Low
Department of Housing Preservation and Development,Paint/Plaster,DAMP,Yes,Apartment,Door/Frame,Peeling or Flaking Paint,Bedroom,Low
Department of Housing Preservation and Development,Paint/Plaster,DAMP,Yes,Apartment,Door/Frame,Peeling or Flaking Paint,Bathroom,Low
Department of Housing Preservation and Development,Paint/Plaster,DAMP,Yes,Apartment,Door/Frame,Peeling or Flaking Paint,Kitchen,Low
Department of Housing Preservation and Development,Paint/Plaster,DAMP,Yes,Apartment,Door/Frame,Peeling or Flaking Paint,Living Room,Low
Department of Housing Preservation and Development,Paint/Plaster,DAMP,Yes,Apartment,Door/Frame,Peeling or Flaking Paint,Entrance/Foyer,Low
Department of Housing Preservation and Development,Paint/Plaster,DAMP,Yes,Apartment,Door/Frame,Peeling or Flaking Paint,Entire Apartment,Low
Department of Housing Preservation and Development,Paint/Plaster,DAMP,Yes,Apartment,Radiator,Peeling or Flaking Paint,Entire Apartment,Low
Department of Housing Preservation and Development,Paint/Plaster,DAMP,Yes,Apartment,Radiator,Peeling or Flaking Paint,Entrance/Foyer,Low
Department of Housing Preservation and Development,Paint/Plaster,DAMP,Yes,Apartment,Radiator,Peeling or Flaking Paint,Living Room,Low
Department of Housing Preservation and Development,Paint/Plaster,DAMP,Yes,Apartment,Radiator,Peeling or Flaking Paint,Kitchen,Low
Department of Housing Preservation and Development,Paint/Plaster,DAMP,Yes,Apartment,Radiator,Peeling or Flaking Paint,Bathroom,Low
Department of Housing Preservation and Development,Paint/Plaster,DAMP,Yes,Apartment,Radiator,Peeling or Flaking Paint,Bedroom,Low
Department of Housing Preservation and Development,Paint/Plaster,DAMP,Yes,Apartment,Radiator,Peeling or Flaking Paint,Private Hall,Low
Department of Housing Preservation and Development,Paint/Plaster,DAMP,Yes,Apartment,Radiator,Peeling or Flaking Paint,Other Room/Area,Low
Department of Housing Preservation and Development,Paint/Plaster,DAMP,Yes,Apartment,Wall,Bulging/Hole/Cracked,Other Room/Area,High
Department of Housing Preservation and Development,Paint/Plaster,DAMP,Yes,Apartment,Wall,Bulging/Hole/Cracked,Private Hall,High
Department of Housing Preservation and Development,Paint/Plaster,DAMP,Yes,Apartment,Wall,Bulging/Hole/Cracked,Bedroom,High
Department of Housing Preservation and Development,Paint/Plaster,DAMP,Yes,Apartment,Wall,Bulging/Hole/Cracked,Bathroom,High
Department of Housing Preservation and Development,Paint/Plaster,DAMP,Yes,Apartment,Wall,Bulging/Hole/Cracked,Entire Apartment,High
Department of Housing Preservation and Development,Paint/Plaster,DAMP,Yes,Apartment,Wall,Bulging/Hole/Cracked,Living Room,High
Department of Housing Preservation and Development,Paint/Plaster,DAMP,Yes,Apartment,Wall,Bulging/Hole/Cracked,Entrance/Foyer,High
Department of Housing Preservation and Development,Paint/Plaster,DAMP,Yes,Apartment,Wall,Bulging/Hole/Cracked,Kitchen,High
Department of Housing Preservation and Development,Paint/Plaster,DAMP,Yes,Apartment,Wall,Chipped/Peeling/Flaking,Kitchen,Low
Department of Housing Preservation and Development,Paint/Plaster,DAMP,Yes,Apartment,Wall,Chipped/Peeling/Flaking,Entrance/Foyer,Low
Department of Housing Preservation and Development,Paint/Plaster,DAMP,Yes,Apartment,Wall,Chipped/Peeling/Flaking,Living Room,Low
Department of Housing Preservation and Development,Paint/Plaster,DAMP,Yes,Apartment,Wall,Chipped/Peeling/Flaking,Entire Apartment,Low
Department of Housing Preservation and Development,Paint/Plaster,DAMP,Yes,Apartment,Wall,Chipped/Peeling/Flaking,Bathroom,Low
Department of Housing Preservation and Development,Paint/Plaster,DAMP,Yes,Apartment,Wall,Chipped/Peeling/Flaking,Bedroom,Low
Department of Housing Preservation and Development,Paint/Plaster,DAMP,Yes,Apartment,Wall,Chipped/Peeling/Flaking,Private Hall,Low
Department of Housing Preservation and Development,Paint/Plaster,DAMP,Yes,Apartment,Wall,Chipped/Peeling/Flaking,Other Room/Area,Low
Department of Housing Preservation and Development,Paint/Plaster,DAMP,Yes,Apartment,Wall,Collapsing or Falling,Other Room/Area,High
Department of Housing Preservation and Development,Paint/Plaster,DAMP,Yes,Apartment,Wall,Collapsing or Falling,Private Hall,High
Department of Housing Preservation and Development,Paint/Plaster,DAMP,Yes,Apartment,Wall,Collapsing or Falling,Bedroom,High
Department of Housing Preservation and Development,Paint/Plaster,DAMP,Yes,Apartment,Wall,Collapsing or Falling,Bathroom,High
Department of Housing Preservation and Development,Paint/Plaster,DAMP,Yes,Apartment,Wall,Collapsing or Falling,Entire Apartment,High
Department of Housing Preservation and Development,Paint/Plaster,DAMP,Yes,Apartment,Wall,Collapsing or Falling,Living Room,High
Department of Housing Preservation and Development,Paint/Plaster,DAMP,Yes,Apartment,Wall,Collapsing or Falling,Entrance/Foyer,High
Department of Housing Preservation and Development,Paint/Plaster,DAMP,Yes,Apartment,Wall,Collapsing or Falling,Kitchen,High
Department of Housing Preservation and Development,Paint/Plaster,DAMP,Yes,Apartment,Wall,Dirty or Unsanitary,Kitchen,Low
Department of Housing Preservation and Development,Paint/Plaster,DAMP,Yes,Apartment,Wall,Dirty or Unsanitary,Entrance/Foyer,Low
Department of Housing Preservation and Development,Paint/Plaster,DAMP,Yes,Apartment,Wall,Dirty or Unsanitary,Living Room,Low
Department of Housing Preservation and Development,Paint/Plaster,DAMP,Yes,Apartment,Wall,Dirty or Unsanitary,Entire Apartment,Low
Department of Housing Preservation and Development,Paint/Plaster,DAMP,Yes,Apartment,Wall,Dirty or Unsanitary,Bathroom,Low
Department of Housing Preservation and Development,Paint/Plaster,DAMP,Yes,Apartment,Wall,Dirty or Unsanitary,Bedroom,Low
Department of Housing Preservation and Development,Paint/Plaster,DAMP,Yes,Apartment,Wall,Dirty or Unsanitary,Private Hall,Low
Department of Housing Preservation and Development,Paint/Plaster,DAMP,Yes,Apartment,Wall,Dirty or Unsanitary,Other Room/Area,Low
Department of Housing Preservation and Development,Paint/Plaster,DAMP,Yes,Apartment,Wall,Tile Broken or Missing,Other Room/Area,Medium
Department of Housing Preservation and Development,Paint/Plaster,DAMP,Yes,Apartment,Wall,Tile Broken or Missing,Bathroom,Medium
Department of Housing Preservation and Development,Paint/Plaster,DAMP,Yes,Apartment,Wall,Tile Broken or Missing,Kitchen,Medium
Department of Housing Preservation and Development,Paint/Plaster,DAMP,Yes,Apartment,Window/Frame,Peeling or Flaking Paint,Kitchen,Low
Department of Housing Preservation and Development,Paint/Plaster,DAMP,Yes,Apartment,Window/Frame,Peeling or Flaking Paint,Living Room,Low
Department of Housing Preservation and Development,Paint/Plaster,DAMP,Yes,Apartment,Window/Frame,Peeling or Flaking Paint,Entrance/Foyer,Low
Department of Housing Preservation and Development,Paint/Plaster,DAMP,Yes,Apartment,Window/Frame,Peeling or Flaking Paint,Entire Apartment,Low
Department of Housing Preservation and Development,Paint/Plaster,DAMP,Yes,Apartment,Window/Frame,Peeling or Flaking Paint,Bathroom,Low
Department of Housing Preservation and Development,Paint/Plaster,DAMP,Yes,Apartment,Window/Frame,Peeling or Flaking Paint,Bedroom,Low
Department of Housing Preservation and Development,Paint/Plaster,DAMP,Yes,Apartment,Window/Frame,Peeling or Flaking Paint,Other Room/Area,Low
Department of Housing Preservation and Development,Paint/Plaster,DAMP,Yes,Apartment,Window/Frame,Peeling or Flaking Paint,Private Hall,Low
Department of Housing Preservation and Development,Paint/Plaster,DPM,Yes,Apartment,Cabinet,Peeling or Flaking Paint,Entrance/Foyer,Low
Department of Housing Preservation and Development,Paint/Plaster,DPM,Yes,Apartment,Cabinet,Peeling or Flaking Paint,Kitchen,Low
Department of Housing Preservation and Development,Paint/Plaster,DPM,Yes,Apartment,Cabinet,Peeling or Flaking Paint,Living Room,Low
Department of Housing Preservation and Development,Paint/Plaster,DPM,Yes,Apartment,Cabinet,Peeling or Flaking Paint,Bathroom,Low
Department of Housing Preservation and Development,Paint/Plaster,DPM,Yes,Apartment,Cabinet,Peeling or Flaking Paint,Bedroom,Low
Department of Housing Preservation and Development,Paint/Plaster,DPM,Yes,Apartment,Cabinet,Peeling or Flaking Paint,Entire Apartment,Low
Department of Housing Preservation and Development,Paint/Plaster,DPM,Yes,Apartment,Cabinet,Peeling or Flaking Paint,Private Hall,Low
Department of Housing Preservation and Development,Paint/Plaster,DPM,Yes,Apartment,Cabinet,Peeling or Flaking Paint,Other Room/Area,Low
Department of Housing Preservation and Development,Paint/Plaster,DPM,Yes,Apartment,Ceiling,Chipped/Peeling/Flaking,Other Room/Area,Low
Department of Housing Preservation and Development,Paint/Plaster,DPM,Yes,Apartment,Ceiling,Chipped/Peeling/Flaking,Private Hall,Low
Department of Housing Preservation and Development,Paint/Plaster,DPM,Yes,Apartment,Ceiling,Chipped/Peeling/Flaking,Entire Apartment,Low
Department of Housing Preservation and Development,Paint/Plaster,DPM,Yes,Apartment,Ceiling,Chipped/Peeling/Flaking,Bedroom,Low
Department of Housing Preservation and Development,Paint/Plaster,DPM,Yes,Apartment,Ceiling,Chipped/Peeling/Flaking,Bathroom,Low
Department of Housing Preservation and Development,Paint/Plaster,DPM,Yes,Apartment,Ceiling,Chipped/Peeling/Flaking,Living Room,Low
Department of Housing Preservation and Development,Paint/Plaster,DPM,Yes,Apartment,Ceiling,Chipped/Peeling/Flaking,Kitchen,Low
Department of Housing Preservation and Development,Paint/Plaster,DPM,Yes,Apartment,Ceiling,Chipped/Peeling/Flaking,Entrance/Foyer,Low
Department of Housing Preservation and Development,Paint/Plaster,DPM,Yes,Apartment,Ceiling,Collapsing or Falling,Entrance/Foyer,High
Department of Housing Preservation and Development,Paint/Plaster,DPM,Yes,Apartment,Ceiling,Collapsing or Falling,Kitchen,High
Department of Housing Preservation and Development,Paint/Plaster,DPM,Yes,Apartment,Ceiling,Collapsing or Falling,Living Room,High
Department of Housing Preservation and Development,Paint/Plaster,DPM,Yes,Apartment,Ceiling,Collapsing or Falling,Bathroom,High
Department of Housing Preservation and Development,Paint/Plaster,DPM,Yes,Apartment,Ceiling,Collapsing or Falling,Bedroom,High
Department of Housing Preservation and Development,Paint/Plaster,DPM,Yes,Apartment,Ceiling,Collapsing or Falling,Entire Apartment,High
Department of Housing Preservation and Development,Paint/Plaster,DPM,Yes,Apartment,Ceiling,Collapsing or Falling,Private Hall,High
Department of Housing Preservation and Development,Paint/Plaster,DPM,Yes,Apartment,Ceiling,Collapsing or Falling,Other Room/Area,High
Department of Housing Preservation and Development,Paint/Plaster,DPM,Yes,Apartment,Ceiling,Dirty or Unsanitary,Other Room/Area,Low
Department of Housing Preservation and Development,Paint/Plaster,DPM,Yes,Apartment,Ceiling,Dirty or Unsanitary,Private Hall,Low
Department of Housing Preservation and Development,Paint/Plaster,DPM,Yes,Apartment,Ceiling,Dirty or Unsanitary,Entire Apartment,Low
Department of Housing Preservation and Development,Paint/Plaster,DPM,Yes,Apartment,Ceiling,Dirty or Unsanitary,Bedroom,Low
Department of Housing Preservation and Development,Paint/Plaster,DPM,Yes,Apartment,Ceiling,Dirty or Unsanitary,Bathroom,Low
Department of Housing Preservation and Development,Paint/Plaster,DPM,Yes,Apartment,Ceiling,Dirty or Unsanitary,Living Room,Low
Department of Housing Preservation and Development,Paint/Plaster,DPM,Yes,Apartment,Ceiling,Dirty or Unsanitary,Kitchen,Low
Department of Housing Preservation and Development,Paint/Plaster,DPM,Yes,Apartment,Ceiling,Dirty or Unsanitary,Entrance/Foyer,Low
Department of Housing Preservation and Development,Paint/Plaster,DPM,Yes,Apartment,Ceiling,Hole or Cracked,Entrance/Foyer,Medium
Department of Housing Preservation and Development,Paint/Plaster,DPM,Yes,Apartment,Ceiling,Hole or Cracked,Kitchen,Medium
Department of Housing Preservation and Development,Paint/Plaster,DPM,Yes,Apartment,Ceiling,Hole or Cracked,Living Room,Medium
Department of Housing Preservation and Development,Paint/Plaster,DPM,Yes,Apartment,Ceiling,Hole or Cracked,Bathroom,Medium
Department of Housing Preservation and Development,Paint/Plaster,DPM,Yes,Apartment,Ceiling,Hole or Cracked,Bedroom,Medium
Department of Housing Preservation and Development,Paint/Plaster,DPM,Yes,Apartment,Ceiling,Hole or Cracked,Entire Apartment,Medium
Department of Housing Preservation and Development,Paint/Plaster,DPM,Yes,Apartment,Ceiling,Hole or Cracked,Private Hall,Medium
Department of Housing Preservation and Development,Paint/Plaster,DPM,Yes,Apartment,Ceiling,Hole or Cracked,Other Room/Area,Medium
Department of Housing Preservation and Development,Paint/Plaster,DPM,Yes,Apartment,Door/Frame,Peeling or Flaking Paint,Other Room/Area,Low
Department of Housing Preservation and Development,Paint/Plaster,DPM,Yes,Apartment,Door/Frame,Peeling or Flaking Paint,Private Hall,Low
Department of Housing Preservation and Development,Paint/Plaster,DPM,Yes,Apartment,Door/Frame,Peeling or Flaking Paint,Entire Apartment,Low
Department of Housing Preservation and Development,Paint/Plaster,DPM,Yes,Apartment,Door/Frame,Peeling or Flaking Paint,Bedroom,Low
Department of Housing Preservation and Development,Paint/Plaster,DPM,Yes,Apartment,Door/Frame,Peeling or Flaking Paint,Bathroom,Low
Department of Housing Preservation and Development,Paint/Plaster,DPM,Yes,Apartment,Door/Frame,Peeling or Flaking Paint,Living Room,Low
Department of Housing Preservation and Development,Paint/Plaster,DPM,Yes,Apartment,Door/Frame,Peeling or Flaking Paint,Kitchen,Low
Department of Housing Preservation and Development,Paint/Plaster,DPM,Yes,Apartment,Door/Frame,Peeling or Flaking Paint,Entrance/Foyer,Low
Department of Housing Preservation and Development,Paint/Plaster,DPM,Yes,Apartment,Radiator,Peeling or Flaking Paint,Entrance/Foyer,Low
Department of Housing Preservation and Development,Paint/Plaster,DPM,Yes,Apartment,Radiator,Peeling or Flaking Paint,Kitchen,Low
Department of Housing Preservation and Development,Paint/Plaster,DPM,Yes,Apartment,Radiator,Peeling or Flaking Paint,Living Room,Low
Department of Housing Preservation and Development,Paint/Plaster,DPM,Yes,Apartment,Radiator,Peeling or Flaking Paint,Bathroom,Low
Department of Housing Preservation and Development,Paint/Plaster,DPM,Yes,Apartment,Radiator,Peeling or Flaking Paint,Bedroom,Low
Department of Housing Preservation and Development,Paint/Plaster,DPM,Yes,Apartment,Radiator,Peeling or Flaking Paint,Entire Apartment,Low
Department of Housing Preservation and Development,Paint/Plaster,DPM,Yes,Apartment,Radiator,Peeling or Flaking Paint,Private Hall,Low
Department of Housing Preservation and Development,Paint/Plaster,DPM,Yes,Apartment,Radiator,Peeling or Flaking Paint,Other Room/Area,Low
Department of Housing Preservation and Development,Paint/Plaster,DPM,Yes,Apartment,Wall,Bulging/Hole/Cracked,Other Room/Area,High
Department of Housing Preservation and Development,Paint/Plaster,DPM,Yes,Apartment,Wall,Bulging/Hole/Cracked,Private Hall,High
Department of Housing Preservation and Development,Paint/Plaster,DPM,Yes,Apartment,Wall,Bulging/Hole/Cracked,Entire Apartment,High
Department of Housing Preservation and Development,Paint/Plaster,DPM,Yes,Apartment,Wall,Bulging/Hole/Cracked,Bedroom,High
Department of Housing Preservation and Development,Paint/Plaster,DPM,Yes,Apartment,Wall,Bulging/Hole/Cracked,Bathroom,High
Department of Housing Preservation and Development,Paint/Plaster,DPM,Yes,Apartment,Wall,Bulging/Hole/Cracked,Living Room,High
Department of Housing Preservation and Development,Paint/Plaster,DPM,Yes,Apartment,Wall,Bulging/Hole/Cracked,Kitchen,High
Department of Housing Preservation and Development,Paint/Plaster,DPM,Yes,Apartment,Wall,Bulging/Hole/Cracked,Entrance/Foyer,High
Department of Housing Preservation and Development,Paint/Plaster,DPM,Yes,Apartment,Wall,Chipped/Peeling/Flaking,Entrance/Foyer,Low
Department of Housing Preservation and Development,Paint/Plaster,DPM,Yes,Apartment,Wall,Chipped/Peeling/Flaking,Kitchen,Low
Department of Housing Preservation and Development,Paint/Plaster,DPM,Yes,Apartment,Wall,Chipped/Peeling/Flaking,Living Room,Low
Department of Housing Preservation and Development,Paint/Plaster,DPM,Yes,Apartment,Wall,Chipped/Peeling/Flaking,Bathroom,Low
Department of Housing Preservation and Development,Paint/Plaster,DPM,Yes,Apartment,Wall,Chipped/Peeling/Flaking,Bedroom,Low
Department of Housing Preservation and Development,Paint/Plaster,DPM,Yes,Apartment,Wall,Chipped/Peeling/Flaking,Entire Apartment,Low
Department of Housing Preservation and Development,Paint/Plaster,DPM,Yes,Apartment,Wall,Chipped/Peeling/Flaking,Private Hall,Low
Department of Housing Preservation and Development,Paint/Plaster,DPM,Yes,Apartment,Wall,Chipped/Peeling/Flaking,Other Room/Area,Low
Department of Housing Preservation and Development,Paint/Plaster,DPM,Yes,Apartment,Wall,Collapsing or Falling,Other Room/Area,High
Department of Housing Preservation and Development,Paint/Plaster,DPM,Yes,Apartment,Wall,Collapsing or Falling,Private Hall,High
Department of Housing Preservation and Development,Paint/Plaster,DPM,Yes,Apartment,Wall,Collapsing or Falling,Entire Apartment,High
Department of Housing Preservation and Development,Paint/Plaster,DPM,Yes,Apartment,Wall,Collapsing or Falling,Bedroom,High
Department of Housing Preservation and Development,Paint/Plaster,DPM,Yes,Apartment,Wall,Collapsing or Falling,Bathroom,High
Department of Housing Preservation and Development,Paint/Plaster,DPM,Yes,Apartment,Wall,Collapsing or Falling,Living Room,High
Department of Housing Preservation and Development,Paint/Plaster,DPM,Yes,Apartment,Wall,Collapsing or Falling,Kitchen,High
Department of Housing Preservation and Development,Paint/Plaster,DPM,Yes,Apartment,Wall,Collapsing or Falling,Entrance/Foyer,High
Department of Housing Preservation and Development,Paint/Plaster,DPM,Yes,Apartment,Wall,Dirty or Unsanitary,Entrance/Foyer,Low
Department of Housing Preservation and Development,Paint/Plaster,DPM,Yes,Apartment,Wall,Dirty or Unsanitary,Kitchen,Low
Department of Housing Preservation and Development,Paint/Plaster,DPM,Yes,Apartment,Wall,Dirty or Unsanitary,Living Room,Low
Department of Housing Preservation and Development,Paint/Plaster,DPM,Yes,Apartment,Wall,Dirty or Unsanitary,Bathroom,Low
Department of Housing Preservation and Development,Paint/Plaster,DPM,Yes,Apartment,Wall,Dirty or Unsanitary,Bedroom,Low
Department of Housing Preservation and Development,Paint/Plaster,DPM,Yes,Apartment,Wall,Dirty or Unsanitary,Entire Apartment,Low
Department of Housing Preservation and Development,Paint/Plaster,DPM,Yes,Apartment,Wall,Dirty or Unsanitary,Private Hall,Low
Department of Housing Preservation and Development,Paint/Plaster,DPM,Yes,Apartment,Wall,Dirty or Unsanitary,Other Room/Area,Low
Department of Housing Preservation and Development,Paint/Plaster,DPM,Yes,Apartment,Wall,Tile Broken or Missing,Other Room/Area,Medium
Department of Housing Preservation and Development,Paint/Plaster,DPM,Yes,Apartment,Wall,Tile Broken or Missing,Bathroom,Medium
Department of Housing Preservation and Development,Paint/Plaster,DPM,Yes,Apartment,Wall,Tile Broken or Missing,Kitchen,Medium
Department of Housing Preservation and Development,Paint/Plaster,DPM,Yes,Apartment,Window/Frame,Peeling or Flaking Paint,Kitchen,Low
Department of Housing Preservation and Development,Paint/Plaster,DPM,Yes,Apartment,Window/Frame,Peeling or Flaking Paint,Entrance/Foyer,Low
Department of Housing Preservation and Development,Paint/Plaster,DPM,Yes,Apartment,Window/Frame,Peeling or Flaking Paint,Living Room,Low
Department of Housing Preservation and Development,Paint/Plaster,DPM,Yes,Apartment,Window/Frame,Peeling or Flaking Paint,Bathroom,Low
Department of Housing Preservation and Development,Paint/Plaster,DPM,Yes,Apartment,Window/Frame,Peeling or Flaking Paint,Bedroom,Low
Department of Housing Preservation and Development,Paint/Plaster,DPM,Yes,Apartment,Window/Frame,Peeling or Flaking Paint,Entire Apartment,Low
Department of Housing Preservation and Development,Paint/Plaster,DPM,Yes,Apartment,Window/Frame,Peeling or Flaking Paint,Other Room/Area,Low
Department of Housing Preservation and Development,Paint/Plaster,DPM,Yes,Apartment,Window/Frame,Peeling or Flaking Paint,Private Hall,Low
Department of Housing Preservation and Development,Paint/Plaster,DPM,Yes,Public Area,Ceiling,Chipped/Peeling/Flaking,Stairs,Low
Department of Housing Preservation and Development,Paint/Plaster,DPM,Yes,Public Area,Ceiling,Chipped/Peeling/Flaking,Other Room/Area,Low
Department of Housing Preservation and Development,Paint/Plaster,DPM,Yes,Public Area,Ceiling,Chipped/Peeling/Flaking,Storage Room,Low
Department of Housing Preservation and Development,Paint/Plaster,DPM,Yes,Public Area,Ceiling,Chipped/Peeling/Flaking,Fire Stairs/Tower,Low
Department of Housing Preservation and Development,Paint/Plaster,DPM,Yes,Public Area,Ceiling,Chipped/Peeling/Flaking,Kitchen,Low
Department of Housing Preservation and Development,Paint/Plaster,DPM,Yes,Public Area,Ceiling,Chipped/Peeling/Flaking,Hallway,Low
Department of Housing Preservation and Development,Paint/Plaster,DPM,Yes,Public Area,Ceiling,Chipped/Peeling/Flaking,Laundry Room,Low
Department of Housing Preservation and Development,Paint/Plaster,DPM,Yes,Public Area,Ceiling,Chipped/Peeling/Flaking,Meter Room,Low
Department of Housing Preservation and Development,Paint/Plaster,DPM,Yes,Public Area,Ceiling,Chipped/Peeling/Flaking,Lobby,Low
Department of Housing Preservation and Development,Paint/Plaster,DPM,Yes,Public Area,Ceiling,Chipped/Peeling/Flaking,Building Entrance,Low
Department of Housing Preservation and Development,Paint/Plaster,DPM,Yes,Public Area,Ceiling,Chipped/Peeling/Flaking,Boiler Room,Low
Department of Housing Preservation and Development,Paint/Plaster,DPM,Yes,Public Area,Ceiling,Chipped/Peeling/Flaking,Cellar,Low
Department of Housing Preservation and Development,Paint/Plaster,DPM,Yes,Public Area,Ceiling,Chipped/Peeling/Flaking,Compactor Closet,Low
Department of Housing Preservation and Development,Paint/Plaster,DPM,Yes,Public Area,Ceiling,Chipped/Peeling/Flaking,Basement,Low
Department of Housing Preservation and Development,Paint/Plaster,DPM,Yes,Public Area,Ceiling,Chipped/Peeling/Flaking,Bathroom,Low
Department of Housing Preservation and Development,Paint/Plaster,DPM,Yes,Public Area,Ceiling,Collapsing or Falling,Bathroom,High
Department of Housing Preservation and Development,Paint/Plaster,DPM,Yes,Public Area,Ceiling,Collapsing or Falling,Basement,High
Department of Housing Preservation and Development,Paint/Plaster,DPM,Yes,Public Area,Ceiling,Collapsing or Falling,Compactor Closet,High
Department of Housing Preservation and Development,Paint/Plaster,DPM,Yes,Public Area,Ceiling,Collapsing or Falling,Cellar,High
Department of Housing Preservation and Development,Paint/Plaster,DPM,Yes,Public Area,Ceiling,Collapsing or Falling,Boiler Room,High
Department of Housing Preservation and Development,Paint/Plaster,DPM,Yes,Public Area,Ceiling,Collapsing or Falling,Lobby,High
Department of Housing Preservation and Development,Paint/Plaster,DPM,Yes,Public Area,Ceiling,Collapsing or Falling,Meter Room,High
Department of Housing Preservation and Development,Paint/Plaster,DPM,Yes,Public Area,Ceiling,Collapsing or Falling,Laundry Room,High
Department of Housing Preservation and Development,Paint/Plaster,DPM,Yes,Public Area,Ceiling,Collapsing or Falling,Hallway,High
Department of Housing Preservation and Development,Paint/Plaster,DPM,Yes,Public Area,Ceiling,Collapsing or Falling,Kitchen,High
Department of Housing Preservation and Development,Paint/Plaster,DPM,Yes,Public Area,Ceiling,Collapsing or Falling,Fire Escape/Egress,High
Department of Housing Preservation and Development,Paint/Plaster,DPM,Yes,Public Area,Ceiling,Collapsing or Falling,Storage Room,High
Department of Housing Preservation and Development,Paint/Plaster,DPM,Yes,Public Area,Ceiling,Collapsing or Falling,Other Room/Area,High
Department of Housing Preservation and Development,Paint/Plaster,DPM,Yes,Public Area,Ceiling,Collapsing or Falling,Stairs,High
Department of Housing Preservation and Development,Paint/Plaster,DPM,Yes,Public Area,Ceiling,Dirty or Unsanitary,Stairs,Low
Department of Housing Preservation and Development,Paint/Plaster,DPM,Yes,Public Area,Ceiling,Dirty or Unsanitary,Other Room/Area,Low
Department of Housing Preservation and Development,Paint/Plaster,DPM,Yes,Public Area,Ceiling,Dirty or Unsanitary,Storage Room,Low
Department of Housing Preservation and Development,Paint/Plaster,DPM,Yes,Public Area,Ceiling,Dirty or Unsanitary,Fire Escape/Egress,Low
Department of Housing Preservation and Development,Paint/Plaster,DPM,Yes,Public Area,Ceiling,Dirty or Unsanitary,Fire Stairs/Tower,Low
Department of Housing Preservation and Development,Paint/Plaster,DPM,Yes,Public Area,Ceiling,Dirty or Unsanitary,Fire Exit/Passageway,Low
Department of Housing Preservation and Development,Paint/Plaster,DPM,Yes,Public Area,Ceiling,Dirty or Unsanitary,Kitchen,Low
Department of Housing Preservation and Development,Paint/Plaster,DPM,Yes,Public Area,Ceiling,Dirty or Unsanitary,Hallway,Low
Department of Housing Preservation and Development,Paint/Plaster,DPM,Yes,Public Area,Ceiling,Dirty or Unsanitary,Laundry Room,Low
Department of Housing Preservation and Development,Paint/Plaster,DPM,Yes,Public Area,Ceiling,Dirty or Unsanitary,Meter Room,Low
Department of Housing Preservation and Development,Paint/Plaster,DPM,Yes,Public Area,Ceiling,Dirty or Unsanitary,Lobby,Low
Department of Housing Preservation and Development,Paint/Plaster,DPM,Yes,Public Area,Ceiling,Dirty or Unsanitary,Boiler Room,Low
Department of Housing Preservation and Development,Paint/Plaster,DPM,Yes,Public Area,Ceiling,Dirty or Unsanitary,Cellar,Low
Department of Housing Preservation and Development,Paint/Plaster,DPM,Yes,Public Area,Ceiling,Dirty or Unsanitary,Compactor Closet,Low
Department of Housing Preservation and Development,Paint/Plaster,DPM,Yes,Public Area,Ceiling,Dirty or Unsanitary,Courtyard,Low
Department of Housing Preservation and Development,Paint/Plaster,DPM,Yes,Public Area,Ceiling,Dirty or Unsanitary,Basement,Low
Department of Housing Preservation and Development,Paint/Plaster,DPM,Yes,Public Area,Ceiling,Dirty or Unsanitary,Bathroom,Low
Department of Housing Preservation and Development,Paint/Plaster,DPM,Yes,Public Area,Ceiling,Hole or Cracked,Bathroom,Medium
Department of Housing Preservation and Development,Paint/Plaster,DPM,Yes,Public Area,Ceiling,Hole or Cracked,Basement,Medium
Department of Housing Preservation and Development,Paint/Plaster,DPM,Yes,Public Area,Ceiling,Hole or Cracked,Compactor Closet,Medium
Department of Housing Preservation and Development,Paint/Plaster,DPM,Yes,Public Area,Ceiling,Hole or Cracked,Cellar,Medium
Department of Housing Preservation and Development,Paint/Plaster,DPM,Yes,Public Area,Ceiling,Hole or Cracked,Boiler Room,Medium
Department of Housing Preservation and Development,Paint/Plaster,DPM,Yes,Public Area,Ceiling,Hole or Cracked,Lobby,Medium
Department of Housing Preservation and Development,Paint/Plaster,DPM,Yes,Public Area,Ceiling,Hole or Cracked,Meter Room,Medium
Department of Housing Preservation and Development,Paint/Plaster,DPM,Yes,Public Area,Ceiling,Hole or Cracked,Laundry Room,Medium
Department of Housing Preservation and Development,Paint/Plaster,DPM,Yes,Public Area,Ceiling,Hole or Cracked,Hallway,Medium
Department of Housing Preservation and Development,Paint/Plaster,DPM,Yes,Public Area,Ceiling,Hole or Cracked,Kitchen,Medium
Department of Housing Preservation and Development,Paint/Plaster,DPM,Yes,Public Area,Ceiling,Hole or Cracked,Stoop,Medium
Department of Housing Preservation and Development,Paint/Plaster,DPM,Yes,Public Area,Ceiling,Hole or Cracked,Storage Room,Medium
Department of Housing Preservation and Development,Paint/Plaster,DPM,Yes,Public Area,Ceiling,Hole or Cracked,Other Room/Area,Medium
Department of Housing Preservation and Development,Paint/Plaster,DPM,Yes,Public Area,Ceiling,Hole or Cracked,Stairs,Medium
Department of Housing Preservation and Development,Paint/Plaster,DPM,Yes,Public Area,Door/Frame,Peeling or Flaking Paint,Stairs,Low
Department of Housing Preservation and Development,Paint/Plaster,DPM,Yes,Public Area,Door/Frame,Peeling or Flaking Paint,Other Room/Area,Low
Department of Housing Preservation and Development,Paint/Plaster,DPM,Yes,Public Area,Door/Frame,Peeling or Flaking Paint,Storage Room,Low
Department of Housing Preservation and Development,Paint/Plaster,DPM,Yes,Public Area,Door/Frame,Peeling or Flaking Paint,Yard,Low
Department of Housing Preservation and Development,Paint/Plaster,DPM,Yes,Public Area,Door/Frame,Peeling or Flaking Paint,Kitchen,Low
Department of Housing Preservation and Development,Paint/Plaster,DPM,Yes,Public Area,Door/Frame,Peeling or Flaking Paint,Hallway,Low
Department of Housing Preservation and Development,Paint/Plaster,DPM,Yes,Public Area,Door/Frame,Peeling or Flaking Paint,Fire Stairs/Tower,Low
Department of Housing Preservation and Development,Paint/Plaster,DPM,Yes,Public Area,Door/Frame,Peeling or Flaking Paint,Fire Exit/Passageway,Low
Department of Housing Preservation and Development,Paint/Plaster,DPM,Yes,Public Area,Door/Frame,Peeling or Flaking Paint,Laundry Room,Low
Department of Housing Preservation and Development,Paint/Plaster,DPM,Yes,Public Area,Door/Frame,Peeling or Flaking Paint,Meter Room,Low
Department of Housing Preservation and Development,Paint/Plaster,DPM,Yes,Public Area,Door/Frame,Peeling or Flaking Paint,Lobby,Low
Department of Housing Preservation and Development,Paint/Plaster,DPM,Yes,Public Area,Door/Frame,Peeling or Flaking Paint,Building Entrance,Low
Department of Housing Preservation and Development,Paint/Plaster,DPM,Yes,Public Area,Door/Frame,Peeling or Flaking Paint,Cellar,Low
Department of Housing Preservation and Development,Paint/Plaster,DPM,Yes,Public Area,Door/Frame,Peeling or Flaking Paint,Compactor Closet,Low
Department of Housing Preservation and Development,Paint/Plaster,DPM,Yes,Public Area,Door/Frame,Peeling or Flaking Paint,Courtyard,Low
Department of Housing Preservation and Development,Paint/Plaster,DPM,Yes,Public Area,Door/Frame,Peeling or Flaking Paint,Basement,Low
Department of Housing Preservation and Development,Paint/Plaster,DPM,Yes,Public Area,Door/Frame,Peeling or Flaking Paint,Bathroom,Low
Department of Housing Preservation and Development,Paint/Plaster,DPM,Yes,Public Area,Radiator,Peeling or Flaking Paint,Bathroom,Low
Department of Housing Preservation and Development,Paint/Plaster,DPM,Yes,Public Area,Radiator,Peeling or Flaking Paint,Basement,Low
Department of Housing Preservation and Development,Paint/Plaster,DPM,Yes,Public Area,Radiator,Peeling or Flaking Paint,Cellar,Low
Department of Housing Preservation and Development,Paint/Plaster,DPM,Yes,Public Area,Radiator,Peeling or Flaking Paint,Lobby,Low
Department of Housing Preservation and Development,Paint/Plaster,DPM,Yes,Public Area,Radiator,Peeling or Flaking Paint,Laundry Room,Low
Department of Housing Preservation and Development,Paint/Plaster,DPM,Yes,Public Area,Radiator,Peeling or Flaking Paint,Hallway,Low
Department of Housing Preservation and Development,Paint/Plaster,DPM,Yes,Public Area,Radiator,Peeling or Flaking Paint,Kitchen,Low
Department of Housing Preservation and Development,Paint/Plaster,DPM,Yes,Public Area,Radiator,Peeling or Flaking Paint,Storage Room,Low
Department of Housing Preservation and Development,Paint/Plaster,DPM,Yes,Public Area,Radiator,Peeling or Flaking Paint,Other Room/Area,Low
Department of Housing Preservation and Development,Paint/Plaster,DPM,Yes,Public Area,Radiator,Peeling or Flaking Paint,Stairs,Low
Department of Housing Preservation and Development,Paint/Plaster,DPM,Yes,Public Area,Wall,Bulging/Hole/Cracked,Other Room/Area,High
Department of Housing Preservation and Development,Paint/Plaster,DPM,Yes,Public Area,Wall,Bulging/Hole/Cracked,Storage Room,High
Department of Housing Preservation and Development,Paint/Plaster,DPM,Yes,Public Area,Wall,Bulging/Hole/Cracked,Kitchen,High
Department of Housing Preservation and Development,Paint/Plaster,DPM,Yes,Public Area,Wall,Bulging/Hole/Cracked,Hallway,High
Department of Housing Preservation and Development,Paint/Plaster,DPM,Yes,Public Area,Wall,Bulging/Hole/Cracked,Fire Stairs/Tower,High
Department of Housing Preservation and Development,Paint/Plaster,DPM,Yes,Public Area,Wall,Bulging/Hole/Cracked,Laundry Room,High
Department of Housing Preservation and Development,Paint/Plaster,DPM,Yes,Public Area,Wall,Bulging/Hole/Cracked,Meter Room,High
Department of Housing Preservation and Development,Paint/Plaster,DPM,Yes,Public Area,Wall,Bulging/Hole/Cracked,Lobby,High
Department of Housing Preservation and Development,Paint/Plaster,DPM,Yes,Public Area,Wall,Bulging/Hole/Cracked,Cellar,High
Department of Housing Preservation and Development,Paint/Plaster,DPM,Yes,Public Area,Wall,Bulging/Hole/Cracked,Boiler Room,High
Department of Housing Preservation and Development,Paint/Plaster,DPM,Yes,Public Area,Wall,Bulging/Hole/Cracked,Compactor Closet,High
Department of Housing Preservation and Development,Paint/Plaster,DPM,Yes,Public Area,Wall,Bulging/Hole/Cracked,Basement,High
Department of Housing Preservation and Development,Paint/Plaster,DPM,Yes,Public Area,Wall,Bulging/Hole/Cracked,Bathroom,High
Department of Housing Preservation and Development,Paint/Plaster,DPM,Yes,Public Area,Wall,Chipped/Peeling/Flaking,Bathroom,Low
Department of Housing Preservation and Development,Paint/Plaster,DPM,Yes,Public Area,Wall,Chipped/Peeling/Flaking,Basement,Low
Department of Housing Preservation and Development,Paint/Plaster,DPM,Yes,Public Area,Wall,Chipped/Peeling/Flaking,Compactor Closet,Low
Department of Housing Preservation and Development,Paint/Plaster,DPM,Yes,Public Area,Wall,Chipped/Peeling/Flaking,Boiler Room,Low
Department of Housing Preservation and Development,Paint/Plaster,DPM,Yes,Public Area,Wall,Chipped/Peeling/Flaking,Building Entrance,Low
Department of Housing Preservation and Development,Paint/Plaster,DPM,Yes,Public Area,Wall,Chipped/Peeling/Flaking,Cellar,Low
Department of Housing Preservation and Development,Paint/Plaster,DPM,Yes,Public Area,Wall,Chipped/Peeling/Flaking,Lobby,Low
Department of Housing Preservation and Development,Paint/Plaster,DPM,Yes,Public Area,Wall,Chipped/Peeling/Flaking,Meter Room,Low
Department of Housing Preservation and Development,Paint/Plaster,DPM,Yes,Public Area,Wall,Chipped/Peeling/Flaking,Laundry Room,Low
Department of Housing Preservation and Development,Paint/Plaster,DPM,Yes,Public Area,Wall,Chipped/Peeling/Flaking,Fire Stairs/Tower,Low
Department of Housing Preservation and Development,Paint/Plaster,DPM,Yes,Public Area,Wall,Chipped/Peeling/Flaking,Hallway,Low
Department of Housing Preservation and Development,Paint/Plaster,DPM,Yes,Public Area,Wall,Chipped/Peeling/Flaking,Kitchen,Low
Department of Housing Preservation and Development,Paint/Plaster,DPM,Yes,Public Area,Wall,Chipped/Peeling/Flaking,Storage Room,Low
Department of Housing Preservation and Development,Paint/Plaster,DPM,Yes,Public Area,Wall,Chipped/Peeling/Flaking,Other Room/Area,Low
Department of Housing Preservation and Development,Paint/Plaster,DPM,Yes,Public Area,Wall,Chipped/Peeling/Flaking,Stairs,Low
Department of Housing Preservation and Development,Paint/Plaster,DPM,Yes,Public Area,Wall,Collapsing or Falling,Stairs,High
Department of Housing Preservation and Development,Paint/Plaster,DPM,Yes,Public Area,Wall,Collapsing or Falling,Other Room/Area,High
Department of Housing Preservation and Development,Paint/Plaster,DPM,Yes,Public Area,Wall,Collapsing or Falling,Storage Room,High
Department of Housing Preservation and Development,Paint/Plaster,DPM,Yes,Public Area,Wall,Collapsing or Falling,Kitchen,High
Department of Housing Preservation and Development,Paint/Plaster,DPM,Yes,Public Area,Wall,Collapsing or Falling,Hallway,High
Department of Housing Preservation and Development,Paint/Plaster,DPM,Yes,Public Area,Wall,Collapsing or Falling,Fire Escape/Egress,High
Department of Housing Preservation and Development,Paint/Plaster,DPM,Yes,Public Area,Wall,Collapsing or Falling,Laundry Room,High
Department of Housing Preservation and Development,Paint/Plaster,DPM,Yes,Public Area,Wall,Collapsing or Falling,Meter Room,High
Department of Housing Preservation and Development,Paint/Plaster,DPM,Yes,Public Area,Wall,Collapsing or Falling,Lobby,High
Department of Housing Preservation and Development,Paint/Plaster,DPM,Yes,Public Area,Wall,Collapsing or Falling,Cellar,High
Department of Housing Preservation and Development,Paint/Plaster,DPM,Yes,Public Area,Wall,Collapsing or Falling,Boiler Room,High
Department of Housing Preservation and Development,Paint/Plaster,DPM,Yes,Public Area,Wall,Collapsing or Falling,Compactor Closet,High
Department of Housing Preservation and Development,Paint/Plaster,DPM,Yes,Public Area,Wall,Collapsing or Falling,Basement,High
Department of Housing Preservation and Development,Paint/Plaster,DPM,Yes,Public Area,Wall,Collapsing or Falling,Bathroom,High
Department of Housing Preservation and Development,Paint/Plaster,DPM,Yes,Public Area,Wall,Dirty or Unsanitary,Bathroom,Low
Department of Housing Preservation and Development,Paint/Plaster,DPM,Yes,Public Area,Wall,Dirty or Unsanitary,Basement,Low
Department of Housing Preservation and Development,Paint/Plaster,DPM,Yes,Public Area,Wall,Dirty or Unsanitary,Compactor Closet,Low
Department of Housing Preservation and Development,Paint/Plaster,DPM,Yes,Public Area,Wall,Dirty or Unsanitary,Courtyard,Low
Department of Housing Preservation and Development,Paint/Plaster,DPM,Yes,Public Area,Wall,Dirty or Unsanitary,Boiler Room,Low
Department of Housing Preservation and Development,Paint/Plaster,DPM,Yes,Public Area,Wall,Dirty or Unsanitary,Cellar,Low
Department of Housing Preservation and Development,Paint/Plaster,DPM,Yes,Public Area,Wall,Dirty or Unsanitary,Lobby,Low
Department of Housing Preservation and Development,Paint/Plaster,DPM,Yes,Public Area,Wall,Dirty or Unsanitary,Meter Room,Low
Department of Housing Preservation and Development,Paint/Plaster,DPM,Yes,Public Area,Wall,Dirty or Unsanitary,Laundry Room,Low
Department of Housing Preservation and Development,Paint/Plaster,DPM,Yes,Public Area,Wall,Dirty or Unsanitary,Fire Escape/Egress,Low
Department of Housing Preservation and Development,Paint/Plaster,DPM,Yes,Public Area,Wall,Dirty or Unsanitary,Fire Stairs/Tower,Low
Department of Housing Preservation and Development,Paint/Plaster,DPM,Yes,Public Area,Wall,Dirty or Unsanitary,Fire Exit/Passageway,Low
Department of Housing Preservation and Development,Paint/Plaster,DPM,Yes,Public Area,Wall,Dirty or Unsanitary,Hallway,Low
Department of Housing Preservation and Development,Paint/Plaster,DPM,Yes,Public Area,Wall,Dirty or Unsanitary,Kitchen,Low
Department of Housing Preservation and Development,Paint/Plaster,DPM,Yes,Public Area,Wall,Dirty or Unsanitary,Storage Room,Low
Department of Housing Preservation and Development,Paint/Plaster,DPM,Yes,Public Area,Wall,Dirty or Unsanitary,Other Room/Area,Low
Department of Housing Preservation and Development,Paint/Plaster,DPM,Yes,Public Area,Wall,Dirty or Unsanitary,Stairs,Low
Department of Housing Preservation and Development,Paint/Plaster,DPM,Yes,Public Area,Wall,Tile Broken or Missing,Kitchen,Medium
Department of Housing Preservation and Development,Paint/Plaster,DPM,Yes,Public Area,Wall,Tile Broken or Missing,Laundry Room,Medium
Department of Housing Preservation and Development,Paint/Plaster,DPM,Yes,Public Area,Wall,Tile Broken or Missing,Lobby,Medium
Department of Housing Preservation and Development,Paint/Plaster,DPM,Yes,Public Area,Wall,Tile Broken or Missing,Bathroom,Medium
Department of Housing Preservation and Development,Paint/Plaster,DPM,Yes,Public Area,Window/Frame,Peeling or Flaking Paint,Bathroom,Low
Department of Housing Preservation and Development,Paint/Plaster,DPM,Yes,Public Area,Window/Frame,Peeling or Flaking Paint,Basement,Low
Department of Housing Preservation and Development,Paint/Plaster,DPM,Yes,Public Area,Window/Frame,Peeling or Flaking Paint,Cellar,Low
Department of Housing Preservation and Development,Paint/Plaster,DPM,Yes,Public Area,Window/Frame,Peeling or Flaking Paint,Building Entrance,Low
Department of Housing Preservation and Development,Paint/Plaster,DPM,Yes,Public Area,Window/Frame,Peeling or Flaking Paint,Courtyard,Low
Department of Housing Preservation and Development,Paint/Plaster,DPM,Yes,Public Area,Window/Frame,Peeling or Flaking Paint,Compactor Closet,Low
Department of Housing Preservation and Development,Paint/Plaster,DPM,Yes,Public Area,Window/Frame,Peeling or Flaking Paint,Lobby,Low
Department of Housing Preservation and Development,Paint/Plaster,DPM,Yes,Public Area,Window/Frame,Peeling or Flaking Paint,Laundry Room,Low
Department of Housing Preservation and Development,Paint/Plaster,DPM,Yes,Public Area,Window/Frame,Peeling or Flaking Paint,Kitchen,Low
Department of Housing Preservation and Development,Paint/Plaster,DPM,Yes,Public Area,Window/Frame,Peeling or Flaking Paint,Hallway,Low
Department of Housing Preservation and Development,Paint/Plaster,DPM,Yes,Public Area,Window/Frame,Peeling or Flaking Paint,Stairs,Low
Department of Housing Preservation and Development,Paint/Plaster,DPM,Yes,Public Area,Window/Frame,Peeling or Flaking Paint,Other Room/Area,Low
Department of Housing Preservation and Development,Paint/Plaster,DPM,Yes,Public Area,Window/Frame,Peeling or Flaking Paint,Storage Room,Low
Department of Housing Preservation and Development,Paint/Plaster,DPM,Yes,Public Area,Window/Frame,Peeling or Flaking Paint,Yard,Low
Department of Housing Preservation and Development,Paint/Plaster,PVT,Yes,Public Area,Ceiling,Chipped/Peeling/Flaking,Stairs,Low
Department of Housing Preservation and Development,Paint/Plaster,PVT,Yes,Public Area,Ceiling,Chipped/Peeling/Flaking,Other Room/Area,Low
Department of Housing Preservation and Development,Paint/Plaster,PVT,Yes,Public Area,Ceiling,Chipped/Peeling/Flaking,Meter Room,Low
Department of Housing Preservation and Development,Paint/Plaster,PVT,Yes,Public Area,Ceiling,Chipped/Peeling/Flaking,Storage Room,Low
Department of Housing Preservation and Development,Paint/Plaster,PVT,Yes,Public Area,Ceiling,Chipped/Peeling/Flaking,Building Entrance,Low
Department of Housing Preservation and Development,Paint/Plaster,PVT,Yes,Public Area,Ceiling,Chipped/Peeling/Flaking,Boiler Room,Low
Department of Housing Preservation and Development,Paint/Plaster,PVT,Yes,Public Area,Ceiling,Chipped/Peeling/Flaking,Compactor Closet,Low
Department of Housing Preservation and Development,Paint/Plaster,PVT,Yes,Public Area,Ceiling,Chipped/Peeling/Flaking,Cellar,Low
Department of Housing Preservation and Development,Paint/Plaster,PVT,Yes,Public Area,Ceiling,Chipped/Peeling/Flaking,Basement,Low
Department of Housing Preservation and Development,Paint/Plaster,PVT,Yes,Public Area,Ceiling,Chipped/Peeling/Flaking,Bathroom,Low
Department of Housing Preservation and Development,Paint/Plaster,PVT,Yes,Public Area,Ceiling,Chipped/Peeling/Flaking,Fire Stairs/Tower,Low
Department of Housing Preservation and Development,Paint/Plaster,PVT,Yes,Public Area,Ceiling,Chipped/Peeling/Flaking,Hallway,Low
Department of Housing Preservation and Development,Paint/Plaster,PVT,Yes,Public Area,Ceiling,Chipped/Peeling/Flaking,Kitchen,Low
Department of Housing Preservation and Development,Paint/Plaster,PVT,Yes,Public Area,Ceiling,Chipped/Peeling/Flaking,Laundry Room,Low
Department of Housing Preservation and Development,Paint/Plaster,PVT,Yes,Public Area,Ceiling,Chipped/Peeling/Flaking,Lobby,Low
Department of Housing Preservation and Development,Paint/Plaster,PVT,Yes,Public Area,Ceiling,Collapsing or Falling,Lobby,High
Department of Housing Preservation and Development,Paint/Plaster,PVT,Yes,Public Area,Ceiling,Collapsing or Falling,Laundry Room,High
Department of Housing Preservation and Development,Paint/Plaster,PVT,Yes,Public Area,Ceiling,Collapsing or Falling,Kitchen,High
Department of Housing Preservation and Development,Paint/Plaster,PVT,Yes,Public Area,Ceiling,Collapsing or Falling,Hallway,High
Department of Housing Preservation and Development,Paint/Plaster,PVT,Yes,Public Area,Ceiling,Collapsing or Falling,Fire Escape/Egress,High
Department of Housing Preservation and Development,Paint/Plaster,PVT,Yes,Public Area,Ceiling,Collapsing or Falling,Bathroom,High
Department of Housing Preservation and Development,Paint/Plaster,PVT,Yes,Public Area,Ceiling,Collapsing or Falling,Basement,High
Department of Housing Preservation and Development,Paint/Plaster,PVT,Yes,Public Area,Ceiling,Collapsing or Falling,Cellar,High
Department of Housing Preservation and Development,Paint/Plaster,PVT,Yes,Public Area,Ceiling,Collapsing or Falling,Compactor Closet,High
Department of Housing Preservation and Development,Paint/Plaster,PVT,Yes,Public Area,Ceiling,Collapsing or Falling,Boiler Room,High
Department of Housing Preservation and Development,Paint/Plaster,PVT,Yes,Public Area,Ceiling,Collapsing or Falling,Storage Room,High
Department of Housing Preservation and Development,Paint/Plaster,PVT,Yes,Public Area,Ceiling,Collapsing or Falling,Meter Room,High
Department of Housing Preservation and Development,Paint/Plaster,PVT,Yes,Public Area,Ceiling,Collapsing or Falling,Other Room/Area,High
Department of Housing Preservation and Development,Paint/Plaster,PVT,Yes,Public Area,Ceiling,Collapsing or Falling,Stairs,High
Department of Housing Preservation and Development,Paint/Plaster,PVT,Yes,Public Area,Ceiling,Dirty or Unsanitary,Other Room/Area,Low
Department of Housing Preservation and Development,Paint/Plaster,PVT,Yes,Public Area,Ceiling,Dirty or Unsanitary,Meter Room,Low
Department of Housing Preservation and Development,Paint/Plaster,PVT,Yes,Public Area,Ceiling,Dirty or Unsanitary,Storage Room,Low
Department of Housing Preservation and Development,Paint/Plaster,PVT,Yes,Public Area,Ceiling,Dirty or Unsanitary,Stairs,Low
Department of Housing Preservation and Development,Paint/Plaster,PVT,Yes,Public Area,Ceiling,Dirty or Unsanitary,Boiler Room,Low
Department of Housing Preservation and Development,Paint/Plaster,PVT,Yes,Public Area,Ceiling,Dirty or Unsanitary,Compactor Closet,Low
Department of Housing Preservation and Development,Paint/Plaster,PVT,Yes,Public Area,Ceiling,Dirty or Unsanitary,Courtyard,Low
Department of Housing Preservation and Development,Paint/Plaster,PVT,Yes,Public Area,Ceiling,Dirty or Unsanitary,Cellar,Low
Department of Housing Preservation and Development,Paint/Plaster,PVT,Yes,Public Area,Ceiling,Dirty or Unsanitary,Basement,Low
Department of Housing Preservation and Development,Paint/Plaster,PVT,Yes,Public Area,Ceiling,Dirty or Unsanitary,Bathroom,Low
Department of Housing Preservation and Development,Paint/Plaster,PVT,Yes,Public Area,Ceiling,Dirty or Unsanitary,Fire Escape/Egress,Low
Department of Housing Preservation and Development,Paint/Plaster,PVT,Yes,Public Area,Ceiling,Dirty or Unsanitary,Fire Exit/Passageway,Low
Department of Housing Preservation and Development,Paint/Plaster,PVT,Yes,Public Area,Ceiling,Dirty or Unsanitary,Hallway,Low
Department of Housing Preservation and Development,Paint/Plaster,PVT,Yes,Public Area,Ceiling,Dirty or Unsanitary,Fire Stairs/Tower,Low
Department of Housing Preservation and Development,Paint/Plaster,PVT,Yes,Public Area,Ceiling,Dirty or Unsanitary,Kitchen,Low
Department of Housing Preservation and Development,Paint/Plaster,PVT,Yes,Public Area,Ceiling,Dirty or Unsanitary,Laundry Room,Low
Department of Housing Preservation and Development,Paint/Plaster,PVT,Yes,Public Area,Ceiling,Dirty or Unsanitary,Lobby,Low
Department of Housing Preservation and Development,Paint/Plaster,PVT,Yes,Public Area,Ceiling,Hole or Cracked,Lobby,Medium
Department of Housing Preservation and Development,Paint/Plaster,PVT,Yes,Public Area,Ceiling,Hole or Cracked,Laundry Room,Medium
Department of Housing Preservation and Development,Paint/Plaster,PVT,Yes,Public Area,Ceiling,Hole or Cracked,Kitchen,Medium
Department of Housing Preservation and Development,Paint/Plaster,PVT,Yes,Public Area,Ceiling,Hole or Cracked,Hallway,Medium
Department of Housing Preservation and Development,Paint/Plaster,PVT,Yes,Public Area,Ceiling,Hole or Cracked,Bathroom,Medium
Department of Housing Preservation and Development,Paint/Plaster,PVT,Yes,Public Area,Ceiling,Hole or Cracked,Basement,Medium
Department of Housing Preservation and Development,Paint/Plaster,PVT,Yes,Public Area,Ceiling,Hole or Cracked,Cellar,Medium
Department of Housing Preservation and Development,Paint/Plaster,PVT,Yes,Public Area,Ceiling,Hole or Cracked,Compactor Closet,Medium
Department of Housing Preservation and Development,Paint/Plaster,PVT,Yes,Public Area,Ceiling,Hole or Cracked,Boiler Room,Medium
Department of Housing Preservation and Development,Paint/Plaster,PVT,Yes,Public Area,Ceiling,Hole or Cracked,Stairs,Medium
Department of Housing Preservation and Development,Paint/Plaster,PVT,Yes,Public Area,Ceiling,Hole or Cracked,Stoop,Medium
Department of Housing Preservation and Development,Paint/Plaster,PVT,Yes,Public Area,Ceiling,Hole or Cracked,Storage Room,Medium
Department of Housing Preservation and Development,Paint/Plaster,PVT,Yes,Public Area,Ceiling,Hole or Cracked,Meter Room,Medium
Department of Housing Preservation and Development,Paint/Plaster,PVT,Yes,Public Area,Ceiling,Hole or Cracked,Other Room/Area,Medium
Department of Housing Preservation and Development,Paint/Plaster,PVT,Yes,Public Area,Door/Frame,Peeling or Flaking Paint,Other Room/Area,Low
Department of Housing Preservation and Development,Paint/Plaster,PVT,Yes,Public Area,Door/Frame,Peeling or Flaking Paint,Meter Room,Low
Department of Housing Preservation and Development,Paint/Plaster,PVT,Yes,Public Area,Door/Frame,Peeling or Flaking Paint,Storage Room,Low
Department of Housing Preservation and Development,Paint/Plaster,PVT,Yes,Public Area,Door/Frame,Peeling or Flaking Paint,Yard,Low
Department of Housing Preservation and Development,Paint/Plaster,PVT,Yes,Public Area,Door/Frame,Peeling or Flaking Paint,Stairs,Low
Department of Housing Preservation and Development,Paint/Plaster,PVT,Yes,Public Area,Door/Frame,Peeling or Flaking Paint,Building Entrance,Low
Department of Housing Preservation and Development,Paint/Plaster,PVT,Yes,Public Area,Door/Frame,Peeling or Flaking Paint,Compactor Closet,Low
Department of Housing Preservation and Development,Paint/Plaster,PVT,Yes,Public Area,Door/Frame,Peeling or Flaking Paint,Courtyard,Low
Department of Housing Preservation and Development,Paint/Plaster,PVT,Yes,Public Area,Door/Frame,Peeling or Flaking Paint,Cellar,Low
Department of Housing Preservation and Development,Paint/Plaster,PVT,Yes,Public Area,Door/Frame,Peeling or Flaking Paint,Basement,Low
Department of Housing Preservation and Development,Paint/Plaster,PVT,Yes,Public Area,Door/Frame,Peeling or Flaking Paint,Bathroom,Low
Department of Housing Preservation and Development,Paint/Plaster,PVT,Yes,Public Area,Door/Frame,Peeling or Flaking Paint,Hallway,Low
Department of Housing Preservation and Development,Paint/Plaster,PVT,Yes,Public Area,Door/Frame,Peeling or Flaking Paint,Fire Stairs/Tower,Low
Department of Housing Preservation and Development,Paint/Plaster,PVT,Yes,Public Area,Door/Frame,Peeling or Flaking Paint,Fire Exit/Passageway,Low
Department of Housing Preservation and Development,Paint/Plaster,PVT,Yes,Public Area,Door/Frame,Peeling or Flaking Paint,Kitchen,Low
Department of Housing Preservation and Development,Paint/Plaster,PVT,Yes,Public Area,Door/Frame,Peeling or Flaking Paint,Laundry Room,Low
Department of Housing Preservation and Development,Paint/Plaster,PVT,Yes,Public Area,Door/Frame,Peeling or Flaking Paint,Lobby,Low
Department of Housing Preservation and Development,Paint/Plaster,PVT,Yes,Public Area,Radiator,Peeling or Flaking Paint,Lobby,Low
Department of Housing Preservation and Development,Paint/Plaster,PVT,Yes,Public Area,Radiator,Peeling or Flaking Paint,Laundry Room,Low
Department of Housing Preservation and Development,Paint/Plaster,PVT,Yes,Public Area,Radiator,Peeling or Flaking Paint,Kitchen,Low
Department of Housing Preservation and Development,Paint/Plaster,PVT,Yes,Public Area,Radiator,Peeling or Flaking Paint,Hallway,Low
Department of Housing Preservation and Development,Paint/Plaster,PVT,Yes,Public Area,Radiator,Peeling or Flaking Paint,Bathroom,Low
Department of Housing Preservation and Development,Paint/Plaster,PVT,Yes,Public Area,Radiator,Peeling or Flaking Paint,Basement,Low
Department of Housing Preservation and Development,Paint/Plaster,PVT,Yes,Public Area,Radiator,Peeling or Flaking Paint,Cellar,Low
Department of Housing Preservation and Development,Paint/Plaster,PVT,Yes,Public Area,Radiator,Peeling or Flaking Paint,Stairs,Low
Department of Housing Preservation and Development,Paint/Plaster,PVT,Yes,Public Area,Radiator,Peeling or Flaking Paint,Storage Room,Low
Department of Housing Preservation and Development,Paint/Plaster,PVT,Yes,Public Area,Radiator,Peeling or Flaking Paint,Other Room/Area,Low
Department of Housing Preservation and Development,Paint/Plaster,PVT,Yes,Public Area,Wall,Bulging/Hole/Cracked,Meter Room,High
Department of Housing Preservation and Development,Paint/Plaster,PVT,Yes,Public Area,Wall,Bulging/Hole/Cracked,Other Room/Area,High
Department of Housing Preservation and Development,Paint/Plaster,PVT,Yes,Public Area,Wall,Bulging/Hole/Cracked,Storage Room,High
Department of Housing Preservation and Development,Paint/Plaster,PVT,Yes,Public Area,Wall,Bulging/Hole/Cracked,Cellar,High
Department of Housing Preservation and Development,Paint/Plaster,PVT,Yes,Public Area,Wall,Bulging/Hole/Cracked,Compactor Closet,High
Department of Housing Preservation and Development,Paint/Plaster,PVT,Yes,Public Area,Wall,Bulging/Hole/Cracked,Boiler Room,High
Department of Housing Preservation and Development,Paint/Plaster,PVT,Yes,Public Area,Wall,Bulging/Hole/Cracked,Basement,High
Department of Housing Preservation and Development,Paint/Plaster,PVT,Yes,Public Area,Wall,Bulging/Hole/Cracked,Bathroom,High
Department of Housing Preservation and Development,Paint/Plaster,PVT,Yes,Public Area,Wall,Bulging/Hole/Cracked,Hallway,High
Department of Housing Preservation and Development,Paint/Plaster,PVT,Yes,Public Area,Wall,Bulging/Hole/Cracked,Fire Stairs/Tower,High
Department of Housing Preservation and Development,Paint/Plaster,PVT,Yes,Public Area,Wall,Bulging/Hole/Cracked,Laundry Room,High
Department of Housing Preservation and Development,Paint/Plaster,PVT,Yes,Public Area,Wall,Bulging/Hole/Cracked,Kitchen,High
Department of Housing Preservation and Development,Paint/Plaster,PVT,Yes,Public Area,Wall,Bulging/Hole/Cracked,Lobby,High
Department of Housing Preservation and Development,Paint/Plaster,PVT,Yes,Public Area,Wall,Chipped/Peeling/Flaking,Lobby,Low
Department of Housing Preservation and Development,Paint/Plaster,PVT,Yes,Public Area,Wall,Chipped/Peeling/Flaking,Kitchen,Low
Department of Housing Preservation and Development,Paint/Plaster,PVT,Yes,Public Area,Wall,Chipped/Peeling/Flaking,Laundry Room,Low
Department of Housing Preservation and Development,Paint/Plaster,PVT,Yes,Public Area,Wall,Chipped/Peeling/Flaking,Fire Stairs/Tower,Low
Department of Housing Preservation and Development,Paint/Plaster,PVT,Yes,Public Area,Wall,Chipped/Peeling/Flaking,Hallway,Low
Department of Housing Preservation and Development,Paint/Plaster,PVT,Yes,Public Area,Wall,Chipped/Peeling/Flaking,Bathroom,Low
Department of Housing Preservation and Development,Paint/Plaster,PVT,Yes,Public Area,Wall,Chipped/Peeling/Flaking,Basement,Low
Department of Housing Preservation and Development,Paint/Plaster,PVT,Yes,Public Area,Wall,Chipped/Peeling/Flaking,Boiler Room,Low
Department of Housing Preservation and Development,Paint/Plaster,PVT,Yes,Public Area,Wall,Chipped/Peeling/Flaking,Building Entrance,Low
Department of Housing Preservation and Development,Paint/Plaster,PVT,Yes,Public Area,Wall,Chipped/Peeling/Flaking,Compactor Closet,Low
Department of Housing Preservation and Development,Paint/Plaster,PVT,Yes,Public Area,Wall,Chipped/Peeling/Flaking,Cellar,Low
Department of Housing Preservation and Development,Paint/Plaster,PVT,Yes,Public Area,Wall,Chipped/Peeling/Flaking,Storage Room,Low
Department of Housing Preservation and Development,Paint/Plaster,PVT,Yes,Public Area,Wall,Chipped/Peeling/Flaking,Meter Room,Low
Department of Housing Preservation and Development,Paint/Plaster,PVT,Yes,Public Area,Wall,Chipped/Peeling/Flaking,Other Room/Area,Low
Department of Housing Preservation and Development,Paint/Plaster,PVT,Yes,Public Area,Wall,Chipped/Peeling/Flaking,Stairs,Low
Department of Housing Preservation and Development,Paint/Plaster,PVT,Yes,Public Area,Wall,Collapsing or Falling,Stairs,High
Department of Housing Preservation and Development,Paint/Plaster,PVT,Yes,Public Area,Wall,Collapsing or Falling,Other Room/Area,High
Department of Housing Preservation and Development,Paint/Plaster,PVT,Yes,Public Area,Wall,Collapsing or Falling,Meter Room,High
Department of Housing Preservation and Development,Paint/Plaster,PVT,Yes,Public Area,Wall,Collapsing or Falling,Storage Room,High
Department of Housing Preservation and Development,Paint/Plaster,PVT,Yes,Public Area,Wall,Collapsing or Falling,Cellar,High
Department of Housing Preservation and Development,Paint/Plaster,PVT,Yes,Public Area,Wall,Collapsing or Falling,Compactor Closet,High
Department of Housing Preservation and Development,Paint/Plaster,PVT,Yes,Public Area,Wall,Collapsing or Falling,Boiler Room,High
Department of Housing Preservation and Development,Paint/Plaster,PVT,Yes,Public Area,Wall,Collapsing or Falling,Basement,High
Department of Housing Preservation and Development,Paint/Plaster,PVT,Yes,Public Area,Wall,Collapsing or Falling,Bathroom,High
Department of Housing Preservation and Development,Paint/Plaster,PVT,Yes,Public Area,Wall,Collapsing or Falling,Hallway,High
Department of Housing Preservation and Development,Paint/Plaster,PVT,Yes,Public Area,Wall,Collapsing or Falling,Fire Escape/Egress,High
Department of Housing Preservation and Development,Paint/Plaster,PVT,Yes,Public Area,Wall,Collapsing or Falling,Laundry Room,High
Department of Housing Preservation and Development,Paint/Plaster,PVT,Yes,Public Area,Wall,Collapsing or Falling,Kitchen,High
Department of Housing Preservation and Development,Paint/Plaster,PVT,Yes,Public Area,Wall,Collapsing or Falling,Lobby,High
Department of Housing Preservation and Development,Paint/Plaster,PVT,Yes,Public Area,Wall,Dirty or Unsanitary,Lobby,Low
Department of Housing Preservation and Development,Paint/Plaster,PVT,Yes,Public Area,Wall,Dirty or Unsanitary,Laundry Room,Low
Department of Housing Preservation and Development,Paint/Plaster,PVT,Yes,Public Area,Wall,Dirty or Unsanitary,Kitchen,Low
Department of Housing Preservation and Development,Paint/Plaster,PVT,Yes,Public Area,Wall,Dirty or Unsanitary,Fire Escape/Egress,Low
Department of Housing Preservation and Development,Paint/Plaster,PVT,Yes,Public Area,Wall,Dirty or Unsanitary,Fire Exit/Passageway,Low
Department of Housing Preservation and Development,Paint/Plaster,PVT,Yes,Public Area,Wall,Dirty or Unsanitary,Hallway,Low
Department of Housing Preservation and Development,Paint/Plaster,PVT,Yes,Public Area,Wall,Dirty or Unsanitary,Fire Stairs/Tower,Low
Department of Housing Preservation and Development,Paint/Plaster,PVT,Yes,Public Area,Wall,Dirty or Unsanitary,Bathroom,Low
Department of Housing Preservation and Development,Paint/Plaster,PVT,Yes,Public Area,Wall,Dirty or Unsanitary,Basement,Low
Department of Housing Preservation and Development,Paint/Plaster,PVT,Yes,Public Area,Wall,Dirty or Unsanitary,Boiler Room,Low
Department of Housing Preservation and Development,Paint/Plaster,PVT,Yes,Public Area,Wall,Dirty or Unsanitary,Compactor Closet,Low
Department of Housing Preservation and Development,Paint/Plaster,PVT,Yes,Public Area,Wall,Dirty or Unsanitary,Courtyard,Low
Department of Housing Preservation and Development,Paint/Plaster,PVT,Yes,Public Area,Wall,Dirty or Unsanitary,Cellar,Low
Department of Housing Preservation and Development,Paint/Plaster,PVT,Yes,Public Area,Wall,Dirty or Unsanitary,Stairs,Low
Department of Housing Preservation and Development,Paint/Plaster,PVT,Yes,Public Area,Wall,Dirty or Unsanitary,Storage Room,Low
Department of Housing Preservation and Development,Paint/Plaster,PVT,Yes,Public Area,Wall,Dirty or Unsanitary,Meter Room,Low
Department of Housing Preservation and Development,Paint/Plaster,PVT,Yes,Public Area,Wall,Dirty or Unsanitary,Other Room/Area,Low
Department of Housing Preservation and Development,Paint/Plaster,PVT,Yes,Public Area,Wall,Tile Broken or Missing,Bathroom,Medium
Department of Housing Preservation and Development,Paint/Plaster,PVT,Yes,Public Area,Wall,Tile Broken or Missing,Kitchen,Medium
Department of Housing Preservation and Development,Paint/Plaster,PVT,Yes,Public Area,Wall,Tile Broken or Missing,Laundry Room,Medium
Department of Housing Preservation and Development,Paint/Plaster,PVT,Yes,Public Area,Wall,Tile Broken or Missing,Lobby,Medium
Department of Housing Preservation and Development,Paint/Plaster,PVT,Yes,Public Area,Window/Frame,Peeling or Flaking Paint,Lobby,Low
Department of Housing Preservation and Development,Paint/Plaster,PVT,Yes,Public Area,Window/Frame,Peeling or Flaking Paint,Laundry Room,Low
Department of Housing Preservation and Development,Paint/Plaster,PVT,Yes,Public Area,Window/Frame,Peeling or Flaking Paint,Kitchen,Low
Department of Housing Preservation and Development,Paint/Plaster,PVT,Yes,Public Area,Window/Frame,Peeling or Flaking Paint,Hallway,Low
Department of Housing Preservation and Development,Paint/Plaster,PVT,Yes,Public Area,Window/Frame,Peeling or Flaking Paint,Bathroom,Low
Department of Housing Preservation and Development,Paint/Plaster,PVT,Yes,Public Area,Window/Frame,Peeling or Flaking Paint,Basement,Low
Department of Housing Preservation and Development,Paint/Plaster,PVT,Yes,Public Area,Window/Frame,Peeling or Flaking Paint,Cellar,Low
Department of Housing Preservation and Development,Paint/Plaster,PVT,Yes,Public Area,Window/Frame,Peeling or Flaking Paint,Courtyard,Low
Department of Housing Preservation and Development,Paint/Plaster,PVT,Yes,Public Area,Window/Frame,Peeling or Flaking Paint,Compactor Closet,Low
Department of Housing Preservation and Development,Paint/Plaster,PVT,Yes,Public Area,Window/Frame,Peeling or Flaking Paint,Building Entrance,Low
Department of Housing Preservation and Development,Paint/Plaster,PVT,Yes,Public Area,Window/Frame,Peeling or Flaking Paint,Other Room/Area,Low
Department of Housing Preservation and Development,Paint/Plaster,PVT,Yes,Public Area,Window/Frame,Peeling or Flaking Paint,Storage Room,Low
Department of Housing Preservation and Development,Paint/Plaster,PVT,Yes,Public Area,Window/Frame,Peeling or Flaking Paint,Yard,Low
Department of Housing Preservation and Development,Paint/Plaster,PVT,Yes,Public Area,Window/Frame,Peeling or Flaking Paint,Stairs,Low
Department of Housing Preservation and Development,Paint/Plaster,Sec 8,Yes,Public Area,Ceiling,Chipped/Peeling/Flaking,Stairs,Low
Department of Housing Preservation and Development,Paint/Plaster,Sec 8,Yes,Public Area,Ceiling,Chipped/Peeling/Flaking,Other Room/Area,Low
Department of Housing Preservation and Development,Paint/Plaster,Sec 8,Yes,Public Area,Ceiling,Chipped/Peeling/Flaking,Meter Room,Low
Department of Housing Preservation and Development,Paint/Plaster,Sec 8,Yes,Public Area,Ceiling,Chipped/Peeling/Flaking,Storage Room,Low
Department of Housing Preservation and Development,Paint/Plaster,Sec 8,Yes,Public Area,Ceiling,Chipped/Peeling/Flaking,Building Entrance,Low
Department of Housing Preservation and Development,Paint/Plaster,Sec 8,Yes,Public Area,Ceiling,Chipped/Peeling/Flaking,Boiler Room,Low
Department of Housing Preservation and Development,Paint/Plaster,Sec 8,Yes,Public Area,Ceiling,Chipped/Peeling/Flaking,Compactor Closet,Low
Department of Housing Preservation and Development,Paint/Plaster,Sec 8,Yes,Public Area,Ceiling,Chipped/Peeling/Flaking,Cellar,Low
Department of Housing Preservation and Development,Paint/Plaster,Sec 8,Yes,Public Area,Ceiling,Chipped/Peeling/Flaking,Basement,Low
Department of Housing Preservation and Development,Paint/Plaster,Sec 8,Yes,Public Area,Ceiling,Chipped/Peeling/Flaking,Bathroom,Low
Department of Housing Preservation and Development,Paint/Plaster,Sec 8,Yes,Public Area,Ceiling,Chipped/Peeling/Flaking,Fire Stairs/Tower,Low
Department of Housing Preservation and Development,Paint/Plaster,Sec 8,Yes,Public Area,Ceiling,Chipped/Peeling/Flaking,Hallway,Low
Department of Housing Preservation and Development,Paint/Plaster,Sec 8,Yes,Public Area,Ceiling,Chipped/Peeling/Flaking,Laundry Room,Low
Department of Housing Preservation and Development,Paint/Plaster,Sec 8,Yes,Public Area,Ceiling,Chipped/Peeling/Flaking,Kitchen,Low
Department of Housing Preservation and Development,Paint/Plaster,Sec 8,Yes,Public Area,Ceiling,Chipped/Peeling/Flaking,Lobby,Low
Department of Housing Preservation and Development,Paint/Plaster,Sec 8,Yes,Public Area,Ceiling,Collapsing or Falling,Lobby,High
Department of Housing Preservation and Development,Paint/Plaster,Sec 8,Yes,Public Area,Ceiling,Collapsing or Falling,Kitchen,High
Department of Housing Preservation and Development,Paint/Plaster,Sec 8,Yes,Public Area,Ceiling,Collapsing or Falling,Laundry Room,High
Department of Housing Preservation and Development,Paint/Plaster,Sec 8,Yes,Public Area,Ceiling,Collapsing or Falling,Hallway,High
Department of Housing Preservation and Development,Paint/Plaster,Sec 8,Yes,Public Area,Ceiling,Collapsing or Falling,Fire Escape/Egress,High
Department of Housing Preservation and Development,Paint/Plaster,Sec 8,Yes,Public Area,Ceiling,Collapsing or Falling,Bathroom,High
Department of Housing Preservation and Development,Paint/Plaster,Sec 8,Yes,Public Area,Ceiling,Collapsing or Falling,Basement,High
Department of Housing Preservation and Development,Paint/Plaster,Sec 8,Yes,Public Area,Ceiling,Collapsing or Falling,Cellar,High
Department of Housing Preservation and Development,Paint/Plaster,Sec 8,Yes,Public Area,Ceiling,Collapsing or Falling,Compactor Closet,High
Department of Housing Preservation and Development,Paint/Plaster,Sec 8,Yes,Public Area,Ceiling,Collapsing or Falling,Boiler Room,High
Department of Housing Preservation and Development,Paint/Plaster,Sec 8,Yes,Public Area,Ceiling,Collapsing or Falling,Storage Room,High
Department of Housing Preservation and Development,Paint/Plaster,Sec 8,Yes,Public Area,Ceiling,Collapsing or Falling,Meter Room,High
Department of Housing Preservation and Development,Paint/Plaster,Sec 8,Yes,Public Area,Ceiling,Collapsing or Falling,Other Room/Area,High
Department of Housing Preservation and Development,Paint/Plaster,Sec 8,Yes,Public Area,Ceiling,Collapsing or Falling,Stairs,High
Department of Housing Preservation and Development,Paint/Plaster,Sec 8,Yes,Public Area,Ceiling,Dirty or Unsanitary,Stairs,Low
Department of Housing Preservation and Development,Paint/Plaster,Sec 8,Yes,Public Area,Ceiling,Dirty or Unsanitary,Other Room/Area,Low
Department of Housing Preservation and Development,Paint/Plaster,Sec 8,Yes,Public Area,Ceiling,Dirty or Unsanitary,Meter Room,Low
Department of Housing Preservation and Development,Paint/Plaster,Sec 8,Yes,Public Area,Ceiling,Dirty or Unsanitary,Storage Room,Low
Department of Housing Preservation and Development,Paint/Plaster,Sec 8,Yes,Public Area,Ceiling,Dirty or Unsanitary,Boiler Room,Low
Department of Housing Preservation and Development,Paint/Plaster,Sec 8,Yes,Public Area,Ceiling,Dirty or Unsanitary,Compactor Closet,Low
Department of Housing Preservation and Development,Paint/Plaster,Sec 8,Yes,Public Area,Ceiling,Dirty or Unsanitary,Cellar,Low
Department of Housing Preservation and Development,Paint/Plaster,Sec 8,Yes,Public Area,Ceiling,Dirty or Unsanitary,Courtyard,Low
Department of Housing Preservation and Development,Paint/Plaster,Sec 8,Yes,Public Area,Ceiling,Dirty or Unsanitary,Basement,Low
Department of Housing Preservation and Development,Paint/Plaster,Sec 8,Yes,Public Area,Ceiling,Dirty or Unsanitary,Bathroom,Low
Department of Housing Preservation and Development,Paint/Plaster,Sec 8,Yes,Public Area,Ceiling,Dirty or Unsanitary,Fire Escape/Egress,Low
Department of Housing Preservation and Development,Paint/Plaster,Sec 8,Yes,Public Area,Ceiling,Dirty or Unsanitary,Fire Exit/Passageway,Low
Department of Housing Preservation and Development,Paint/Plaster,Sec 8,Yes,Public Area,Ceiling,Dirty or Unsanitary,Hallway,Low
Department of Housing Preservation and Development,Paint/Plaster,Sec 8,Yes,Public Area,Ceiling,Dirty or Unsanitary,Fire Stairs/Tower,Low
Department of Housing Preservation and Development,Paint/Plaster,Sec 8,Yes,Public Area,Ceiling,Dirty or Unsanitary,Laundry Room,Low
Department of Housing Preservation and Development,Paint/Plaster,Sec 8,Yes,Public Area,Ceiling,Dirty or Unsanitary,Kitchen,Low
Department of Housing Preservation and Development,Paint/Plaster,Sec 8,Yes,Public Area,Ceiling,Dirty or Unsanitary,Lobby,Low
Department of Housing Preservation and Development,Paint/Plaster,Sec 8,Yes,Public Area,Ceiling,Hole or Cracked,Lobby,Medium
Department of Housing Preservation and Development,Paint/Plaster,Sec 8,Yes,Public Area,Ceiling,Hole or Cracked,Kitchen,Medium
Department of Housing Preservation and Development,Paint/Plaster,Sec 8,Yes,Public Area,Ceiling,Hole or Cracked,Laundry Room,Medium
Department of Housing Preservation and Development,Paint/Plaster,Sec 8,Yes,Public Area,Ceiling,Hole or Cracked,Hallway,Medium
Department of Housing Preservation and Development,Paint/Plaster,Sec 8,Yes,Public Area,Ceiling,Hole or Cracked,Bathroom,Medium
Department of Housing Preservation and Development,Paint/Plaster,Sec 8,Yes,Public Area,Ceiling,Hole or Cracked,Basement,Medium
Department of Housing Preservation and Development,Paint/Plaster,Sec 8,Yes,Public Area,Ceiling,Hole or Cracked,Cellar,Medium
Department of Housing Preservation and Development,Paint/Plaster,Sec 8,Yes,Public Area,Ceiling,Hole or Cracked,Compactor Closet,Medium
Department of Housing Preservation and Development,Paint/Plaster,Sec 8,Yes,Public Area,Ceiling,Hole or Cracked,Boiler Room,Medium
Department of Housing Preservation and Development,Paint/Plaster,Sec 8,Yes,Public Area,Ceiling,Hole or Cracked,Storage Room,Medium
Department of Housing Preservation and Development,Paint/Plaster,Sec 8,Yes,Public Area,Ceiling,Hole or Cracked,Stoop,Medium
Department of Housing Preservation and Development,Paint/Plaster,Sec 8,Yes,Public Area,Ceiling,Hole or Cracked,Meter Room,Medium
Department of Housing Preservation and Development,Paint/Plaster,Sec 8,Yes,Public Area,Ceiling,Hole or Cracked,Other Room/Area,Medium
Department of Housing Preservation and Development,Paint/Plaster,Sec 8,Yes,Public Area,Ceiling,Hole or Cracked,Stairs,Medium
Department of Housing Preservation and Development,Paint/Plaster,Sec 8,Yes,Public Area,Door/Frame,Peeling or Flaking Paint,Stairs,Low
Department of Housing Preservation and Development,Paint/Plaster,Sec 8,Yes,Public Area,Door/Frame,Peeling or Flaking Paint,Other Room/Area,Low
Department of Housing Preservation and Development,Paint/Plaster,Sec 8,Yes,Public Area,Door/Frame,Peeling or Flaking Paint,Meter Room,Low
Department of Housing Preservation and Development,Paint/Plaster,Sec 8,Yes,Public Area,Door/Frame,Peeling or Flaking Paint,Storage Room,Low
Department of Housing Preservation and Development,Paint/Plaster,Sec 8,Yes,Public Area,Door/Frame,Peeling or Flaking Paint,Yard,Low
Department of Housing Preservation and Development,Paint/Plaster,Sec 8,Yes,Public Area,Door/Frame,Peeling or Flaking Paint,Building Entrance,Low
Department of Housing Preservation and Development,Paint/Plaster,Sec 8,Yes,Public Area,Door/Frame,Peeling or Flaking Paint,Compactor Closet,Low
Department of Housing Preservation and Development,Paint/Plaster,Sec 8,Yes,Public Area,Door/Frame,Peeling or Flaking Paint,Cellar,Low
Department of Housing Preservation and Development,Paint/Plaster,Sec 8,Yes,Public Area,Door/Frame,Peeling or Flaking Paint,Courtyard,Low
Department of Housing Preservation and Development,Paint/Plaster,Sec 8,Yes,Public Area,Door/Frame,Peeling or Flaking Paint,Basement,Low
Department of Housing Preservation and Development,Paint/Plaster,Sec 8,Yes,Public Area,Door/Frame,Peeling or Flaking Paint,Bathroom,Low
Department of Housing Preservation and Development,Paint/Plaster,Sec 8,Yes,Public Area,Door/Frame,Peeling or Flaking Paint,Hallway,Low
Department of Housing Preservation and Development,Paint/Plaster,Sec 8,Yes,Public Area,Door/Frame,Peeling or Flaking Paint,Fire Stairs/Tower,Low
Department of Housing Preservation and Development,Paint/Plaster,Sec 8,Yes,Public Area,Door/Frame,Peeling or Flaking Paint,Fire Exit/Passageway,Low
Department of Housing Preservation and Development,Paint/Plaster,Sec 8,Yes,Public Area,Door/Frame,Peeling or Flaking Paint,Laundry Room,Low
Department of Housing Preservation and Development,Paint/Plaster,Sec 8,Yes,Public Area,Door/Frame,Peeling or Flaking Paint,Kitchen,Low
Department of Housing Preservation and Development,Paint/Plaster,Sec 8,Yes,Public Area,Door/Frame,Peeling or Flaking Paint,Lobby,Low
Department of Housing Preservation and Development,Paint/Plaster,Sec 8,Yes,Public Area,Radiator,Peeling or Flaking Paint,Lobby,Low
Department of Housing Preservation and Development,Paint/Plaster,Sec 8,Yes,Public Area,Radiator,Peeling or Flaking Paint,Kitchen,Low
Department of Housing Preservation and Development,Paint/Plaster,Sec 8,Yes,Public Area,Radiator,Peeling or Flaking Paint,Laundry Room,Low
Department of Housing Preservation and Development,Paint/Plaster,Sec 8,Yes,Public Area,Radiator,Peeling or Flaking Paint,Hallway,Low
Department of Housing Preservation and Development,Paint/Plaster,Sec 8,Yes,Public Area,Radiator,Peeling or Flaking Paint,Bathroom,Low
Department of Housing Preservation and Development,Paint/Plaster,Sec 8,Yes,Public Area,Radiator,Peeling or Flaking Paint,Basement,Low
Department of Housing Preservation and Development,Paint/Plaster,Sec 8,Yes,Public Area,Radiator,Peeling or Flaking Paint,Cellar,Low
Department of Housing Preservation and Development,Paint/Plaster,Sec 8,Yes,Public Area,Radiator,Peeling or Flaking Paint,Storage Room,Low
Department of Housing Preservation and Development,Paint/Plaster,Sec 8,Yes,Public Area,Radiator,Peeling or Flaking Paint,Other Room/Area,Low
Department of Housing Preservation and Development,Paint/Plaster,Sec 8,Yes,Public Area,Radiator,Peeling or Flaking Paint,Stairs,Low
Department of Housing Preservation and Development,Paint/Plaster,Sec 8,Yes,Public Area,Wall,Bulging/Hole/Cracked,Other Room/Area,High
Department of Housing Preservation and Development,Paint/Plaster,Sec 8,Yes,Public Area,Wall,Bulging/Hole/Cracked,Meter Room,High
Department of Housing Preservation and Development,Paint/Plaster,Sec 8,Yes,Public Area,Wall,Bulging/Hole/Cracked,Storage Room,High
Department of Housing Preservation and Development,Paint/Plaster,Sec 8,Yes,Public Area,Wall,Bulging/Hole/Cracked,Cellar,High
Department of Housing Preservation and Development,Paint/Plaster,Sec 8,Yes,Public Area,Wall,Bulging/Hole/Cracked,Compactor Closet,High
Department of Housing Preservation and Development,Paint/Plaster,Sec 8,Yes,Public Area,Wall,Bulging/Hole/Cracked,Boiler Room,High
Department of Housing Preservation and Development,Paint/Plaster,Sec 8,Yes,Public Area,Wall,Bulging/Hole/Cracked,Basement,High
Department of Housing Preservation and Development,Paint/Plaster,Sec 8,Yes,Public Area,Wall,Bulging/Hole/Cracked,Bathroom,High
Department of Housing Preservation and Development,Paint/Plaster,Sec 8,Yes,Public Area,Wall,Bulging/Hole/Cracked,Hallway,High
Department of Housing Preservation and Development,Paint/Plaster,Sec 8,Yes,Public Area,Wall,Bulging/Hole/Cracked,Fire Stairs/Tower,High
Department of Housing Preservation and Development,Paint/Plaster,Sec 8,Yes,Public Area,Wall,Bulging/Hole/Cracked,Laundry Room,High
Department of Housing Preservation and Development,Paint/Plaster,Sec 8,Yes,Public Area,Wall,Bulging/Hole/Cracked,Kitchen,High
Department of Housing Preservation and Development,Paint/Plaster,Sec 8,Yes,Public Area,Wall,Bulging/Hole/Cracked,Lobby,High
Department of Housing Preservation and Development,Paint/Plaster,Sec 8,Yes,Public Area,Wall,Chipped/Peeling/Flaking,Lobby,Low
Department of Housing Preservation and Development,Paint/Plaster,Sec 8,Yes,Public Area,Wall,Chipped/Peeling/Flaking,Kitchen,Low
Department of Housing Preservation and Development,Paint/Plaster,Sec 8,Yes,Public Area,Wall,Chipped/Peeling/Flaking,Laundry Room,Low
Department of Housing Preservation and Development,Paint/Plaster,Sec 8,Yes,Public Area,Wall,Chipped/Peeling/Flaking,Fire Stairs/Tower,Low
Department of Housing Preservation and Development,Paint/Plaster,Sec 8,Yes,Public Area,Wall,Chipped/Peeling/Flaking,Hallway,Low
Department of Housing Preservation and Development,Paint/Plaster,Sec 8,Yes,Public Area,Wall,Chipped/Peeling/Flaking,Bathroom,Low
Department of Housing Preservation and Development,Paint/Plaster,Sec 8,Yes,Public Area,Wall,Chipped/Peeling/Flaking,Basement,Low
Department of Housing Preservation and Development,Paint/Plaster,Sec 8,Yes,Public Area,Wall,Chipped/Peeling/Flaking,Boiler Room,Low
Department of Housing Preservation and Development,Paint/Plaster,Sec 8,Yes,Public Area,Wall,Chipped/Peeling/Flaking,Building Entrance,Low
Department of Housing Preservation and Development,Paint/Plaster,Sec 8,Yes,Public Area,Wall,Chipped/Peeling/Flaking,Compactor Closet,Low
Department of Housing Preservation and Development,Paint/Plaster,Sec 8,Yes,Public Area,Wall,Chipped/Peeling/Flaking,Cellar,Low
Department of Housing Preservation and Development,Paint/Plaster,Sec 8,Yes,Public Area,Wall,Chipped/Peeling/Flaking,Storage Room,Low
Department of Housing Preservation and Development,Paint/Plaster,Sec 8,Yes,Public Area,Wall,Chipped/Peeling/Flaking,Meter Room,Low
Department of Housing Preservation and Development,Paint/Plaster,Sec 8,Yes,Public Area,Wall,Chipped/Peeling/Flaking,Other Room/Area,Low
Department of Housing Preservation and Development,Paint/Plaster,Sec 8,Yes,Public Area,Wall,Chipped/Peeling/Flaking,Stairs,Low
Department of Housing Preservation and Development,Paint/Plaster,Sec 8,Yes,Public Area,Wall,Collapsing or Falling,Stairs,High
Department of Housing Preservation and Development,Paint/Plaster,Sec 8,Yes,Public Area,Wall,Collapsing or Falling,Other Room/Area,High
Department of Housing Preservation and Development,Paint/Plaster,Sec 8,Yes,Public Area,Wall,Collapsing or Falling,Meter Room,High
Department of Housing Preservation and Development,Paint/Plaster,Sec 8,Yes,Public Area,Wall,Collapsing or Falling,Storage Room,High
Department of Housing Preservation and Development,Paint/Plaster,Sec 8,Yes,Public Area,Wall,Collapsing or Falling,Cellar,High
Department of Housing Preservation and Development,Paint/Plaster,Sec 8,Yes,Public Area,Wall,Collapsing or Falling,Compactor Closet,High
Department of Housing Preservation and Development,Paint/Plaster,Sec 8,Yes,Public Area,Wall,Collapsing or Falling,Boiler Room,High
Department of Housing Preservation and Development,Paint/Plaster,Sec 8,Yes,Public Area,Wall,Collapsing or Falling,Basement,High
Department of Housing Preservation and Development,Paint/Plaster,Sec 8,Yes,Public Area,Wall,Collapsing or Falling,Bathroom,High
Department of Housing Preservation and Development,Paint/Plaster,Sec 8,Yes,Public Area,Wall,Collapsing or Falling,Hallway,High
Department of Housing Preservation and Development,Paint/Plaster,Sec 8,Yes,Public Area,Wall,Collapsing or Falling,Fire Escape/Egress,High
Department of Housing Preservation and Development,Paint/Plaster,Sec 8,Yes,Public Area,Wall,Collapsing or Falling,Laundry Room,High
Department of Housing Preservation and Development,Paint/Plaster,Sec 8,Yes,Public Area,Wall,Collapsing or Falling,Kitchen,High
Department of Housing Preservation and Development,Paint/Plaster,Sec 8,Yes,Public Area,Wall,Collapsing or Falling,Lobby,High
Department of Housing Preservation and Development,Paint/Plaster,Sec 8,Yes,Public Area,Wall,Dirty or Unsanitary,Lobby,Low
Department of Housing Preservation and Development,Paint/Plaster,Sec 8,Yes,Public Area,Wall,Dirty or Unsanitary,Kitchen,Low
Department of Housing Preservation and Development,Paint/Plaster,Sec 8,Yes,Public Area,Wall,Dirty or Unsanitary,Laundry Room,Low
Department of Housing Preservation and Development,Paint/Plaster,Sec 8,Yes,Public Area,Wall,Dirty or Unsanitary,Fire Escape/Egress,Low
Department of Housing Preservation and Development,Paint/Plaster,Sec 8,Yes,Public Area,Wall,Dirty or Unsanitary,Fire Exit/Passageway,Low
Department of Housing Preservation and Development,Paint/Plaster,Sec 8,Yes,Public Area,Wall,Dirty or Unsanitary,Hallway,Low
Department of Housing Preservation and Development,Paint/Plaster,Sec 8,Yes,Public Area,Wall,Dirty or Unsanitary,Fire Stairs/Tower,Low
Department of Housing Preservation and Development,Paint/Plaster,Sec 8,Yes,Public Area,Wall,Dirty or Unsanitary,Bathroom,Low
Department of Housing Preservation and Development,Paint/Plaster,Sec 8,Yes,Public Area,Wall,Dirty or Unsanitary,Basement,Low
Department of Housing Preservation and Development,Paint/Plaster,Sec 8,Yes,Public Area,Wall,Dirty or Unsanitary,Boiler Room,Low
Department of Housing Preservation and Development,Paint/Plaster,Sec 8,Yes,Public Area,Wall,Dirty or Unsanitary,Compactor Closet,Low
Department of Housing Preservation and Development,Paint/Plaster,Sec 8,Yes,Public Area,Wall,Dirty or Unsanitary,Cellar,Low
Department of Housing Preservation and Development,Paint/Plaster,Sec 8,Yes,Public Area,Wall,Dirty or Unsanitary,Courtyard,Low
Department of Housing Preservation and Development,Paint/Plaster,Sec 8,Yes,Public Area,Wall,Dirty or Unsanitary,Storage Room,Low
Department of Housing Preservation and Development,Paint/Plaster,Sec 8,Yes,Public Area,Wall,Dirty or Unsanitary,Meter Room,Low
Department of Housing Preservation and Development,Paint/Plaster,Sec 8,Yes,Public Area,Wall,Dirty or Unsanitary,Other Room/Area,Low
Department of Housing Preservation and Development,Paint/Plaster,Sec 8,Yes,Public Area,Wall,Dirty or Unsanitary,Stairs,Low
Department of Housing Preservation and Development,Paint/Plaster,Sec 8,Yes,Public Area,Wall,Tile Broken or Missing,Bathroom,Medium
Department of Housing Preservation and Development,Paint/Plaster,Sec 8,Yes,Public Area,Wall,Tile Broken or Missing,Laundry Room,Medium
Department of Housing Preservation and Development,Paint/Plaster,Sec 8,Yes,Public Area,Wall,Tile Broken or Missing,Kitchen,Medium
Department of Housing Preservation and Development,Paint/Plaster,Sec 8,Yes,Public Area,Wall,Tile Broken or Missing,Lobby,Medium
Department of Housing Preservation and Development,Paint/Plaster,Sec 8,Yes,Public Area,Window/Frame,Peeling or Flaking Paint,Lobby,Low
Department of Housing Preservation and Development,Paint/Plaster,Sec 8,Yes,Public Area,Window/Frame,Peeling or Flaking Paint,Kitchen,Low
Department of Housing Preservation and Development,Paint/Plaster,Sec 8,Yes,Public Area,Window/Frame,Peeling or Flaking Paint,Laundry Room,Low
Department of Housing Preservation and Development,Paint/Plaster,Sec 8,Yes,Public Area,Window/Frame,Peeling or Flaking Paint,Hallway,Low
Department of Housing Preservation and Development,Paint/Plaster,Sec 8,Yes,Public Area,Window/Frame,Peeling or Flaking Paint,Bathroom,Low
Department of Housing Preservation and Development,Paint/Plaster,Sec 8,Yes,Public Area,Window/Frame,Peeling or Flaking Paint,Basement,Low
Department of Housing Preservation and Development,Paint/Plaster,Sec 8,Yes,Public Area,Window/Frame,Peeling or Flaking Paint,Courtyard,Low
Department of Housing Preservation and Development,Paint/Plaster,Sec 8,Yes,Public Area,Window/Frame,Peeling or Flaking Paint,Cellar,Low
Department of Housing Preservation and Development,Paint/Plaster,Sec 8,Yes,Public Area,Window/Frame,Peeling or Flaking Paint,Compactor Closet,Low
Department of Housing Preservation and Development,Paint/Plaster,Sec 8,Yes,Public Area,Window/Frame,Peeling or Flaking Paint,Building Entrance,Low
Department of Housing Preservation and Development,Paint/Plaster,Sec 8,Yes,Public Area,Window/Frame,Peeling or Flaking Paint,Stairs,Low
Department of Housing Preservation and Development,Paint/Plaster,Sec 8,Yes,Public Area,Window/Frame,Peeling or Flaking Paint,Other Room/Area,Low
Department of Housing Preservation and Development,Paint/Plaster,Sec 8,Yes,Public Area,Window/Frame,Peeling or Flaking Paint,Storage Room,Low
Department of Housing Preservation and Development,Paint/Plaster,Sec 8,Yes,Public Area,Window/Frame,Peeling or Flaking Paint,Yard,Low
Department of Housing Preservation and Development,Paint/Plaster,PVT,Yes,Apartment,Cabinet,Peeling or Flaking Paint,Entire Apartment,Low
Department of Housing Preservation and Development,Paint/Plaster,PVT,Yes,Apartment,Cabinet,Peeling or Flaking Paint,Entrance/Foyer,Low
Department of Housing Preservation and Development,Paint/Plaster,PVT,Yes,Apartment,Cabinet,Peeling or Flaking Paint,Kitchen,Low
Department of Housing Preservation and Development,Paint/Plaster,PVT,Yes,Apartment,Cabinet,Peeling or Flaking Paint,Living Room,Low
Department of Housing Preservation and Development,Paint/Plaster,PVT,Yes,Apartment,Cabinet,Peeling or Flaking Paint,Bathroom,Low
Department of Housing Preservation and Development,Paint/Plaster,PVT,Yes,Apartment,Cabinet,Peeling or Flaking Paint,Bedroom,Low
Department of Housing Preservation and Development,Paint/Plaster,PVT,Yes,Apartment,Cabinet,Peeling or Flaking Paint,Other Room/Area,Low
Department of Housing Preservation and Development,Paint/Plaster,PVT,Yes,Apartment,Cabinet,Peeling or Flaking Paint,Private Hall,Low
Department of Housing Preservation and Development,Paint/Plaster,PVT,Yes,Apartment,Ceiling,Chipped/Peeling/Flaking,Private Hall,Low
Department of Housing Preservation and Development,Paint/Plaster,PVT,Yes,Apartment,Ceiling,Chipped/Peeling/Flaking,Other Room/Area,Low
Department of Housing Preservation and Development,Paint/Plaster,PVT,Yes,Apartment,Ceiling,Chipped/Peeling/Flaking,Bedroom,Low
Department of Housing Preservation and Development,Paint/Plaster,PVT,Yes,Apartment,Ceiling,Chipped/Peeling/Flaking,Bathroom,Low
Department of Housing Preservation and Development,Paint/Plaster,PVT,Yes,Apartment,Ceiling,Chipped/Peeling/Flaking,Living Room,Low
Department of Housing Preservation and Development,Paint/Plaster,PVT,Yes,Apartment,Ceiling,Chipped/Peeling/Flaking,Kitchen,Low
Department of Housing Preservation and Development,Paint/Plaster,PVT,Yes,Apartment,Ceiling,Chipped/Peeling/Flaking,Entrance/Foyer,Low
Department of Housing Preservation and Development,Paint/Plaster,PVT,Yes,Apartment,Ceiling,Chipped/Peeling/Flaking,Entire Apartment,Low
Department of Housing Preservation and Development,Paint/Plaster,PVT,Yes,Apartment,Ceiling,Collapsing or Falling,Entire Apartment,High
Department of Housing Preservation and Development,Paint/Plaster,PVT,Yes,Apartment,Ceiling,Collapsing or Falling,Entrance/Foyer,High
Department of Housing Preservation and Development,Paint/Plaster,PVT,Yes,Apartment,Ceiling,Collapsing or Falling,Kitchen,High
Department of Housing Preservation and Development,Paint/Plaster,PVT,Yes,Apartment,Ceiling,Collapsing or Falling,Living Room,High
Department of Housing Preservation and Development,Paint/Plaster,PVT,Yes,Apartment,Ceiling,Collapsing or Falling,Bathroom,High
Department of Housing Preservation and Development,Paint/Plaster,PVT,Yes,Apartment,Ceiling,Collapsing or Falling,Bedroom,High
Department of Housing Preservation and Development,Paint/Plaster,PVT,Yes,Apartment,Ceiling,Collapsing or Falling,Other Room/Area,High
Department of Housing Preservation and Development,Paint/Plaster,PVT,Yes,Apartment,Ceiling,Collapsing or Falling,Private Hall,High
Department of Housing Preservation and Development,Paint/Plaster,PVT,Yes,Apartment,Ceiling,Dirty or Unsanitary,Private Hall,Low
Department of Housing Preservation and Development,Paint/Plaster,PVT,Yes,Apartment,Ceiling,Dirty or Unsanitary,Other Room/Area,Low
Department of Housing Preservation and Development,Paint/Plaster,PVT,Yes,Apartment,Ceiling,Dirty or Unsanitary,Bedroom,Low
Department of Housing Preservation and Development,Paint/Plaster,PVT,Yes,Apartment,Ceiling,Dirty or Unsanitary,Bathroom,Low
Department of Housing Preservation and Development,Paint/Plaster,PVT,Yes,Apartment,Ceiling,Dirty or Unsanitary,Living Room,Low
Department of Housing Preservation and Development,Paint/Plaster,PVT,Yes,Apartment,Ceiling,Dirty or Unsanitary,Kitchen,Low
Department of Housing Preservation and Development,Paint/Plaster,PVT,Yes,Apartment,Ceiling,Dirty or Unsanitary,Entrance/Foyer,Low
Department of Housing Preservation and Development,Paint/Plaster,PVT,Yes,Apartment,Ceiling,Dirty or Unsanitary,Entire Apartment,Low
Department of Housing Preservation and Development,Paint/Plaster,PVT,Yes,Apartment,Ceiling,Hole or Cracked,Entire Apartment,Medium
Department of Housing Preservation and Development,Paint/Plaster,PVT,Yes,Apartment,Ceiling,Hole or Cracked,Entrance/Foyer,Medium
Department of Housing Preservation and Development,Paint/Plaster,PVT,Yes,Apartment,Ceiling,Hole or Cracked,Kitchen,Medium
Department of Housing Preservation and Development,Paint/Plaster,PVT,Yes,Apartment,Ceiling,Hole or Cracked,Living Room,Medium
Department of Housing Preservation and Development,Paint/Plaster,PVT,Yes,Apartment,Ceiling,Hole or Cracked,Bathroom,Medium
Department of Housing Preservation and Development,Paint/Plaster,PVT,Yes,Apartment,Ceiling,Hole or Cracked,Bedroom,Medium
Department of Housing Preservation and Development,Paint/Plaster,PVT,Yes,Apartment,Ceiling,Hole or Cracked,Other Room/Area,Medium
Department of Housing Preservation and Development,Paint/Plaster,PVT,Yes,Apartment,Ceiling,Hole or Cracked,Private Hall,Medium
Department of Housing Preservation and Development,Paint/Plaster,PVT,Yes,Apartment,Door/Frame,Peeling or Flaking Paint,Private Hall,Low
Department of Housing Preservation and Development,Paint/Plaster,PVT,Yes,Apartment,Door/Frame,Peeling or Flaking Paint,Other Room/Area,Low
Department of Housing Preservation and Development,Paint/Plaster,PVT,Yes,Apartment,Door/Frame,Peeling or Flaking Paint,Bedroom,Low
Department of Housing Preservation and Development,Paint/Plaster,PVT,Yes,Apartment,Door/Frame,Peeling or Flaking Paint,Bathroom,Low
Department of Housing Preservation and Development,Paint/Plaster,PVT,Yes,Apartment,Door/Frame,Peeling or Flaking Paint,Living Room,Low
Department of Housing Preservation and Development,Paint/Plaster,PVT,Yes,Apartment,Door/Frame,Peeling or Flaking Paint,Kitchen,Low
Department of Housing Preservation and Development,Paint/Plaster,PVT,Yes,Apartment,Door/Frame,Peeling or Flaking Paint,Entrance/Foyer,Low
Department of Housing Preservation and Development,Paint/Plaster,PVT,Yes,Apartment,Door/Frame,Peeling or Flaking Paint,Entire Apartment,Low
Department of Housing Preservation and Development,Paint/Plaster,PVT,Yes,Apartment,Radiator,Peeling or Flaking Paint,Entire Apartment,Low
Department of Housing Preservation and Development,Paint/Plaster,PVT,Yes,Apartment,Radiator,Peeling or Flaking Paint,Entrance/Foyer,Low
Department of Housing Preservation and Development,Paint/Plaster,PVT,Yes,Apartment,Radiator,Peeling or Flaking Paint,Kitchen,Low
Department of Housing Preservation and Development,Paint/Plaster,PVT,Yes,Apartment,Radiator,Peeling or Flaking Paint,Living Room,Low
Department of Housing Preservation and Development,Paint/Plaster,PVT,Yes,Apartment,Radiator,Peeling or Flaking Paint,Bathroom,Low
Department of Housing Preservation and Development,Paint/Plaster,PVT,Yes,Apartment,Radiator,Peeling or Flaking Paint,Bedroom,Low
Department of Housing Preservation and Development,Paint/Plaster,PVT,Yes,Apartment,Radiator,Peeling or Flaking Paint,Other Room/Area,Low
Department of Housing Preservation and Development,Paint/Plaster,PVT,Yes,Apartment,Radiator,Peeling or Flaking Paint,Private Hall,Low
Department of Housing Preservation and Development,Paint/Plaster,PVT,Yes,Apartment,Wall,Bulging/Hole/Cracked,Private Hall,High
Department of Housing Preservation and Development,Paint/Plaster,PVT,Yes,Apartment,Wall,Bulging/Hole/Cracked,Other Room/Area,High
Department of Housing Preservation and Development,Paint/Plaster,PVT,Yes,Apartment,Wall,Bulging/Hole/Cracked,Bedroom,High
Department of Housing Preservation and Development,Paint/Plaster,PVT,Yes,Apartment,Wall,Bulging/Hole/Cracked,Bathroom,High
Department of Housing Preservation and Development,Paint/Plaster,PVT,Yes,Apartment,Wall,Bulging/Hole/Cracked,Living Room,High
Department of Housing Preservation and Development,Paint/Plaster,PVT,Yes,Apartment,Wall,Bulging/Hole/Cracked,Kitchen,High
Department of Housing Preservation and Development,Paint/Plaster,PVT,Yes,Apartment,Wall,Bulging/Hole/Cracked,Entrance/Foyer,High
Department of Housing Preservation and Development,Paint/Plaster,PVT,Yes,Apartment,Wall,Bulging/Hole/Cracked,Entire Apartment,High
Department of Housing Preservation and Development,Paint/Plaster,PVT,Yes,Apartment,Wall,Chipped/Peeling/Flaking,Entire Apartment,Low
Department of Housing Preservation and Development,Paint/Plaster,PVT,Yes,Apartment,Wall,Chipped/Peeling/Flaking,Entrance/Foyer,Low
Department of Housing Preservation and Development,Paint/Plaster,PVT,Yes,Apartment,Wall,Chipped/Peeling/Flaking,Kitchen,Low
Department of Housing Preservation and Development,Paint/Plaster,PVT,Yes,Apartment,Wall,Chipped/Peeling/Flaking,Living Room,Low
Department of Housing Preservation and Development,Paint/Plaster,PVT,Yes,Apartment,Wall,Chipped/Peeling/Flaking,Bathroom,Low
Department of Housing Preservation and Development,Paint/Plaster,PVT,Yes,Apartment,Wall,Chipped/Peeling/Flaking,Bedroom,Low
Department of Housing Preservation and Development,Paint/Plaster,PVT,Yes,Apartment,Wall,Chipped/Peeling/Flaking,Private Hall,Low
Department of Housing Preservation and Development,Paint/Plaster,PVT,Yes,Apartment,Wall,Chipped/Peeling/Flaking,Other Room/Area,Low
Department of Housing Preservation and Development,Paint/Plaster,PVT,Yes,Apartment,Wall,Collapsing or Falling,Other Room/Area,High
Department of Housing Preservation and Development,Paint/Plaster,PVT,Yes,Apartment,Wall,Collapsing or Falling,Private Hall,High
Department of Housing Preservation and Development,Paint/Plaster,PVT,Yes,Apartment,Wall,Collapsing or Falling,Bedroom,High
Department of Housing Preservation and Development,Paint/Plaster,PVT,Yes,Apartment,Wall,Collapsing or Falling,Bathroom,High
Department of Housing Preservation and Development,Paint/Plaster,PVT,Yes,Apartment,Wall,Collapsing or Falling,Living Room,High
Department of Housing Preservation and Development,Paint/Plaster,PVT,Yes,Apartment,Wall,Collapsing or Falling,Kitchen,High
Department of Housing Preservation and Development,Paint/Plaster,PVT,Yes,Apartment,Wall,Collapsing or Falling,Entrance/Foyer,High
Department of Housing Preservation and Development,Paint/Plaster,PVT,Yes,Apartment,Wall,Collapsing or Falling,Entire Apartment,High
Department of Housing Preservation and Development,Paint/Plaster,PVT,Yes,Apartment,Wall,Dirty or Unsanitary,Entire Apartment,Low
Department of Housing Preservation and Development,Paint/Plaster,PVT,Yes,Apartment,Wall,Dirty or Unsanitary,Entrance/Foyer,Low
Department of Housing Preservation and Development,Paint/Plaster,PVT,Yes,Apartment,Wall,Dirty or Unsanitary,Kitchen,Low
Department of Housing Preservation and Development,Paint/Plaster,PVT,Yes,Apartment,Wall,Dirty or Unsanitary,Living Room,Low
Department of Housing Preservation and Development,Paint/Plaster,PVT,Yes,Apartment,Wall,Dirty or Unsanitary,Bathroom,Low
Department of Housing Preservation and Development,Paint/Plaster,PVT,Yes,Apartment,Wall,Dirty or Unsanitary,Bedroom,Low
Department of Housing Preservation and Development,Paint/Plaster,PVT,Yes,Apartment,Wall,Dirty or Unsanitary,Private Hall,Low
Department of Housing Preservation and Development,Paint/Plaster,PVT,Yes,Apartment,Wall,Dirty or Unsanitary,Other Room/Area,Low
Department of Housing Preservation and Development,Paint/Plaster,PVT,Yes,Apartment,Wall,Tile Broken or Missing,Other Room/Area,Medium
Department of Housing Preservation and Development,Paint/Plaster,PVT,Yes,Apartment,Wall,Tile Broken or Missing,Bathroom,Medium
Department of Housing Preservation and Development,Paint/Plaster,PVT,Yes,Apartment,Wall,Tile Broken or Missing,Kitchen,Medium
Department of Housing Preservation and Development,Paint/Plaster,PVT,Yes,Apartment,Window/Frame,Peeling or Flaking Paint,Kitchen,Low
Department of Housing Preservation and Development,Paint/Plaster,PVT,Yes,Apartment,Window/Frame,Peeling or Flaking Paint,Living Room,Low
Department of Housing Preservation and Development,Paint/Plaster,PVT,Yes,Apartment,Window/Frame,Peeling or Flaking Paint,Entrance/Foyer,Low
Department of Housing Preservation and Development,Paint/Plaster,PVT,Yes,Apartment,Window/Frame,Peeling or Flaking Paint,Entire Apartment,Low
Department of Housing Preservation and Development,Paint/Plaster,PVT,Yes,Apartment,Window/Frame,Peeling or Flaking Paint,Bathroom,Low
Department of Housing Preservation and Development,Paint/Plaster,PVT,Yes,Apartment,Window/Frame,Peeling or Flaking Paint,Bedroom,Low
Department of Housing Preservation and Development,Paint/Plaster,PVT,Yes,Apartment,Window/Frame,Peeling or Flaking Paint,Other Room/Area,
Department of Housing Preservation and Development,Paint/Plaster,PVT,Yes,Apartment,Window/Frame,Peeling or Flaking Paint,Private Hall,
Department of Housing Preservation and Development,Plumbing,PVT,Yes,Apartment,Basin/Sink,Basin Broken/Leaking,Other Room/Area,High
Department of Housing Preservation and Development,Plumbing,PVT,Yes,Apartment,Basin/Sink,Basin Broken/Leaking,Bathroom,High
Department of Housing Preservation and Development,Plumbing,PVT,Yes,Apartment,Basin/Sink,Basin Broken/Leaking,Kitchen,High
Department of Housing Preservation and Development,Plumbing,PVT,Yes,Apartment,Basin/Sink,Basin Chipped or Rusted,Kitchen,Medium
Department of Housing Preservation and Development,Plumbing,PVT,Yes,Apartment,Basin/Sink,Basin Chipped or Rusted,Bathroom,Medium
Department of Housing Preservation and Development,Plumbing,PVT,Yes,Apartment,Basin/Sink,Basin Chipped or Rusted,Other Room/Area,Medium
Department of Housing Preservation and Development,Plumbing,PVT,Yes,Apartment,Basin/Sink,Basin Missing,Other Room/Area,High
Department of Housing Preservation and Development,Plumbing,PVT,Yes,Apartment,Basin/Sink,Basin Missing,Bathroom,High
Department of Housing Preservation and Development,Plumbing,PVT,Yes,Apartment,Basin/Sink,Basin Missing,Kitchen,High
Department of Housing Preservation and Development,Plumbing,PVT,Yes,Apartment,Basin/Sink,Drain Pipe Blocked or Broken,Kitchen,Medium
Department of Housing Preservation and Development,Plumbing,PVT,Yes,Apartment,Basin/Sink,Drain Pipe Blocked or Broken,Bathroom,Medium
Department of Housing Preservation and Development,Plumbing,PVT,Yes,Apartment,Basin/Sink,Drain Pipe Blocked or Broken,Other Room/Area,Medium
Department of Housing Preservation and Development,Plumbing,PVT,Yes,Apartment,Basin/Sink,Faucet Broken/Missing/Leaking,Other Room/Area,High
Department of Housing Preservation and Development,Plumbing,PVT,Yes,Apartment,Basin/Sink,Faucet Broken/Missing/Leaking,Bathroom,High
Department of Housing Preservation and Development,Plumbing,PVT,Yes,Apartment,Basin/Sink,Faucet Broken/Missing/Leaking,Kitchen,High
Department of Housing Preservation and Development,Plumbing,PVT,Yes,Apartment,Basin/Sink,No Water,Kitchen,Medium
Department of Housing Preservation and Development,Plumbing,PVT,Yes,Apartment,Basin/Sink,No Water,Bathroom,Medium
Department of Housing Preservation and Development,Plumbing,PVT,Yes,Apartment,Basin/Sink,No Water,Other Room/Area,Medium
Department of Housing Preservation and Development,Plumbing,PVT,Yes,Apartment,Basin/Sink,Pipe Leaking,Other Room/Area,High
Department of Housing Preservation and Development,Plumbing,PVT,Yes,Apartment,Basin/Sink,Pipe Leaking,Bathroom,High
Department of Housing Preservation and Development,Plumbing,PVT,Yes,Apartment,Basin/Sink,Pipe Leaking,Kitchen,High
Department of Housing Preservation and Development,Plumbing,PVT,Yes,Apartment,Basin/Sink,Sink Detached from Wall,Kitchen,Medium
Department of Housing Preservation and Development,Plumbing,PVT,Yes,Apartment,Basin/Sink,Sink Detached from Wall,Bathroom,Medium
Department of Housing Preservation and Development,Plumbing,PVT,Yes,Apartment,Basin/Sink,Sink Detached from Wall,Other Room/Area,Medium
Department of Housing Preservation and Development,Plumbing,PVT,Yes,Apartment,Bathtub/Shower,Broken or Missing,Other Room/Area,High
Department of Housing Preservation and Development,Plumbing,PVT,Yes,Apartment,Bathtub/Shower,Broken or Missing,Bathroom,High
Department of Housing Preservation and Development,Plumbing,PVT,Yes,Apartment,Bathtub/Shower,Chipped or Rusted,Bathroom,High
Department of Housing Preservation and Development,Plumbing,PVT,Yes,Apartment,Bathtub/Shower,Chipped or Rusted,Other Room/Area,Medium
Department of Housing Preservation and Development,Plumbing,PVT,Yes,Apartment,Bathtub/Shower,Faucet Broken/Missing/Leaking,Other Room/Area,Medium
Department of Housing Preservation and Development,Plumbing,PVT,Yes,Apartment,Bathtub/Shower,Faucet Broken/Missing/Leaking,Bathroom,Medium
Department of Housing Preservation and Development,Plumbing,PVT,Yes,Apartment,Bathtub/Shower,Leaking into Other Apartment,Bathroom,High
Department of Housing Preservation and Development,Plumbing,PVT,Yes,Apartment,Bathtub/Shower,Leaking into Other Apartment,Other Room/Area,High
Department of Housing Preservation and Development,Plumbing,PVT,Yes,Apartment,Bathtub/Shower,No Water,Other Room/Area,High
Department of Housing Preservation and Development,Plumbing,PVT,Yes,Apartment,Bathtub/Shower,No Water,Bathroom,Medium
Department of Housing Preservation and Development,Plumbing,PVT,Yes,Apartment,Radiator,Air Valve Broken or Missing,Bedroom,Medium
Department of Housing Preservation and Development,Plumbing,PVT,Yes,Apartment,Radiator,Air Valve Broken or Missing,Bathroom,Medium
Department of Housing Preservation and Development,Plumbing,PVT,Yes,Apartment,Radiator,Air Valve Broken or Missing,Kitchen,Medium
Department of Housing Preservation and Development,Plumbing,PVT,Yes,Apartment,Radiator,Air Valve Broken or Missing,Living Room,Medium
Department of Housing Preservation and Development,Plumbing,PVT,Yes,Apartment,Radiator,Air Valve Broken or Missing,Entrance/Foyer,Medium
Department of Housing Preservation and Development,Plumbing,PVT,Yes,Apartment,Radiator,Air Valve Broken or Missing,Private Hall,Medium
Department of Housing Preservation and Development,Plumbing,PVT,Yes,Apartment,Radiator,Air Valve Broken or Missing,Other Room/Area,Medium
Department of Housing Preservation and Development,Plumbing,PVT,Yes,Apartment,Radiator,Broken or Missing,Other Room/Area,High
Department of Housing Preservation and Development,Plumbing,PVT,Yes,Apartment,Radiator,Broken or Missing,Private Hall,High
Department of Housing Preservation and Development,Plumbing,PVT,Yes,Apartment,Radiator,Broken or Missing,Entrance/Foyer,High
Department of Housing Preservation and Development,Plumbing,PVT,Yes,Apartment,Radiator,Broken or Missing,Living Room,High
Department of Housing Preservation and Development,Plumbing,PVT,Yes,Apartment,Radiator,Broken or Missing,Kitchen,High
Department of Housing Preservation and Development,Plumbing,PVT,Yes,Apartment,Radiator,Broken or Missing,Bathroom,High
Department of Housing Preservation and Development,Plumbing,PVT,Yes,Apartment,Radiator,Broken or Missing,Bedroom,High
Department of Housing Preservation and Development,Plumbing,PVT,Yes,Apartment,Radiator,Cracked or Leaking,Bathroom,High
Department of Housing Preservation and Development,Plumbing,PVT,Yes,Apartment,Radiator,Cracked or Leaking,Bedroom,High
Department of Housing Preservation and Development,Plumbing,PVT,Yes,Apartment,Radiator,Cracked or Leaking,Kitchen,High
Department of Housing Preservation and Development,Plumbing,PVT,Yes,Apartment,Radiator,Cracked or Leaking,Living Room,High
Department of Housing Preservation and Development,Plumbing,PVT,Yes,Apartment,Radiator,Cracked or Leaking,Entrance/Foyer,High
Department of Housing Preservation and Development,Plumbing,PVT,Yes,Apartment,Radiator,Cracked or Leaking,Private Hall,High
Department of Housing Preservation and Development,Plumbing,PVT,Yes,Apartment,Radiator,Cracked or Leaking,Other Room/Area,High
Department of Housing Preservation and Development,Plumbing,PVT,Yes,Apartment,Radiator,Loose or Disconnected,Other Room/Area,High
Department of Housing Preservation and Development,Plumbing,PVT,Yes,Apartment,Radiator,Loose or Disconnected,Private Hall,High
Department of Housing Preservation and Development,Plumbing,PVT,Yes,Apartment,Radiator,Loose or Disconnected,Entrance/Foyer,High
Department of Housing Preservation and Development,Plumbing,PVT,Yes,Apartment,Radiator,Loose or Disconnected,Living Room,High
Department of Housing Preservation and Development,Plumbing,PVT,Yes,Apartment,Radiator,Loose or Disconnected,Kitchen,High
Department of Housing Preservation and Development,Plumbing,PVT,Yes,Apartment,Radiator,Loose or Disconnected,Bedroom,High
Department of Housing Preservation and Development,Plumbing,PVT,Yes,Apartment,Radiator,Loose or Disconnected,Bathroom,High
Department of Housing Preservation and Development,Plumbing,PVT,Yes,Apartment,Radiator,Missing or Removed,Bathroom,Medium
Department of Housing Preservation and Development,Plumbing,PVT,Yes,Apartment,Radiator,Missing or Removed,Bedroom,Medium
Department of Housing Preservation and Development,Plumbing,PVT,Yes,Apartment,Radiator,Missing or Removed,Kitchen,Medium
Department of Housing Preservation and Development,Plumbing,PVT,Yes,Apartment,Radiator,Missing or Removed,Living Room,Medium
Department of Housing Preservation and Development,Plumbing,PVT,Yes,Apartment,Radiator,Missing or Removed,Entrance/Foyer,Medium
Department of Housing Preservation and Development,Plumbing,PVT,Yes,Apartment,Radiator,Missing or Removed,Entire Apartment,Medium
Department of Housing Preservation and Development,Plumbing,PVT,Yes,Apartment,Radiator,Missing or Removed,Private Hall,Medium
Department of Housing Preservation and Development,Plumbing,PVT,Yes,Apartment,Radiator,Missing or Removed,Other Room/Area,Medium
Department of Housing Preservation and Development,Plumbing,PVT,Yes,Apartment,Radiator,Shut Off Valve Broken,Other Room/Area,High
Department of Housing Preservation and Development,Plumbing,PVT,Yes,Apartment,Radiator,Shut Off Valve Broken,Private Hall,High
Department of Housing Preservation and Development,Plumbing,PVT,Yes,Apartment,Radiator,Shut Off Valve Broken,Entrance/Foyer,High
Department of Housing Preservation and Development,Plumbing,PVT,Yes,Apartment,Radiator,Shut Off Valve Broken,Living Room,High
Department of Housing Preservation and Development,Plumbing,PVT,Yes,Apartment,Radiator,Shut Off Valve Broken,Kitchen,High
Department of Housing Preservation and Development,Plumbing,PVT,Yes,Apartment,Radiator,Shut Off Valve Broken,Bedroom,High
Department of Housing Preservation and Development,Plumbing,PVT,Yes,Apartment,Radiator,Shut Off Valve Broken,Bathroom,High
Department of Housing Preservation and Development,Plumbing,PVT,Yes,Apartment,Steam Pipe/Riser,Cracked or Broken,Bathroom,High
Department of Housing Preservation and Development,Plumbing,PVT,Yes,Apartment,Steam Pipe/Riser,Cracked or Broken,Bedroom,High
Department of Housing Preservation and Development,Plumbing,PVT,Yes,Apartment,Steam Pipe/Riser,Cracked or Broken,Kitchen,High
Department of Housing Preservation and Development,Plumbing,PVT,Yes,Apartment,Steam Pipe/Riser,Cracked or Broken,Living Room,High
Department of Housing Preservation and Development,Plumbing,PVT,Yes,Apartment,Steam Pipe/Riser,Cracked or Broken,Entrance/Foyer,High
Department of Housing Preservation and Development,Plumbing,PVT,Yes,Apartment,Steam Pipe/Riser,Cracked or Broken,Private Hall,High
Department of Housing Preservation and Development,Plumbing,PVT,Yes,Apartment,Steam Pipe/Riser,Cracked or Broken,Other Room/Area,High
Department of Housing Preservation and Development,Plumbing,PVT,Yes,Apartment,Steam Pipe/Riser,Leaking,Other Room/Area,High
Department of Housing Preservation and Development,Plumbing,PVT,Yes,Apartment,Steam Pipe/Riser,Leaking,Private Hall,High
Department of Housing Preservation and Development,Plumbing,PVT,Yes,Apartment,Steam Pipe/Riser,Leaking,Entrance/Foyer,High
Department of Housing Preservation and Development,Plumbing,PVT,Yes,Apartment,Steam Pipe/Riser,Leaking,Entire Apartment,High
Department of Housing Preservation and Development,Plumbing,PVT,Yes,Apartment,Steam Pipe/Riser,Leaking,Living Room,High
Department of Housing Preservation and Development,Plumbing,PVT,Yes,Apartment,Steam Pipe/Riser,Leaking,Kitchen,High
Department of Housing Preservation and Development,Plumbing,PVT,Yes,Apartment,Steam Pipe/Riser,Leaking,Bedroom,High
Department of Housing Preservation and Development,Plumbing,PVT,Yes,Apartment,Steam Pipe/Riser,Leaking,Bathroom,High
Department of Housing Preservation and Development,Plumbing,PVT,Yes,Apartment,Toilet,Bowl Cracked or Leaking,Bathroom,High
Department of Housing Preservation and Development,Plumbing,PVT,Yes,Apartment,Toilet,Bowl Cracked or Leaking,Other Room/Area,High
Department of Housing Preservation and Development,Plumbing,PVT,Yes,Apartment,Toilet,Bowl Loose or Wobbly,Other Room/Area,Medium
Department of Housing Preservation and Development,Plumbing,PVT,Yes,Apartment,Toilet,Bowl Loose or Wobbly,Bathroom,Medium
Department of Housing Preservation and Development,Plumbing,PVT,Yes,Apartment,Toilet,Bowl Removed or Missing,Bathroom,Medium
Department of Housing Preservation and Development,Plumbing,PVT,Yes,Apartment,Toilet,Bowl Removed or Missing,Other Room/Area,Medium
Department of Housing Preservation and Development,Plumbing,PVT,Yes,Apartment,Toilet,Bowl Stopped Up,Other Room/Area,High
Department of Housing Preservation and Development,Plumbing,PVT,Yes,Apartment,Toilet,Bowl Stopped Up,Bathroom,High
Department of Housing Preservation and Development,Plumbing,PVT,Yes,Apartment,Toilet,Continuously Runs,Bathroom,Medium
Department of Housing Preservation and Development,Plumbing,PVT,Yes,Apartment,Toilet,Continuously Runs,Other Room/Area,Medium
Department of Housing Preservation and Development,Plumbing,PVT,Yes,Apartment,Toilet,Disconnected,Other Room/Area,Medium
Department of Housing Preservation and Development,Plumbing,PVT,Yes,Apartment,Toilet,Disconnected,Bathroom,Medium
Department of Housing Preservation and Development,Plumbing,PVT,Yes,Apartment,Toilet,Flush Handle Broken or Missing,Bathroom,High
Department of Housing Preservation and Development,Plumbing,PVT,Yes,Apartment,Toilet,Flush Handle Broken or Missing,Other Room/Area,High
Department of Housing Preservation and Development,Plumbing,PVT,Yes,Apartment,Toilet,No Water,Other Room/Area,High
Department of Housing Preservation and Development,Plumbing,PVT,Yes,Apartment,Toilet,No Water,Bathroom,Medium
Department of Housing Preservation and Development,Plumbing,PVT,Yes,Apartment,Toilet,Tank Cracked or Leaking,Bathroom,Medium
Department of Housing Preservation and Development,Plumbing,PVT,Yes,Apartment,Toilet,Tank Cracked or Leaking,Other Room/Area,High
Department of Housing Preservation and Development,Plumbing,PVT,Yes,Apartment,Water Supply,Low Water Pressure,Other Room/Area,Medium
Department of Housing Preservation and Development,Plumbing,PVT,Yes,Apartment,Water Supply,Low Water Pressure,Bathroom,Medium
Department of Housing Preservation and Development,Plumbing,PVT,Yes,Apartment,Water Supply,Low Water Pressure,Kitchen,Medium
Department of Housing Preservation and Development,Plumbing,PVT,Yes,Apartment,Water Supply,No Cold Water,Kitchen,High
Department of Housing Preservation and Development,Plumbing,PVT,Yes,Apartment,Water Supply,No Cold Water,Bathroom,High
Department of Housing Preservation and Development,Plumbing,PVT,Yes,Apartment,Water Supply,No Hot Water,Bathroom,High
Department of Housing Preservation and Development,Plumbing,PVT,Yes,Apartment,Water Supply,No Hot Water,Kitchen,High
Department of Housing Preservation and Development,Plumbing,PVT,Yes,Apartment,Water Supply,No Hot Water,Entire Apartment,High
Department of Housing Preservation and Development,Plumbing,PVT,Yes,Apartment,Water Supply,No Hot Water,Entire Building,High
Department of Housing Preservation and Development,Plumbing,PVT,Yes,Apartment,Water Supply,No Water,Entire Building,High
Department of Housing Preservation and Development,Plumbing,PVT,Yes,Apartment,Water Supply,No Water,Entire Apartment,High
Department of Housing Preservation and Development,Plumbing,PVT,Yes,Apartment,Water Supply,No Water,Kitchen,High
Department of Housing Preservation and Development,Plumbing,PVT,Yes,Apartment,Water Supply,No Water,Bathroom,High
Department of Housing Preservation and Development,Plumbing,PVT,Yes,Apartment,Water Supply,Scalding Hot Water,Bathroom,High
Department of Housing Preservation and Development,Plumbing,PVT,Yes,Apartment,Water Supply,Scalding Hot Water,Kitchen,High
Department of Housing Preservation and Development,Plumbing,Sec 8,Yes,Building-Wide,Water Supply,No Hot Water,Building-Wide,High
Department of Housing Preservation and Development,Plumbing,Sec 8,Yes,Building-Wide,Water Supply,No Water,Building-Wide,High
Department of Housing Preservation and Development,Plumbing,PVT,Yes,Building-Wide,Water Supply,No Hot Water,Building-Wide,High
Department of Housing Preservation and Development,Plumbing,PVT,Yes,Building-Wide,Water Supply,No Water,Building-Wide,High
Department of Housing Preservation and Development,Plumbing,DPM,Yes,Building-Wide,Water Supply,No Hot Water,Building-Wide,High
Department of Housing Preservation and Development,Plumbing,DPM,Yes,Building-Wide,Water Supply,No Water,Building-Wide,High
Department of Housing Preservation and Development,Plumbing,DAMP,Yes,Building-Wide,Water Supply,No Hot Water,Building-Wide,High
Department of Housing Preservation and Development,Plumbing,DAMP,Yes,Building-Wide,Water Supply,No Water,Building-Wide,High
Department of Housing Preservation and Development,Plumbing,Sec 8,Yes,Public Area,Basin/Sink,Basin Broken/Leaking,Bathroom,High
Department of Housing Preservation and Development,Plumbing,Sec 8,Yes,Public Area,Basin/Sink,Basin Broken/Leaking,Kitchen,High
Department of Housing Preservation and Development,Plumbing,Sec 8,Yes,Public Area,Basin/Sink,Basin Chipped or Rusted,Kitchen,High
Department of Housing Preservation and Development,Plumbing,Sec 8,Yes,Public Area,Basin/Sink,Basin Chipped or Rusted,Bathroom,High
Department of Housing Preservation and Development,Plumbing,Sec 8,Yes,Public Area,Basin/Sink,Basin Chipped or Rusted,Other Room/Area,High
Department of Housing Preservation and Development,Plumbing,Sec 8,Yes,Public Area,Basin/Sink,Basin Missing,Other Room/Area,High
Department of Housing Preservation and Development,Plumbing,Sec 8,Yes,Public Area,Basin/Sink,Basin Missing,Bathroom,High
Department of Housing Preservation and Development,Plumbing,Sec 8,Yes,Public Area,Basin/Sink,Basin Missing,Kitchen,High
Department of Housing Preservation and Development,Plumbing,Sec 8,Yes,Public Area,Basin/Sink,Drain Pipe Blocked or Broken,Kitchen,High
Department of Housing Preservation and Development,Plumbing,Sec 8,Yes,Public Area,Basin/Sink,Drain Pipe Blocked or Broken,Bathroom,High
Department of Housing Preservation and Development,Plumbing,Sec 8,Yes,Public Area,Basin/Sink,Drain Pipe Blocked or Broken,Other Room/Area,High
Department of Housing Preservation and Development,Plumbing,Sec 8,Yes,Public Area,Basin/Sink,Faucet Broken/Missing/Leaking,Other Room/Area,High
Department of Housing Preservation and Development,Plumbing,Sec 8,Yes,Public Area,Basin/Sink,Faucet Broken/Missing/Leaking,Bathroom,High
Department of Housing Preservation and Development,Plumbing,Sec 8,Yes,Public Area,Basin/Sink,Faucet Broken/Missing/Leaking,Kitchen,High
Department of Housing Preservation and Development,Plumbing,Sec 8,Yes,Public Area,Basin/Sink,No Water,Kitchen,High
Department of Housing Preservation and Development,Plumbing,Sec 8,Yes,Public Area,Basin/Sink,No Water,Bathroom,High
Department of Housing Preservation and Development,Plumbing,Sec 8,Yes,Public Area,Basin/Sink,No Water,Other Room/Area,High
Department of Housing Preservation and Development,Plumbing,Sec 8,Yes,Public Area,Basin/Sink,Pipe Leaking,Other Room/Area,Medium
Department of Housing Preservation and Development,Plumbing,Sec 8,Yes,Public Area,Basin/Sink,Pipe Leaking,Bathroom,Medium
Department of Housing Preservation and Development,Plumbing,Sec 8,Yes,Public Area,Basin/Sink,Pipe Leaking,Kitchen,Medium
Department of Housing Preservation and Development,Plumbing,Sec 8,Yes,Public Area,Basin/Sink,Sink Detached from Wall,Kitchen,High
Department of Housing Preservation and Development,Plumbing,Sec 8,Yes,Public Area,Basin/Sink,Sink Detached from Wall,Bathroom,High
Department of Housing Preservation and Development,Plumbing,Sec 8,Yes,Public Area,Basin/Sink,Sink Detached from Wall,Other Room/Area,High
Department of Housing Preservation and Development,Plumbing,Sec 8,Yes,Public Area,Bathtub/Shower,Broken or Missing,Other Room/Area,High
Department of Housing Preservation and Development,Plumbing,Sec 8,Yes,Public Area,Bathtub/Shower,Broken or Missing,Bathroom,High
Department of Housing Preservation and Development,Plumbing,Sec 8,Yes,Public Area,Bathtub/Shower,Chipped or Rusted,Bathroom,High
Department of Housing Preservation and Development,Plumbing,Sec 8,Yes,Public Area,Bathtub/Shower,Faucet Broken/Missing/Leaking,Bathroom,Medium
Department of Housing Preservation and Development,Plumbing,Sec 8,Yes,Public Area,Bathtub/Shower,Faucet Broken/Missing/Leaking,Other Room/Area,Medium
Department of Housing Preservation and Development,Plumbing,Sec 8,Yes,Public Area,Bathtub/Shower,Leaking into Other Apartment,Other Room/Area,High
Department of Housing Preservation and Development,Plumbing,Sec 8,Yes,Public Area,Bathtub/Shower,Leaking into Other Apartment,Bathroom,High
Department of Housing Preservation and Development,Plumbing,Sec 8,Yes,Public Area,Bathtub/Shower,No Water,Bathroom,High
Department of Housing Preservation and Development,Plumbing,Sec 8,Yes,Public Area,Bathtub/Shower,No Water,Other Room/Area,High
Department of Housing Preservation and Development,Plumbing,Sec 8,Yes,Public Area,Boiler,Broken,Boiler Room,High
Department of Housing Preservation and Development,Plumbing,Sec 8,Yes,Public Area,Radiator,Air Valve Broken or Missing,Cellar,High
Department of Housing Preservation and Development,Plumbing,Sec 8,Yes,Public Area,Radiator,Air Valve Broken or Missing,Bathroom,High
Department of Housing Preservation and Development,Plumbing,Sec 8,Yes,Public Area,Radiator,Air Valve Broken or Missing,Basement,High
Department of Housing Preservation and Development,Plumbing,Sec 8,Yes,Public Area,Radiator,Air Valve Broken or Missing,Kitchen,High
Department of Housing Preservation and Development,Plumbing,Sec 8,Yes,Public Area,Radiator,Air Valve Broken or Missing,Lobby,High
Department of Housing Preservation and Development,Plumbing,Sec 8,Yes,Public Area,Radiator,Air Valve Broken or Missing,Hallway,High
Department of Housing Preservation and Development,Plumbing,Sec 8,Yes,Public Area,Radiator,Air Valve Broken or Missing,Other Room/Area,High
Department of Housing Preservation and Development,Plumbing,Sec 8,Yes,Public Area,Radiator,Air Valve Broken or Missing,Stairs,High
Department of Housing Preservation and Development,Plumbing,Sec 8,Yes,Public Area,Radiator,Air Valve Broken or Missing,Storage Room,High
Department of Housing Preservation and Development,Plumbing,Sec 8,Yes,Public Area,Radiator,Broken or Missing,Storage Room,High
Department of Housing Preservation and Development,Plumbing,Sec 8,Yes,Public Area,Radiator,Broken or Missing,Stairs,High
Department of Housing Preservation and Development,Plumbing,Sec 8,Yes,Public Area,Radiator,Broken or Missing,Other Room/Area,High
Department of Housing Preservation and Development,Plumbing,Sec 8,Yes,Public Area,Radiator,Broken or Missing,Hallway,High
Department of Housing Preservation and Development,Plumbing,Sec 8,Yes,Public Area,Radiator,Broken or Missing,Lobby,High
Department of Housing Preservation and Development,Plumbing,Sec 8,Yes,Public Area,Radiator,Broken or Missing,Kitchen,High
Department of Housing Preservation and Development,Plumbing,Sec 8,Yes,Public Area,Radiator,Broken or Missing,Basement,High
Department of Housing Preservation and Development,Plumbing,Sec 8,Yes,Public Area,Radiator,Broken or Missing,Bathroom,High
Department of Housing Preservation and Development,Plumbing,Sec 8,Yes,Public Area,Radiator,Broken or Missing,Cellar,High
Department of Housing Preservation and Development,Plumbing,Sec 8,Yes,Public Area,Radiator,Cracked or Leaking,Cellar,High
Department of Housing Preservation and Development,Plumbing,Sec 8,Yes,Public Area,Radiator,Cracked or Leaking,Bathroom,High
Department of Housing Preservation and Development,Plumbing,Sec 8,Yes,Public Area,Radiator,Cracked or Leaking,Basement,High
Department of Housing Preservation and Development,Plumbing,Sec 8,Yes,Public Area,Radiator,Cracked or Leaking,Kitchen,High
Department of Housing Preservation and Development,Plumbing,Sec 8,Yes,Public Area,Radiator,Cracked or Leaking,Lobby,High
Department of Housing Preservation and Development,Plumbing,Sec 8,Yes,Public Area,Radiator,Cracked or Leaking,Hallway,High
Department of Housing Preservation and Development,Plumbing,Sec 8,Yes,Public Area,Radiator,Cracked or Leaking,Other Room/Area,High
Department of Housing Preservation and Development,Plumbing,Sec 8,Yes,Public Area,Radiator,Cracked or Leaking,Stairs,High
Department of Housing Preservation and Development,Plumbing,Sec 8,Yes,Public Area,Radiator,Cracked or Leaking,Storage Room,High
Department of Housing Preservation and Development,Plumbing,Sec 8,Yes,Public Area,Radiator,Loose or Disconnected,Storage Room,High
Department of Housing Preservation and Development,Plumbing,Sec 8,Yes,Public Area,Radiator,Loose or Disconnected,Stairs,High
Department of Housing Preservation and Development,Plumbing,Sec 8,Yes,Public Area,Radiator,Loose or Disconnected,Other Room/Area,High
Department of Housing Preservation and Development,Plumbing,Sec 8,Yes,Public Area,Radiator,Loose or Disconnected,Hallway,High
Department of Housing Preservation and Development,Plumbing,Sec 8,Yes,Public Area,Radiator,Loose or Disconnected,Lobby,High
Department of Housing Preservation and Development,Plumbing,Sec 8,Yes,Public Area,Radiator,Loose or Disconnected,Kitchen,High
Department of Housing Preservation and Development,Plumbing,Sec 8,Yes,Public Area,Radiator,Loose or Disconnected,Basement,High
Department of Housing Preservation and Development,Plumbing,Sec 8,Yes,Public Area,Radiator,Loose or Disconnected,Bathroom,High
Department of Housing Preservation and Development,Plumbing,Sec 8,Yes,Public Area,Radiator,Loose or Disconnected,Cellar,High
Department of Housing Preservation and Development,Plumbing,Sec 8,Yes,Public Area,Radiator,Shut Off Valve Broken,Cellar,High
Department of Housing Preservation and Development,Plumbing,Sec 8,Yes,Public Area,Radiator,Shut Off Valve Broken,Bathroom,High
Department of Housing Preservation and Development,Plumbing,Sec 8,Yes,Public Area,Radiator,Shut Off Valve Broken,Basement,High
Department of Housing Preservation and Development,Plumbing,Sec 8,Yes,Public Area,Radiator,Shut Off Valve Broken,Kitchen,High
Department of Housing Preservation and Development,Plumbing,Sec 8,Yes,Public Area,Radiator,Shut Off Valve Broken,Laundry Room,High
Department of Housing Preservation and Development,Plumbing,Sec 8,Yes,Public Area,Radiator,Shut Off Valve Broken,Lobby,High
Department of Housing Preservation and Development,Plumbing,Sec 8,Yes,Public Area,Radiator,Shut Off Valve Broken,Hallway,High
Department of Housing Preservation and Development,Plumbing,Sec 8,Yes,Public Area,Radiator,Shut Off Valve Broken,Other Room/Area,High
Department of Housing Preservation and Development,Plumbing,Sec 8,Yes,Public Area,Radiator,Shut Off Valve Broken,Stairs,High
Department of Housing Preservation and Development,Plumbing,Sec 8,Yes,Public Area,Radiator,Shut Off Valve Broken,Storage Room,High
Department of Housing Preservation and Development,Plumbing,Sec 8,Yes,Public Area,Sewer,Broken or Blocked Drain,Laundry Room,High
Department of Housing Preservation and Development,Plumbing,Sec 8,Yes,Public Area,Sewer,Broken or Blocked Pipe,Laundry Room,High
Department of Housing Preservation and Development,Plumbing,Sec 8,Yes,Public Area,Sewer,Broken or Blocked Pipe,Lobby,High
Department of Housing Preservation and Development,Plumbing,Sec 8,Yes,Public Area,Sewer,Broken or Blocked Pipe,Fire Exit/Passageway,High
Department of Housing Preservation and Development,Plumbing,Sec 8,Yes,Public Area,Sewer,Broken or Blocked Pipe,Basement,High
Department of Housing Preservation and Development,Plumbing,Sec 8,Yes,Public Area,Sewer,Broken or Blocked Pipe,Cellar,High
Department of Housing Preservation and Development,Plumbing,Sec 8,Yes,Public Area,Sewer,Broken or Blocked Pipe,Courtyard,High
Department of Housing Preservation and Development,Plumbing,Sec 8,Yes,Public Area,Sewer,Broken or Blocked Pipe,Boiler Room,High
Department of Housing Preservation and Development,Plumbing,Sec 8,Yes,Public Area,Sewer,Broken or Blocked Pipe,Building Entrance,High
Department of Housing Preservation and Development,Plumbing,Sec 8,Yes,Public Area,Sewer,Broken or Blocked Pipe,Storage Room,High
Department of Housing Preservation and Development,Plumbing,Sec 8,Yes,Public Area,Sewer,Broken or Blocked Pipe,Yard,High
Department of Housing Preservation and Development,Plumbing,Sec 8,Yes,Public Area,Sewer,Broken or Blocked Pipe,Other Room/Area,High
Department of Housing Preservation and Development,Plumbing,Sec 8,Yes,Public Area,Sewer,Broken or Blocked Pipe,Meter Room,High
Department of Housing Preservation and Development,Plumbing,Sec 8,Yes,Public Area,Steam Pipe/Riser,Cracked or Broken,Other Room/Area,High
Department of Housing Preservation and Development,Plumbing,Sec 8,Yes,Public Area,Steam Pipe/Riser,Cracked or Broken,Stairs,High
Department of Housing Preservation and Development,Plumbing,Sec 8,Yes,Public Area,Steam Pipe/Riser,Cracked or Broken,Storage Room,High
Department of Housing Preservation and Development,Plumbing,Sec 8,Yes,Public Area,Steam Pipe/Riser,Cracked or Broken,Cellar,High
Department of Housing Preservation and Development,Plumbing,Sec 8,Yes,Public Area,Steam Pipe/Riser,Cracked or Broken,Basement,High
Department of Housing Preservation and Development,Plumbing,Sec 8,Yes,Public Area,Steam Pipe/Riser,Cracked or Broken,Bathroom,High
Department of Housing Preservation and Development,Plumbing,Sec 8,Yes,Public Area,Steam Pipe/Riser,Cracked or Broken,Hallway,High
Department of Housing Preservation and Development,Plumbing,Sec 8,Yes,Public Area,Steam Pipe/Riser,Cracked or Broken,Lobby,High
Department of Housing Preservation and Development,Plumbing,Sec 8,Yes,Public Area,Steam Pipe/Riser,Cracked or Broken,Laundry Room,High
Department of Housing Preservation and Development,Plumbing,Sec 8,Yes,Public Area,Steam Pipe/Riser,Cracked or Broken,Kitchen,High
Department of Housing Preservation and Development,Plumbing,Sec 8,Yes,Public Area,Steam Pipe/Riser,Leaking,Kitchen,High
Department of Housing Preservation and Development,Plumbing,Sec 8,Yes,Public Area,Steam Pipe/Riser,Leaking,Laundry Room,High
Department of Housing Preservation and Development,Plumbing,Sec 8,Yes,Public Area,Steam Pipe/Riser,Leaking,Lobby,High
Department of Housing Preservation and Development,Plumbing,Sec 8,Yes,Public Area,Steam Pipe/Riser,Leaking,Hallway,High
Department of Housing Preservation and Development,Plumbing,Sec 8,Yes,Public Area,Steam Pipe/Riser,Leaking,Bathroom,High
Department of Housing Preservation and Development,Plumbing,Sec 8,Yes,Public Area,Steam Pipe/Riser,Leaking,Basement,High
Department of Housing Preservation and Development,Plumbing,Sec 8,Yes,Public Area,Steam Pipe/Riser,Leaking,Cellar,High
Department of Housing Preservation and Development,Plumbing,Sec 8,Yes,Public Area,Steam Pipe/Riser,Leaking,Compactor Closet,High
Department of Housing Preservation and Development,Plumbing,Sec 8,Yes,Public Area,Steam Pipe/Riser,Leaking,Boiler Room,High
Department of Housing Preservation and Development,Plumbing,Sec 8,Yes,Public Area,Steam Pipe/Riser,Leaking,Storage Room,High
Department of Housing Preservation and Development,Plumbing,Sec 8,Yes,Public Area,Steam Pipe/Riser,Leaking,Stairs,High
Department of Housing Preservation and Development,Plumbing,Sec 8,Yes,Public Area,Steam Pipe/Riser,Leaking,Other Room/Area,High
Department of Housing Preservation and Development,Plumbing,Sec 8,Yes,Public Area,Steam Pipe/Riser,Leaking,Meter Room,High
Department of Housing Preservation and Development,Plumbing,Sec 8,Yes,Public Area,Toilet,Bowl Cracked or Leaking,Bathroom,Medium
Department of Housing Preservation and Development,Plumbing,Sec 8,Yes,Public Area,Toilet,Bowl Loose or Wobbly,Bathroom,Medium
Department of Housing Preservation and Development,Plumbing,Sec 8,Yes,Public Area,Toilet,Bowl Removed or Missing,Bathroom,Medium
Department of Housing Preservation and Development,Plumbing,Sec 8,Yes,Public Area,Toilet,Bowl Stopped Up,Bathroom,Medium
Department of Housing Preservation and Development,Plumbing,Sec 8,Yes,Public Area,Toilet,Continuously Runs,Bathroom,Medium
Department of Housing Preservation and Development,Plumbing,Sec 8,Yes,Public Area,Toilet,Disconnected,Bathroom,Medium
Department of Housing Preservation and Development,Plumbing,Sec 8,Yes,Public Area,Toilet,Flush Handle Broken or Missing,Bathroom,Medium
Department of Housing Preservation and Development,Plumbing,Sec 8,Yes,Public Area,Toilet,No Water,Bathroom,Medium
Department of Housing Preservation and Development,Plumbing,Sec 8,Yes,Public Area,Toilet,Tank Cracked or Leaking,Bathroom,Medium
Department of Housing Preservation and Development,Plumbing,Sec 8,Yes,Public Area,Water Supply,Low Water Pressure,Bathroom,Medium
Department of Housing Preservation and Development,Plumbing,Sec 8,Yes,Public Area,Water Supply,Low Water Pressure,Kitchen,Medium
Department of Housing Preservation and Development,Plumbing,Sec 8,Yes,Public Area,Water Supply,No Cold Water,Kitchen,Medium
Department of Housing Preservation and Development,Plumbing,Sec 8,Yes,Public Area,Water Supply,No Cold Water,Bathroom,Medium
Department of Housing Preservation and Development,Plumbing,Sec 8,Yes,Public Area,Water Supply,No Hot Water,Bathroom,Medium
Department of Housing Preservation and Development,Plumbing,Sec 8,Yes,Public Area,Water Supply,No Hot Water,Kitchen,Medium
Department of Housing Preservation and Development,Plumbing,Sec 8,Yes,Public Area,Water Supply,No Water,Kitchen,Medium
Department of Housing Preservation and Development,Plumbing,Sec 8,Yes,Public Area,Water Supply,No Water,Bathroom,Medium
Department of Housing Preservation and Development,Plumbing,Sec 8,Yes,Public Area,Water Supply,Scalding Hot Water,Bathroom,Medium
Department of Housing Preservation and Development,Plumbing,Sec 8,Yes,Public Area,Water Supply,Scalding Hot Water,Kitchen,High
Department of Housing Preservation and Development,Plumbing,PVT,Yes,Public Area,Basin/Sink,Basin Broken/Leaking,Bathroom,High
Department of Housing Preservation and Development,Plumbing,PVT,Yes,Public Area,Basin/Sink,Basin Broken/Leaking,Kitchen,Medium
Department of Housing Preservation and Development,Plumbing,PVT,Yes,Public Area,Basin/Sink,Basin Chipped or Rusted,Kitchen,Medium
Department of Housing Preservation and Development,Plumbing,PVT,Yes,Public Area,Basin/Sink,Basin Chipped or Rusted,Bathroom,Medium
Department of Housing Preservation and Development,Plumbing,PVT,Yes,Public Area,Basin/Sink,Basin Chipped or Rusted,Other Room/Area,Medium
Department of Housing Preservation and Development,Plumbing,PVT,Yes,Public Area,Basin/Sink,Basin Missing,Other Room/Area,Medium
Department of Housing Preservation and Development,Plumbing,PVT,Yes,Public Area,Basin/Sink,Basin Missing,Bathroom,Medium
Department of Housing Preservation and Development,Plumbing,PVT,Yes,Public Area,Basin/Sink,Basin Missing,Kitchen,Medium
Department of Housing Preservation and Development,Plumbing,PVT,Yes,Public Area,Basin/Sink,Drain Pipe Blocked or Broken,Kitchen,Medium
Department of Housing Preservation and Development,Plumbing,PVT,Yes,Public Area,Basin/Sink,Drain Pipe Blocked or Broken,Bathroom,Medium
Department of Housing Preservation and Development,Plumbing,PVT,Yes,Public Area,Basin/Sink,Drain Pipe Blocked or Broken,Other Room/Area,Medium
Department of Housing Preservation and Development,Plumbing,PVT,Yes,Public Area,Basin/Sink,Faucet Broken/Missing/Leaking,Other Room/Area,Medium
Department of Housing Preservation and Development,Plumbing,PVT,Yes,Public Area,Basin/Sink,Faucet Broken/Missing/Leaking,Bathroom,Medium
Department of Housing Preservation and Development,Plumbing,PVT,Yes,Public Area,Basin/Sink,Faucet Broken/Missing/Leaking,Kitchen,Medium
Department of Housing Preservation and Development,Plumbing,PVT,Yes,Public Area,Basin/Sink,No Water,Kitchen,High
Department of Housing Preservation and Development,Plumbing,PVT,Yes,Public Area,Basin/Sink,No Water,Bathroom,High
Department of Housing Preservation and Development,Plumbing,PVT,Yes,Public Area,Basin/Sink,No Water,Other Room/Area,High
Department of Housing Preservation and Development,Plumbing,PVT,Yes,Public Area,Basin/Sink,Pipe Leaking,Other Room/Area,High
Department of Housing Preservation and Development,Plumbing,PVT,Yes,Public Area,Basin/Sink,Pipe Leaking,Bathroom,High
Department of Housing Preservation and Development,Plumbing,PVT,Yes,Public Area,Basin/Sink,Pipe Leaking,Kitchen,High
Department of Housing Preservation and Development,Plumbing,PVT,Yes,Public Area,Basin/Sink,Sink Detached from Wall,Kitchen,High
Department of Housing Preservation and Development,Plumbing,PVT,Yes,Public Area,Basin/Sink,Sink Detached from Wall,Bathroom,High
Department of Housing Preservation and Development,Plumbing,PVT,Yes,Public Area,Basin/Sink,Sink Detached from Wall,Other Room/Area,High
Department of Housing Preservation and Development,Plumbing,PVT,Yes,Public Area,Bathtub/Shower,Broken or Missing,Other Room/Area,High
Department of Housing Preservation and Development,Plumbing,PVT,Yes,Public Area,Bathtub/Shower,Broken or Missing,Bathroom,High
Department of Housing Preservation and Development,Plumbing,PVT,Yes,Public Area,Bathtub/Shower,Chipped or Rusted,Bathroom,High
Department of Housing Preservation and Development,Plumbing,PVT,Yes,Public Area,Bathtub/Shower,Faucet Broken/Missing/Leaking,Bathroom,High
Department of Housing Preservation and Development,Plumbing,PVT,Yes,Public Area,Bathtub/Shower,Faucet Broken/Missing/Leaking,Other Room/Area,High
Department of Housing Preservation and Development,Plumbing,PVT,Yes,Public Area,Bathtub/Shower,Leaking into Other Apartment,Other Room/Area,High
Department of Housing Preservation and Development,Plumbing,PVT,Yes,Public Area,Bathtub/Shower,Leaking into Other Apartment,Bathroom,High
Department of Housing Preservation and Development,Plumbing,PVT,Yes,Public Area,Bathtub/Shower,No Water,Bathroom,High
Department of Housing Preservation and Development,Plumbing,PVT,Yes,Public Area,Bathtub/Shower,No Water,Other Room/Area,High
Department of Housing Preservation and Development,Plumbing,PVT,Yes,Public Area,Boiler,Broken,Boiler Room,High
Department of Housing Preservation and Development,Plumbing,PVT,Yes,Public Area,Radiator,Air Valve Broken or Missing,Cellar,High
Department of Housing Preservation and Development,Plumbing,PVT,Yes,Public Area,Radiator,Air Valve Broken or Missing,Bathroom,High
Department of Housing Preservation and Development,Plumbing,PVT,Yes,Public Area,Radiator,Air Valve Broken or Missing,Basement,High
Department of Housing Preservation and Development,Plumbing,PVT,Yes,Public Area,Radiator,Air Valve Broken or Missing,Kitchen,High
Department of Housing Preservation and Development,Plumbing,PVT,Yes,Public Area,Radiator,Air Valve Broken or Missing,Lobby,High
Department of Housing Preservation and Development,Plumbing,PVT,Yes,Public Area,Radiator,Air Valve Broken or Missing,Hallway,High
Department of Housing Preservation and Development,Plumbing,PVT,Yes,Public Area,Radiator,Air Valve Broken or Missing,Stairs,High
Department of Housing Preservation and Development,Plumbing,PVT,Yes,Public Area,Radiator,Air Valve Broken or Missing,Other Room/Area,High
Department of Housing Preservation and Development,Plumbing,PVT,Yes,Public Area,Radiator,Air Valve Broken or Missing,Storage Room,High
Department of Housing Preservation and Development,Plumbing,PVT,Yes,Public Area,Radiator,Broken or Missing,Storage Room,High
Department of Housing Preservation and Development,Plumbing,PVT,Yes,Public Area,Radiator,Broken or Missing,Other Room/Area,High
Department of Housing Preservation and Development,Plumbing,PVT,Yes,Public Area,Radiator,Broken or Missing,Stairs,High
Department of Housing Preservation and Development,Plumbing,PVT,Yes,Public Area,Radiator,Broken or Missing,Hallway,High
Department of Housing Preservation and Development,Plumbing,PVT,Yes,Public Area,Radiator,Broken or Missing,Lobby,High
Department of Housing Preservation and Development,Plumbing,PVT,Yes,Public Area,Radiator,Broken or Missing,Kitchen,High
Department of Housing Preservation and Development,Plumbing,PVT,Yes,Public Area,Radiator,Broken or Missing,Basement,High
Department of Housing Preservation and Development,Plumbing,PVT,Yes,Public Area,Radiator,Broken or Missing,Bathroom,High
Department of Housing Preservation and Development,Plumbing,PVT,Yes,Public Area,Radiator,Broken or Missing,Cellar,High
Department of Housing Preservation and Development,Plumbing,PVT,Yes,Public Area,Radiator,Cracked or Leaking,Cellar,High
Department of Housing Preservation and Development,Plumbing,PVT,Yes,Public Area,Radiator,Cracked or Leaking,Bathroom,High
Department of Housing Preservation and Development,Plumbing,PVT,Yes,Public Area,Radiator,Cracked or Leaking,Basement,High
Department of Housing Preservation and Development,Plumbing,PVT,Yes,Public Area,Radiator,Cracked or Leaking,Kitchen,High
Department of Housing Preservation and Development,Plumbing,PVT,Yes,Public Area,Radiator,Cracked or Leaking,Lobby,High
Department of Housing Preservation and Development,Plumbing,PVT,Yes,Public Area,Radiator,Cracked or Leaking,Hallway,High
Department of Housing Preservation and Development,Plumbing,PVT,Yes,Public Area,Radiator,Cracked or Leaking,Other Room/Area,High
Department of Housing Preservation and Development,Plumbing,PVT,Yes,Public Area,Radiator,Cracked or Leaking,Stairs,High
Department of Housing Preservation and Development,Plumbing,PVT,Yes,Public Area,Radiator,Cracked or Leaking,Storage Room,High
Department of Housing Preservation and Development,Plumbing,PVT,Yes,Public Area,Radiator,Loose or Disconnected,Storage Room,High
Department of Housing Preservation and Development,Plumbing,PVT,Yes,Public Area,Radiator,Loose or Disconnected,Stairs,High
Department of Housing Preservation and Development,Plumbing,PVT,Yes,Public Area,Radiator,Loose or Disconnected,Other Room/Area,High
Department of Housing Preservation and Development,Plumbing,PVT,Yes,Public Area,Radiator,Loose or Disconnected,Hallway,High
Department of Housing Preservation and Development,Plumbing,PVT,Yes,Public Area,Radiator,Loose or Disconnected,Lobby,High
Department of Housing Preservation and Development,Plumbing,PVT,Yes,Public Area,Radiator,Loose or Disconnected,Kitchen,High
Department of Housing Preservation and Development,Plumbing,PVT,Yes,Public Area,Radiator,Loose or Disconnected,Basement,High
Department of Housing Preservation and Development,Plumbing,PVT,Yes,Public Area,Radiator,Loose or Disconnected,Bathroom,High
Department of Housing Preservation and Development,Plumbing,PVT,Yes,Public Area,Radiator,Loose or Disconnected,Cellar,High
Department of Housing Preservation and Development,Plumbing,PVT,Yes,Public Area,Radiator,Shut Off Valve Broken,Cellar,High
Department of Housing Preservation and Development,Plumbing,PVT,Yes,Public Area,Radiator,Shut Off Valve Broken,Bathroom,High
Department of Housing Preservation and Development,Plumbing,PVT,Yes,Public Area,Radiator,Shut Off Valve Broken,Basement,High
Department of Housing Preservation and Development,Plumbing,PVT,Yes,Public Area,Radiator,Shut Off Valve Broken,Kitchen,Medium
Department of Housing Preservation and Development,Plumbing,PVT,Yes,Public Area,Radiator,Shut Off Valve Broken,Lobby,Medium
Department of Housing Preservation and Development,Plumbing,PVT,Yes,Public Area,Radiator,Shut Off Valve Broken,Laundry Room,Medium
Department of Housing Preservation and Development,Plumbing,PVT,Yes,Public Area,Radiator,Shut Off Valve Broken,Hallway,Medium
Department of Housing Preservation and Development,Plumbing,PVT,Yes,Public Area,Radiator,Shut Off Valve Broken,Other Room/Area,Medium
Department of Housing Preservation and Development,Plumbing,PVT,Yes,Public Area,Radiator,Shut Off Valve Broken,Stairs,Medium
Department of Housing Preservation and Development,Plumbing,PVT,Yes,Public Area,Radiator,Shut Off Valve Broken,Storage Room,Medium
Department of Housing Preservation and Development,Plumbing,PVT,Yes,Public Area,Sewer,Broken or Blocked Drain,Laundry Room,Medium
Department of Housing Preservation and Development,Plumbing,PVT,Yes,Public Area,Sewer,Broken or Blocked Pipe,Laundry Room,Medium
Department of Housing Preservation and Development,Plumbing,PVT,Yes,Public Area,Sewer,Broken or Blocked Pipe,Lobby,Medium
Department of Housing Preservation and Development,Plumbing,PVT,Yes,Public Area,Sewer,Broken or Blocked Pipe,Fire Exit/Passageway,Medium
Department of Housing Preservation and Development,Plumbing,PVT,Yes,Public Area,Sewer,Broken or Blocked Pipe,Basement,Medium
Department of Housing Preservation and Development,Plumbing,PVT,Yes,Public Area,Sewer,Broken or Blocked Pipe,Cellar,Medium
Department of Housing Preservation and Development,Plumbing,PVT,Yes,Public Area,Sewer,Broken or Blocked Pipe,Courtyard,Medium
Department of Housing Preservation and Development,Plumbing,PVT,Yes,Public Area,Sewer,Broken or Blocked Pipe,Boiler Room,Medium
Department of Housing Preservation and Development,Plumbing,PVT,Yes,Public Area,Sewer,Broken or Blocked Pipe,Building Entrance,Medium
Department of Housing Preservation and Development,Plumbing,PVT,Yes,Public Area,Sewer,Broken or Blocked Pipe,Yard,Medium
Department of Housing Preservation and Development,Plumbing,PVT,Yes,Public Area,Sewer,Broken or Blocked Pipe,Storage Room,Medium
Department of Housing Preservation and Development,Plumbing,PVT,Yes,Public Area,Sewer,Broken or Blocked Pipe,Other Room/Area,Medium
Department of Housing Preservation and Development,Plumbing,PVT,Yes,Public Area,Sewer,Broken or Blocked Pipe,Meter Room,Medium
Department of Housing Preservation and Development,Plumbing,PVT,Yes,Public Area,Steam Pipe/Riser,Cracked or Broken,Other Room/Area,Medium
Department of Housing Preservation and Development,Plumbing,PVT,Yes,Public Area,Steam Pipe/Riser,Cracked or Broken,Stairs,Medium
Department of Housing Preservation and Development,Plumbing,PVT,Yes,Public Area,Steam Pipe/Riser,Cracked or Broken,Storage Room,Medium
Department of Housing Preservation and Development,Plumbing,PVT,Yes,Public Area,Steam Pipe/Riser,Cracked or Broken,Cellar,Medium
Department of Housing Preservation and Development,Plumbing,PVT,Yes,Public Area,Steam Pipe/Riser,Cracked or Broken,Basement,Medium
Department of Housing Preservation and Development,Plumbing,PVT,Yes,Public Area,Steam Pipe/Riser,Cracked or Broken,Bathroom,Medium
Department of Housing Preservation and Development,Plumbing,PVT,Yes,Public Area,Steam Pipe/Riser,Cracked or Broken,Hallway,Medium
Department of Housing Preservation and Development,Plumbing,PVT,Yes,Public Area,Steam Pipe/Riser,Cracked or Broken,Lobby,Medium
Department of Housing Preservation and Development,Plumbing,PVT,Yes,Public Area,Steam Pipe/Riser,Cracked or Broken,Laundry Room,Medium
Department of Housing Preservation and Development,Plumbing,PVT,Yes,Public Area,Steam Pipe/Riser,Cracked or Broken,Kitchen,Medium
Department of Housing Preservation and Development,Plumbing,PVT,Yes,Public Area,Steam Pipe/Riser,Leaking,Kitchen,Medium
Department of Housing Preservation and Development,Plumbing,PVT,Yes,Public Area,Steam Pipe/Riser,Leaking,Laundry Room,Medium
Department of Housing Preservation and Development,Plumbing,PVT,Yes,Public Area,Steam Pipe/Riser,Leaking,Lobby,Medium
Department of Housing Preservation and Development,Plumbing,PVT,Yes,Public Area,Steam Pipe/Riser,Leaking,Hallway,Medium
Department of Housing Preservation and Development,Plumbing,PVT,Yes,Public Area,Steam Pipe/Riser,Leaking,Bathroom,Medium
Department of Housing Preservation and Development,Plumbing,PVT,Yes,Public Area,Steam Pipe/Riser,Leaking,Basement,Medium
Department of Housing Preservation and Development,Plumbing,PVT,Yes,Public Area,Steam Pipe/Riser,Leaking,Cellar,Medium
Department of Housing Preservation and Development,Plumbing,PVT,Yes,Public Area,Steam Pipe/Riser,Leaking,Compactor Closet,Medium
Department of Housing Preservation and Development,Plumbing,PVT,Yes,Public Area,Steam Pipe/Riser,Leaking,Boiler Room,Medium
Department of Housing Preservation and Development,Plumbing,PVT,Yes,Public Area,Steam Pipe/Riser,Leaking,Storage Room,Medium
Department of Housing Preservation and Development,Plumbing,PVT,Yes,Public Area,Steam Pipe/Riser,Leaking,Stairs,Medium
Department of Housing Preservation and Development,Plumbing,PVT,Yes,Public Area,Steam Pipe/Riser,Leaking,Other Room/Area,Medium
Department of Housing Preservation and Development,Plumbing,PVT,Yes,Public Area,Steam Pipe/Riser,Leaking,Meter Room,Medium
Department of Housing Preservation and Development,Plumbing,PVT,Yes,Public Area,Toilet,Bowl Cracked or Leaking,Bathroom,Medium
Department of Housing Preservation and Development,Plumbing,PVT,Yes,Public Area,Toilet,Bowl Loose or Wobbly,Bathroom,Medium
Department of Housing Preservation and Development,Plumbing,PVT,Yes,Public Area,Toilet,Bowl Removed or Missing,Bathroom,Medium
Department of Housing Preservation and Development,Plumbing,PVT,Yes,Public Area,Toilet,Bowl Stopped Up,Bathroom,Medium
Department of Housing Preservation and Development,Plumbing,PVT,Yes,Public Area,Toilet,Continuously Runs,Bathroom,Medium
Department of Housing Preservation and Development,Plumbing,PVT,Yes,Public Area,Toilet,Disconnected,Bathroom,Medium
Department of Housing Preservation and Development,Plumbing,PVT,Yes,Public Area,Toilet,Flush Handle Broken or Missing,Bathroom,Medium
Department of Housing Preservation and Development,Plumbing,PVT,Yes,Public Area,Toilet,No Water,Bathroom,Medium
Department of Housing Preservation and Development,Plumbing,PVT,Yes,Public Area,Toilet,Tank Cracked or Leaking,Bathroom,Medium
Department of Housing Preservation and Development,Plumbing,PVT,Yes,Public Area,Water Supply,Low Water Pressure,Bathroom,High
Department of Housing Preservation and Development,Plumbing,PVT,Yes,Public Area,Water Supply,Low Water Pressure,Kitchen,High
Department of Housing Preservation and Development,Plumbing,PVT,Yes,Public Area,Water Supply,No Cold Water,Kitchen,Medium
Department of Housing Preservation and Development,Plumbing,PVT,Yes,Public Area,Water Supply,No Cold Water,Bathroom,Medium
Department of Housing Preservation and Development,Plumbing,PVT,Yes,Public Area,Water Supply,No Hot Water,Bathroom,Medium
Department of Housing Preservation and Development,Plumbing,PVT,Yes,Public Area,Water Supply,No Hot Water,Kitchen,Medium
Department of Housing Preservation and Development,Plumbing,PVT,Yes,Public Area,Water Supply,No Water,Kitchen,High
Department of Housing Preservation and Development,Plumbing,PVT,Yes,Public Area,Water Supply,No Water,Bathroom,High
Department of Housing Preservation and Development,Plumbing,PVT,Yes,Public Area,Water Supply,Scalding Hot Water,Bathroom,High
Department of Housing Preservation and Development,Plumbing,PVT,Yes,Public Area,Water Supply,Scalding Hot Water,Kitchen,High
Department of Housing Preservation and Development,Plumbing,DPM,Yes,Public Area,Basin/Sink,Basin Broken/Leaking,Kitchen,High
Department of Housing Preservation and Development,Plumbing,DPM,Yes,Public Area,Basin/Sink,Basin Broken/Leaking,Bathroom,High
Department of Housing Preservation and Development,Plumbing,DPM,Yes,Public Area,Basin/Sink,Basin Chipped or Rusted,Bathroom,Medium
Department of Housing Preservation and Development,Plumbing,DPM,Yes,Public Area,Basin/Sink,Basin Chipped or Rusted,Kitchen,Medium
Department of Housing Preservation and Development,Plumbing,DPM,Yes,Public Area,Basin/Sink,Basin Chipped or Rusted,Other Room/Area,Medium
Department of Housing Preservation and Development,Plumbing,DPM,Yes,Public Area,Basin/Sink,Basin Missing,Other Room/Area,Medium
Department of Housing Preservation and Development,Plumbing,DPM,Yes,Public Area,Basin/Sink,Basin Missing,Kitchen,Medium
Department of Housing Preservation and Development,Plumbing,DPM,Yes,Public Area,Basin/Sink,Basin Missing,Bathroom,Medium
Department of Housing Preservation and Development,Plumbing,DPM,Yes,Public Area,Basin/Sink,Drain Pipe Blocked or Broken,Bathroom,Medium
Department of Housing Preservation and Development,Plumbing,DPM,Yes,Public Area,Basin/Sink,Drain Pipe Blocked or Broken,Kitchen,Medium
Department of Housing Preservation and Development,Plumbing,DPM,Yes,Public Area,Basin/Sink,Drain Pipe Blocked or Broken,Other Room/Area,Medium
Department of Housing Preservation and Development,Plumbing,DPM,Yes,Public Area,Basin/Sink,Faucet Broken/Missing/Leaking,Other Room/Area,Medium
Department of Housing Preservation and Development,Plumbing,DPM,Yes,Public Area,Basin/Sink,Faucet Broken/Missing/Leaking,Kitchen,Medium
Department of Housing Preservation and Development,Plumbing,DPM,Yes,Public Area,Basin/Sink,Faucet Broken/Missing/Leaking,Bathroom,High
Department of Housing Preservation and Development,Plumbing,DPM,Yes,Public Area,Basin/Sink,No Water,Bathroom,High
Department of Housing Preservation and Development,Plumbing,DPM,Yes,Public Area,Basin/Sink,No Water,Kitchen,Medium
Department of Housing Preservation and Development,Plumbing,DPM,Yes,Public Area,Basin/Sink,No Water,Other Room/Area,Medium
Department of Housing Preservation and Development,Plumbing,DPM,Yes,Public Area,Basin/Sink,Pipe Leaking,Other Room/Area,Medium
Department of Housing Preservation and Development,Plumbing,DPM,Yes,Public Area,Basin/Sink,Pipe Leaking,Kitchen,Medium
Department of Housing Preservation and Development,Plumbing,DPM,Yes,Public Area,Basin/Sink,Pipe Leaking,Bathroom,High
Department of Housing Preservation and Development,Plumbing,DPM,Yes,Public Area,Basin/Sink,Sink Detached from Wall,Bathroom,Medium
Department of Housing Preservation and Development,Plumbing,DPM,Yes,Public Area,Basin/Sink,Sink Detached from Wall,Kitchen,High
Department of Housing Preservation and Development,Plumbing,DPM,Yes,Public Area,Basin/Sink,Sink Detached from Wall,Other Room/Area,High
Department of Housing Preservation and Development,Plumbing,DPM,Yes,Public Area,Bathtub/Shower,Broken or Missing,Other Room/Area,High
Department of Housing Preservation and Development,Plumbing,DPM,Yes,Public Area,Bathtub/Shower,Broken or Missing,Bathroom,High
Department of Housing Preservation and Development,Plumbing,DPM,Yes,Public Area,Bathtub/Shower,Chipped or Rusted,Bathroom,High
Department of Housing Preservation and Development,Plumbing,DPM,Yes,Public Area,Bathtub/Shower,Faucet Broken/Missing/Leaking,Bathroom,High
Department of Housing Preservation and Development,Plumbing,DPM,Yes,Public Area,Bathtub/Shower,Faucet Broken/Missing/Leaking,Other Room/Area,Medium
Department of Housing Preservation and Development,Plumbing,DPM,Yes,Public Area,Bathtub/Shower,Leaking into Other Apartment,Other Room/Area,Medium
Department of Housing Preservation and Development,Plumbing,DPM,Yes,Public Area,Bathtub/Shower,Leaking into Other Apartment,Bathroom,Medium
Department of Housing Preservation and Development,Plumbing,DPM,Yes,Public Area,Bathtub/Shower,No Water,Bathroom,Medium
Department of Housing Preservation and Development,Plumbing,DPM,Yes,Public Area,Bathtub/Shower,No Water,Other Room/Area,High
Department of Housing Preservation and Development,Plumbing,DPM,Yes,Public Area,Boiler,Broken,Boiler Room,High
Department of Housing Preservation and Development,Plumbing,DPM,Yes,Public Area,Radiator,Air Valve Broken or Missing,Cellar,High
Department of Housing Preservation and Development,Plumbing,DPM,Yes,Public Area,Radiator,Air Valve Broken or Missing,Basement,High
Department of Housing Preservation and Development,Plumbing,DPM,Yes,Public Area,Radiator,Air Valve Broken or Missing,Bathroom,High
Department of Housing Preservation and Development,Plumbing,DPM,Yes,Public Area,Radiator,Air Valve Broken or Missing,Kitchen,High
Department of Housing Preservation and Development,Plumbing,DPM,Yes,Public Area,Radiator,Air Valve Broken or Missing,Hallway,High
Department of Housing Preservation and Development,Plumbing,DPM,Yes,Public Area,Radiator,Air Valve Broken or Missing,Lobby,High
Department of Housing Preservation and Development,Plumbing,DPM,Yes,Public Area,Radiator,Air Valve Broken or Missing,Other Room/Area,High
Department of Housing Preservation and Development,Plumbing,DPM,Yes,Public Area,Radiator,Air Valve Broken or Missing,Stairs,High
Department of Housing Preservation and Development,Plumbing,DPM,Yes,Public Area,Radiator,Air Valve Broken or Missing,Storage Room,High
Department of Housing Preservation and Development,Plumbing,DPM,Yes,Public Area,Radiator,Broken or Missing,Storage Room,High
Department of Housing Preservation and Development,Plumbing,DPM,Yes,Public Area,Radiator,Broken or Missing,Stairs,High
Department of Housing Preservation and Development,Plumbing,DPM,Yes,Public Area,Radiator,Broken or Missing,Other Room/Area,High
Department of Housing Preservation and Development,Plumbing,DPM,Yes,Public Area,Radiator,Broken or Missing,Lobby,High
Department of Housing Preservation and Development,Plumbing,DPM,Yes,Public Area,Radiator,Broken or Missing,Hallway,High
Department of Housing Preservation and Development,Plumbing,DPM,Yes,Public Area,Radiator,Broken or Missing,Kitchen,High
Department of Housing Preservation and Development,Plumbing,DPM,Yes,Public Area,Radiator,Broken or Missing,Basement,High
Department of Housing Preservation and Development,Plumbing,DPM,Yes,Public Area,Radiator,Broken or Missing,Bathroom,High
Department of Housing Preservation and Development,Plumbing,DPM,Yes,Public Area,Radiator,Broken or Missing,Cellar,High
Department of Housing Preservation and Development,Plumbing,DPM,Yes,Public Area,Radiator,Cracked or Leaking,Cellar,High
Department of Housing Preservation and Development,Plumbing,DPM,Yes,Public Area,Radiator,Cracked or Leaking,Bathroom,Medium
Department of Housing Preservation and Development,Plumbing,DPM,Yes,Public Area,Radiator,Cracked or Leaking,Basement,Medium
Department of Housing Preservation and Development,Plumbing,DPM,Yes,Public Area,Radiator,Cracked or Leaking,Kitchen,Medium
Department of Housing Preservation and Development,Plumbing,DPM,Yes,Public Area,Radiator,Cracked or Leaking,Hallway,Medium
Department of Housing Preservation and Development,Plumbing,DPM,Yes,Public Area,Radiator,Cracked or Leaking,Lobby,Medium
Department of Housing Preservation and Development,Plumbing,DPM,Yes,Public Area,Radiator,Cracked or Leaking,Other Room/Area,Medium
Department of Housing Preservation and Development,Plumbing,DPM,Yes,Public Area,Radiator,Cracked or Leaking,Stairs,Medium
Department of Housing Preservation and Development,Plumbing,DPM,Yes,Public Area,Radiator,Cracked or Leaking,Storage Room,Medium
Department of Housing Preservation and Development,Plumbing,DPM,Yes,Public Area,Radiator,Loose or Disconnected,Storage Room,Medium
Department of Housing Preservation and Development,Plumbing,DPM,Yes,Public Area,Radiator,Loose or Disconnected,Stairs,Medium
Department of Housing Preservation and Development,Plumbing,DPM,Yes,Public Area,Radiator,Loose or Disconnected,Other Room/Area,Medium
Department of Housing Preservation and Development,Plumbing,DPM,Yes,Public Area,Radiator,Loose or Disconnected,Lobby,Medium
Department of Housing Preservation and Development,Plumbing,DPM,Yes,Public Area,Radiator,Loose or Disconnected,Hallway,Medium
Department of Housing Preservation and Development,Plumbing,DPM,Yes,Public Area,Radiator,Loose or Disconnected,Kitchen,Medium
Department of Housing Preservation and Development,Plumbing,DPM,Yes,Public Area,Radiator,Loose or Disconnected,Basement,Medium
Department of Housing Preservation and Development,Plumbing,DPM,Yes,Public Area,Radiator,Loose or Disconnected,Bathroom,Medium
Department of Housing Preservation and Development,Plumbing,DPM,Yes,Public Area,Radiator,Loose or Disconnected,Cellar,Medium
Department of Housing Preservation and Development,Plumbing,DPM,Yes,Public Area,Radiator,Shut Off Valve Broken,Cellar,Medium
Department of Housing Preservation and Development,Plumbing,DPM,Yes,Public Area,Radiator,Shut Off Valve Broken,Bathroom,Medium
Department of Housing Preservation and Development,Plumbing,DPM,Yes,Public Area,Radiator,Shut Off Valve Broken,Basement,Medium
Department of Housing Preservation and Development,Plumbing,DPM,Yes,Public Area,Radiator,Shut Off Valve Broken,Kitchen,Medium
Department of Housing Preservation and Development,Plumbing,DPM,Yes,Public Area,Radiator,Shut Off Valve Broken,Hallway,Medium
Department of Housing Preservation and Development,Plumbing,DPM,Yes,Public Area,Radiator,Shut Off Valve Broken,Lobby,Medium
Department of Housing Preservation and Development,Plumbing,DPM,Yes,Public Area,Radiator,Shut Off Valve Broken,Laundry Room,Medium
Department of Housing Preservation and Development,Plumbing,DPM,Yes,Public Area,Radiator,Shut Off Valve Broken,Other Room/Area,High
Department of Housing Preservation and Development,Plumbing,DPM,Yes,Public Area,Radiator,Shut Off Valve Broken,Stairs,High
Department of Housing Preservation and Development,Plumbing,DPM,Yes,Public Area,Radiator,Shut Off Valve Broken,Storage Room,High
Department of Housing Preservation and Development,Plumbing,DPM,Yes,Public Area,Sewer,Broken or Blocked Drain,Laundry Room,High
Department of Housing Preservation and Development,Plumbing,DPM,Yes,Public Area,Sewer,Broken or Blocked Pipe,Laundry Room,High
Department of Housing Preservation and Development,Plumbing,DPM,Yes,Public Area,Sewer,Broken or Blocked Pipe,Meter Room,High
Department of Housing Preservation and Development,Plumbing,DPM,Yes,Public Area,Sewer,Broken or Blocked Pipe,Lobby,High
Department of Housing Preservation and Development,Plumbing,DPM,Yes,Public Area,Sewer,Broken or Blocked Pipe,Fire Exit/Passageway,High
Department of Housing Preservation and Development,Plumbing,DPM,Yes,Public Area,Sewer,Broken or Blocked Pipe,Basement,High
Department of Housing Preservation and Development,Plumbing,DPM,Yes,Public Area,Sewer,Broken or Blocked Pipe,Cellar,High
Department of Housing Preservation and Development,Plumbing,DPM,Yes,Public Area,Sewer,Broken or Blocked Pipe,Boiler Room,Medium
Department of Housing Preservation and Development,Plumbing,DPM,Yes,Public Area,Sewer,Broken or Blocked Pipe,Building Entrance,Medium
Department of Housing Preservation and Development,Plumbing,DPM,Yes,Public Area,Sewer,Broken or Blocked Pipe,Courtyard,Medium
Department of Housing Preservation and Development,Plumbing,DPM,Yes,Public Area,Sewer,Broken or Blocked Pipe,Storage Room,Medium
Department of Housing Preservation and Development,Plumbing,DPM,Yes,Public Area,Sewer,Broken or Blocked Pipe,Yard,Medium
Department of Housing Preservation and Development,Plumbing,DPM,Yes,Public Area,Sewer,Broken or Blocked Pipe,Other Room/Area,Medium
Department of Housing Preservation and Development,Plumbing,DPM,Yes,Public Area,Steam Pipe/Riser,Cracked or Broken,Other Room/Area,Medium
Department of Housing Preservation and Development,Plumbing,DPM,Yes,Public Area,Steam Pipe/Riser,Cracked or Broken,Stairs,Medium
Department of Housing Preservation and Development,Plumbing,DPM,Yes,Public Area,Steam Pipe/Riser,Cracked or Broken,Storage Room,Medium
Department of Housing Preservation and Development,Plumbing,DPM,Yes,Public Area,Steam Pipe/Riser,Cracked or Broken,Cellar,Medium
Department of Housing Preservation and Development,Plumbing,DPM,Yes,Public Area,Steam Pipe/Riser,Cracked or Broken,Basement,Medium
Department of Housing Preservation and Development,Plumbing,DPM,Yes,Public Area,Steam Pipe/Riser,Cracked or Broken,Bathroom,Medium
Department of Housing Preservation and Development,Plumbing,DPM,Yes,Public Area,Steam Pipe/Riser,Cracked or Broken,Hallway,Medium
Department of Housing Preservation and Development,Plumbing,DPM,Yes,Public Area,Steam Pipe/Riser,Cracked or Broken,Kitchen,Medium
Department of Housing Preservation and Development,Plumbing,DPM,Yes,Public Area,Steam Pipe/Riser,Cracked or Broken,Lobby,Medium
Department of Housing Preservation and Development,Plumbing,DPM,Yes,Public Area,Steam Pipe/Riser,Cracked or Broken,Laundry Room,Medium
Department of Housing Preservation and Development,Plumbing,DPM,Yes,Public Area,Steam Pipe/Riser,Leaking,Laundry Room,High
Department of Housing Preservation and Development,Plumbing,DPM,Yes,Public Area,Steam Pipe/Riser,Leaking,Meter Room,High
Department of Housing Preservation and Development,Plumbing,DPM,Yes,Public Area,Steam Pipe/Riser,Leaking,Lobby,High
Department of Housing Preservation and Development,Plumbing,DPM,Yes,Public Area,Steam Pipe/Riser,Leaking,Kitchen,High
Department of Housing Preservation and Development,Plumbing,DPM,Yes,Public Area,Steam Pipe/Riser,Leaking,Hallway,High
Department of Housing Preservation and Development,Plumbing,DPM,Yes,Public Area,Steam Pipe/Riser,Leaking,Bathroom,High
Department of Housing Preservation and Development,Plumbing,DPM,Yes,Public Area,Steam Pipe/Riser,Leaking,Basement,High
Department of Housing Preservation and Development,Plumbing,DPM,Yes,Public Area,Steam Pipe/Riser,Leaking,Cellar,High
Department of Housing Preservation and Development,Plumbing,DPM,Yes,Public Area,Steam Pipe/Riser,Leaking,Boiler Room,High
Department of Housing Preservation and Development,Plumbing,DPM,Yes,Public Area,Steam Pipe/Riser,Leaking,Compactor Closet,High
Department of Housing Preservation and Development,Plumbing,DPM,Yes,Public Area,Steam Pipe/Riser,Leaking,Storage Room,Medium
Department of Housing Preservation and Development,Plumbing,DPM,Yes,Public Area,Steam Pipe/Riser,Leaking,Stairs,Medium
Department of Housing Preservation and Development,Plumbing,DPM,Yes,Public Area,Steam Pipe/Riser,Leaking,Other Room/Area,Medium
Department of Housing Preservation and Development,Plumbing,DPM,Yes,Public Area,Toilet,Bowl Cracked or Leaking,Bathroom,High
Department of Housing Preservation and Development,Plumbing,DPM,Yes,Public Area,Toilet,Bowl Loose or Wobbly,Bathroom,High
Department of Housing Preservation and Development,Plumbing,DPM,Yes,Public Area,Toilet,Bowl Removed or Missing,Bathroom,High
Department of Housing Preservation and Development,Plumbing,DPM,Yes,Public Area,Toilet,Bowl Stopped Up,Bathroom,High
Department of Housing Preservation and Development,Plumbing,DPM,Yes,Public Area,Toilet,Continuously Runs,Bathroom,High
Department of Housing Preservation and Development,Plumbing,DPM,Yes,Public Area,Toilet,Flush Handle Broken or Missing,Bathroom,High
Department of Housing Preservation and Development,Plumbing,DPM,Yes,Public Area,Toilet,No Water,Bathroom,High
Department of Housing Preservation and Development,Plumbing,DPM,Yes,Public Area,Toilet,Tank Cracked or Leaking,Bathroom,High
Department of Housing Preservation and Development,Plumbing,DPM,Yes,Public Area,Water Supply,Low Water Pressure,Bathroom,Medium
Department of Housing Preservation and Development,Plumbing,DPM,Yes,Public Area,Water Supply,Low Water Pressure,Kitchen,Medium
Department of Housing Preservation and Development,Plumbing,DPM,Yes,Public Area,Water Supply,No Cold Water,Kitchen,Medium
Department of Housing Preservation and Development,Plumbing,DPM,Yes,Public Area,Water Supply,No Cold Water,Bathroom,Medium
Department of Housing Preservation and Development,Plumbing,DPM,Yes,Public Area,Water Supply,No Hot Water,Bathroom,Medium
Department of Housing Preservation and Development,Plumbing,DPM,Yes,Public Area,Water Supply,No Hot Water,Kitchen,Medium
Department of Housing Preservation and Development,Plumbing,DPM,Yes,Public Area,Water Supply,No Water,Kitchen,Medium
Department of Housing Preservation and Development,Plumbing,DPM,Yes,Public Area,Water Supply,No Water,Bathroom,Medium
Department of Housing Preservation and Development,Plumbing,DPM,Yes,Public Area,Water Supply,Scalding Hot Water,Bathroom,Medium
Department of Housing Preservation and Development,Plumbing,DPM,Yes,Public Area,Water Supply,Scalding Hot Water,Kitchen,Medium
Department of Housing Preservation and Development,Plumbing,DPM,Yes,Apartment,Basin/Sink,Basin Broken/Leaking,Other Room/Area,Medium
Department of Housing Preservation and Development,Plumbing,DPM,Yes,Apartment,Basin/Sink,Basin Broken/Leaking,Bathroom,Medium
Department of Housing Preservation and Development,Plumbing,DPM,Yes,Apartment,Basin/Sink,Basin Broken/Leaking,Kitchen,Medium
Department of Housing Preservation and Development,Plumbing,DPM,Yes,Apartment,Basin/Sink,Basin Chipped or Rusted,Kitchen,Medium
Department of Housing Preservation and Development,Plumbing,DPM,Yes,Apartment,Basin/Sink,Basin Chipped or Rusted,Bathroom,Medium
Department of Housing Preservation and Development,Plumbing,DPM,Yes,Apartment,Basin/Sink,Basin Chipped or Rusted,Other Room/Area,Medium
Department of Housing Preservation and Development,Plumbing,DPM,Yes,Apartment,Basin/Sink,Basin Missing,Other Room/Area,Medium
Department of Housing Preservation and Development,Plumbing,DPM,Yes,Apartment,Basin/Sink,Basin Missing,Bathroom,Medium
Department of Housing Preservation and Development,Plumbing,DPM,Yes,Apartment,Basin/Sink,Basin Missing,Kitchen,Medium
Department of Housing Preservation and Development,Plumbing,DPM,Yes,Apartment,Basin/Sink,Cabinet Damaged or Missing,Kitchen,Medium
Department of Housing Preservation and Development,Plumbing,DPM,Yes,Apartment,Basin/Sink,Cabinet Damaged or Missing,Bathroom,Medium
Department of Housing Preservation and Development,Plumbing,DPM,Yes,Apartment,Basin/Sink,Cabinet Damaged or Missing,Other Room/Area,Medium
Department of Housing Preservation and Development,Plumbing,DPM,Yes,Apartment,Basin/Sink,Drain Pipe Blocked or Broken,Other Room/Area,Medium
Department of Housing Preservation and Development,Plumbing,DPM,Yes,Apartment,Basin/Sink,Drain Pipe Blocked or Broken,Bathroom,Medium
Department of Housing Preservation and Development,Plumbing,DPM,Yes,Apartment,Basin/Sink,Drain Pipe Blocked or Broken,Kitchen,Medium
Department of Housing Preservation and Development,Plumbing,DPM,Yes,Apartment,Basin/Sink,Faucet Broken/Missing/Leaking,Kitchen,Medium
Department of Housing Preservation and Development,Plumbing,DPM,Yes,Apartment,Basin/Sink,Faucet Broken/Missing/Leaking,Bathroom,Medium
Department of Housing Preservation and Development,Plumbing,DPM,Yes,Apartment,Basin/Sink,Faucet Broken/Missing/Leaking,Other Room/Area,Medium
Department of Housing Preservation and Development,Plumbing,DPM,Yes,Apartment,Basin/Sink,No Water,Other Room/Area,Medium
Department of Housing Preservation and Development,Plumbing,DPM,Yes,Apartment,Basin/Sink,No Water,Bathroom,Medium
Department of Housing Preservation and Development,Plumbing,DPM,Yes,Apartment,Basin/Sink,No Water,Kitchen,Medium
Department of Housing Preservation and Development,Plumbing,DPM,Yes,Apartment,Basin/Sink,Pipe Leaking,Kitchen,Medium
Department of Housing Preservation and Development,Plumbing,DPM,Yes,Apartment,Basin/Sink,Pipe Leaking,Bathroom,Medium
Department of Housing Preservation and Development,Plumbing,DPM,Yes,Apartment,Basin/Sink,Pipe Leaking,Other Room/Area,Medium
Department of Housing Preservation and Development,Plumbing,DPM,Yes,Apartment,Basin/Sink,Sink Detached from Wall,Other Room/Area,Medium
Department of Housing Preservation and Development,Plumbing,DPM,Yes,Apartment,Basin/Sink,Sink Detached from Wall,Bathroom,High
Department of Housing Preservation and Development,Plumbing,DPM,Yes,Apartment,Basin/Sink,Sink Detached from Wall,Kitchen,High
Department of Housing Preservation and Development,Plumbing,DPM,Yes,Apartment,Bathtub/Shower,Broken or Missing,Bathroom,High
Department of Housing Preservation and Development,Plumbing,DPM,Yes,Apartment,Bathtub/Shower,Broken or Missing,Other Room/Area,High
Department of Housing Preservation and Development,Plumbing,DPM,Yes,Apartment,Bathtub/Shower,Chipped or Rusted,Other Room/Area,High
Department of Housing Preservation and Development,Plumbing,DPM,Yes,Apartment,Bathtub/Shower,Chipped or Rusted,Bathroom,High
Department of Housing Preservation and Development,Plumbing,DPM,Yes,Apartment,Bathtub/Shower,Faucet Broken/Missing/Leaking,Bathroom,High
Department of Housing Preservation and Development,Plumbing,DPM,Yes,Apartment,Bathtub/Shower,Faucet Broken/Missing/Leaking,Other Room/Area,High
Department of Housing Preservation and Development,Plumbing,DPM,Yes,Apartment,Bathtub/Shower,Leaking into Other Apartment,Other Room/Area,High
Department of Housing Preservation and Development,Plumbing,DPM,Yes,Apartment,Bathtub/Shower,Leaking into Other Apartment,Bathroom,Medium
Department of Housing Preservation and Development,Plumbing,DPM,Yes,Apartment,Bathtub/Shower,No Water,Bathroom,Medium
Department of Housing Preservation and Development,Plumbing,DPM,Yes,Apartment,Bathtub/Shower,No Water,Other Room/Area,Medium
Department of Housing Preservation and Development,Plumbing,DPM,Yes,Apartment,Radiator,Air Valve Broken or Missing,Other Room/Area,High
Department of Housing Preservation and Development,Plumbing,DPM,Yes,Apartment,Radiator,Air Valve Broken or Missing,Private Hall,High
Department of Housing Preservation and Development,Plumbing,DPM,Yes,Apartment,Radiator,Air Valve Broken or Missing,Bathroom,High
Department of Housing Preservation and Development,Plumbing,DPM,Yes,Apartment,Radiator,Air Valve Broken or Missing,Bedroom,High
Department of Housing Preservation and Development,Plumbing,DPM,Yes,Apartment,Radiator,Air Valve Broken or Missing,Kitchen,High
Department of Housing Preservation and Development,Plumbing,DPM,Yes,Apartment,Radiator,Air Valve Broken or Missing,Entrance/Foyer,High
Department of Housing Preservation and Development,Plumbing,DPM,Yes,Apartment,Radiator,Air Valve Broken or Missing,Living Room,High
Department of Housing Preservation and Development,Plumbing,DPM,Yes,Apartment,Radiator,Broken or Missing,Living Room,Medium
Department of Housing Preservation and Development,Plumbing,DPM,Yes,Apartment,Radiator,Broken or Missing,Entrance/Foyer,Medium
Department of Housing Preservation and Development,Plumbing,DPM,Yes,Apartment,Radiator,Broken or Missing,Kitchen,Medium
Department of Housing Preservation and Development,Plumbing,DPM,Yes,Apartment,Radiator,Broken or Missing,Bedroom,Medium
Department of Housing Preservation and Development,Plumbing,DPM,Yes,Apartment,Radiator,Broken or Missing,Bathroom,Medium
Department of Housing Preservation and Development,Plumbing,DPM,Yes,Apartment,Radiator,Broken or Missing,Private Hall,Medium
Department of Housing Preservation and Development,Plumbing,DPM,Yes,Apartment,Radiator,Broken or Missing,Other Room/Area,Medium
Department of Housing Preservation and Development,Plumbing,DPM,Yes,Apartment,Radiator,Cracked or Leaking,Other Room/Area,High
Department of Housing Preservation and Development,Plumbing,DPM,Yes,Apartment,Radiator,Cracked or Leaking,Private Hall,High
Department of Housing Preservation and Development,Plumbing,DPM,Yes,Apartment,Radiator,Cracked or Leaking,Bathroom,High
Department of Housing Preservation and Development,Plumbing,DPM,Yes,Apartment,Radiator,Cracked or Leaking,Bedroom,High
Department of Housing Preservation and Development,Plumbing,DPM,Yes,Apartment,Radiator,Cracked or Leaking,Kitchen,High
Department of Housing Preservation and Development,Plumbing,DPM,Yes,Apartment,Radiator,Cracked or Leaking,Entrance/Foyer,High
Department of Housing Preservation and Development,Plumbing,DPM,Yes,Apartment,Radiator,Cracked or Leaking,Living Room,High
Department of Housing Preservation and Development,Plumbing,DPM,Yes,Apartment,Radiator,Loose or Disconnected,Living Room,High
Department of Housing Preservation and Development,Plumbing,DPM,Yes,Apartment,Radiator,Loose or Disconnected,Entrance/Foyer,Medium
Department of Housing Preservation and Development,Plumbing,DPM,Yes,Apartment,Radiator,Loose or Disconnected,Kitchen,Medium
Department of Housing Preservation and Development,Plumbing,DPM,Yes,Apartment,Radiator,Loose or Disconnected,Bedroom,Medium
Department of Housing Preservation and Development,Plumbing,DPM,Yes,Apartment,Radiator,Loose or Disconnected,Bathroom,Medium
Department of Housing Preservation and Development,Plumbing,DPM,Yes,Apartment,Radiator,Loose or Disconnected,Private Hall,Medium
Department of Housing Preservation and Development,Plumbing,DPM,Yes,Apartment,Radiator,Loose or Disconnected,Other Room/Area,Medium
Department of Housing Preservation and Development,Plumbing,DPM,Yes,Apartment,Radiator,Missing or Removed,Other Room/Area,Medium
Department of Housing Preservation and Development,Plumbing,DPM,Yes,Apartment,Radiator,Missing or Removed,Private Hall,Medium
Department of Housing Preservation and Development,Plumbing,DPM,Yes,Apartment,Radiator,Missing or Removed,Bathroom,High
Department of Housing Preservation and Development,Plumbing,DPM,Yes,Apartment,Radiator,Missing or Removed,Bedroom,High
Department of Housing Preservation and Development,Plumbing,DPM,Yes,Apartment,Radiator,Missing or Removed,Entire Apartment,High
Department of Housing Preservation and Development,Plumbing,DPM,Yes,Apartment,Radiator,Missing or Removed,Kitchen,High
Department of Housing Preservation and Development,Plumbing,DPM,Yes,Apartment,Radiator,Missing or Removed,Entrance/Foyer,High
Department of Housing Preservation and Development,Plumbing,DPM,Yes,Apartment,Radiator,Missing or Removed,Living Room,High
Department of Housing Preservation and Development,Plumbing,DPM,Yes,Apartment,Radiator,Shut Off Valve Broken,Living Room,High
Department of Housing Preservation and Development,Plumbing,DPM,Yes,Apartment,Radiator,Shut Off Valve Broken,Entrance/Foyer,Medium
Department of Housing Preservation and Development,Plumbing,DPM,Yes,Apartment,Radiator,Shut Off Valve Broken,Kitchen,Medium
Department of Housing Preservation and Development,Plumbing,DPM,Yes,Apartment,Radiator,Shut Off Valve Broken,Bedroom,Medium
Department of Housing Preservation and Development,Plumbing,DPM,Yes,Apartment,Radiator,Shut Off Valve Broken,Bathroom,Medium
Department of Housing Preservation and Development,Plumbing,DPM,Yes,Apartment,Radiator,Shut Off Valve Broken,Private Hall,Medium
Department of Housing Preservation and Development,Plumbing,DPM,Yes,Apartment,Radiator,Shut Off Valve Broken,Other Room/Area,Medium
Department of Housing Preservation and Development,Plumbing,DPM,Yes,Apartment,Steam Pipe/Riser,Banging Noise,Other Room/Area,Medium
Department of Housing Preservation and Development,Plumbing,DPM,Yes,Apartment,Steam Pipe/Riser,Banging Noise,Private Hall,Medium
Department of Housing Preservation and Development,Plumbing,DPM,Yes,Apartment,Steam Pipe/Riser,Banging Noise,Bathroom,Medium
Department of Housing Preservation and Development,Plumbing,DPM,Yes,Apartment,Steam Pipe/Riser,Banging Noise,Bedroom,Medium
Department of Housing Preservation and Development,Plumbing,DPM,Yes,Apartment,Steam Pipe/Riser,Banging Noise,Entire Apartment,Medium
Department of Housing Preservation and Development,Plumbing,DPM,Yes,Apartment,Steam Pipe/Riser,Banging Noise,Kitchen,Medium
Department of Housing Preservation and Development,Plumbing,DPM,Yes,Apartment,Steam Pipe/Riser,Banging Noise,Entrance/Foyer,Medium
Department of Housing Preservation and Development,Plumbing,DPM,Yes,Apartment,Steam Pipe/Riser,Banging Noise,Living Room,Medium
Department of Housing Preservation and Development,Plumbing,DPM,Yes,Apartment,Steam Pipe/Riser,Cracked or Broken,Living Room,Medium
Department of Housing Preservation and Development,Plumbing,DPM,Yes,Apartment,Steam Pipe/Riser,Cracked or Broken,Entrance/Foyer,Medium
Department of Housing Preservation and Development,Plumbing,DPM,Yes,Apartment,Steam Pipe/Riser,Cracked or Broken,Kitchen,Medium
Department of Housing Preservation and Development,Plumbing,DPM,Yes,Apartment,Steam Pipe/Riser,Cracked or Broken,Bedroom,High
Department of Housing Preservation and Development,Plumbing,DPM,Yes,Apartment,Steam Pipe/Riser,Cracked or Broken,Bathroom,High
Department of Housing Preservation and Development,Plumbing,DPM,Yes,Apartment,Steam Pipe/Riser,Cracked or Broken,Private Hall,High
Department of Housing Preservation and Development,Plumbing,DPM,Yes,Apartment,Steam Pipe/Riser,Cracked or Broken,Other Room/Area,High
Department of Housing Preservation and Development,Plumbing,DPM,Yes,Apartment,Steam Pipe/Riser,Leaking,Other Room/Area,High
Department of Housing Preservation and Development,Plumbing,DPM,Yes,Apartment,Steam Pipe/Riser,Leaking,Private Hall,High
Department of Housing Preservation and Development,Plumbing,DPM,Yes,Apartment,Steam Pipe/Riser,Leaking,Bathroom,High
Department of Housing Preservation and Development,Plumbing,DPM,Yes,Apartment,Steam Pipe/Riser,Leaking,Bedroom,High
Department of Housing Preservation and Development,Plumbing,DPM,Yes,Apartment,Steam Pipe/Riser,Leaking,Entire Apartment,High
Department of Housing Preservation and Development,Plumbing,DPM,Yes,Apartment,Steam Pipe/Riser,Leaking,Kitchen,High
Department of Housing Preservation and Development,Plumbing,DPM,Yes,Apartment,Steam Pipe/Riser,Leaking,Entrance/Foyer,High
Department of Housing Preservation and Development,Plumbing,DPM,Yes,Apartment,Steam Pipe/Riser,Leaking,Living Room,High
Department of Housing Preservation and Development,Plumbing,DPM,Yes,Apartment,Toilet,Bowl Cracked or Leaking,Bathroom,High
Department of Housing Preservation and Development,Plumbing,DPM,Yes,Apartment,Toilet,Bowl Cracked or Leaking,Other Room/Area,High
Department of Housing Preservation and Development,Plumbing,DPM,Yes,Apartment,Toilet,Bowl Loose or Wobbly,Other Room/Area,Medium
Department of Housing Preservation and Development,Plumbing,DPM,Yes,Apartment,Toilet,Bowl Loose or Wobbly,Bathroom,Medium
Department of Housing Preservation and Development,Plumbing,DPM,Yes,Apartment,Toilet,Bowl Removed or Missing,Bathroom,High
Department of Housing Preservation and Development,Plumbing,DPM,Yes,Apartment,Toilet,Bowl Removed or Missing,Other Room/Area,High
Department of Housing Preservation and Development,Plumbing,DPM,Yes,Apartment,Toilet,Bowl Stopped Up,Other Room/Area,High
Department of Housing Preservation and Development,Plumbing,DPM,Yes,Apartment,Toilet,Bowl Stopped Up,Bathroom,High
Department of Housing Preservation and Development,Plumbing,DPM,Yes,Apartment,Toilet,Continuously Runs,Bathroom,Medium
Department of Housing Preservation and Development,Plumbing,DPM,Yes,Apartment,Toilet,Continuously Runs,Other Room/Area,Medium
Department of Housing Preservation and Development,Plumbing,DPM,Yes,Apartment,Toilet,Flush Handle Broken or Missing,Other Room/Area,Medium
Department of Housing Preservation and Development,Plumbing,DPM,Yes,Apartment,Toilet,Flush Handle Broken or Missing,Bathroom,Medium
Department of Housing Preservation and Development,Plumbing,DPM,Yes,Apartment,Toilet,No Water,Bathroom,High
Department of Housing Preservation and Development,Plumbing,DPM,Yes,Apartment,Toilet,No Water,Other Room/Area,High
Department of Housing Preservation and Development,Plumbing,DPM,Yes,Apartment,Toilet,Tank Cracked or Leaking,Other Room/Area,High
Department of Housing Preservation and Development,Plumbing,DPM,Yes,Apartment,Toilet,Tank Cracked or Leaking,Bathroom,High
Department of Housing Preservation and Development,Plumbing,DPM,Yes,Apartment,Water Supply,Low Water Pressure,Bathroom,Low
Department of Housing Preservation and Development,Plumbing,DPM,Yes,Apartment,Water Supply,Low Water Pressure,Kitchen,Low
Department of Housing Preservation and Development,Plumbing,DPM,Yes,Apartment,Water Supply,Low Water Pressure,Other Room/Area,Low
Department of Housing Preservation and Development,Plumbing,DPM,Yes,Apartment,Water Supply,No Cold Water,Kitchen,Medium
Department of Housing Preservation and Development,Plumbing,DPM,Yes,Apartment,Water Supply,No Cold Water,Bathroom,Medium
Department of Housing Preservation and Development,Plumbing,DPM,Yes,Apartment,Water Supply,No Hot Water,Bathroom,Medium
Department of Housing Preservation and Development,Plumbing,DPM,Yes,Apartment,Water Supply,No Hot Water,Entire Apartment,Medium
Department of Housing Preservation and Development,Plumbing,DPM,Yes,Apartment,Water Supply,No Hot Water,Kitchen,Medium
Department of Housing Preservation and Development,Plumbing,DPM,Yes,Apartment,Water Supply,No Hot Water,Entire Building,Medium
Department of Housing Preservation and Development,Plumbing,DPM,Yes,Apartment,Water Supply,No Water,Entire Building,High
Department of Housing Preservation and Development,Plumbing,DPM,Yes,Apartment,Water Supply,No Water,Kitchen,High
Department of Housing Preservation and Development,Plumbing,DPM,Yes,Apartment,Water Supply,No Water,Entire Apartment,High
Department of Housing Preservation and Development,Plumbing,DPM,Yes,Apartment,Water Supply,No Water,Bathroom,High
Department of Housing Preservation and Development,Plumbing,DPM,Yes,Apartment,Water Supply,Scalding Hot Water,Bathroom,High
Department of Housing Preservation and Development,Plumbing,DPM,Yes,Apartment,Water Supply,Scalding Hot Water,Kitchen,High
Department of Housing Preservation and Development,Plumbing,DAMP,Yes,Apartment,Basin/Sink,Basin Broken/Leaking,Other Room/Area,Medium
Department of Housing Preservation and Development,Plumbing,DAMP,Yes,Apartment,Basin/Sink,Basin Broken/Leaking,Bathroom,Medium
Department of Housing Preservation and Development,Plumbing,DAMP,Yes,Apartment,Basin/Sink,Basin Broken/Leaking,Kitchen,Medium
Department of Housing Preservation and Development,Plumbing,DAMP,Yes,Apartment,Basin/Sink,Basin Chipped or Rusted,Kitchen,Low
Department of Housing Preservation and Development,Plumbing,DAMP,Yes,Apartment,Basin/Sink,Basin Chipped or Rusted,Bathroom,Low
Department of Housing Preservation and Development,Plumbing,DAMP,Yes,Apartment,Basin/Sink,Basin Chipped or Rusted,Other Room/Area,Low
Department of Housing Preservation and Development,Plumbing,DAMP,Yes,Apartment,Basin/Sink,Basin Missing,Other Room/Area,Medium
Department of Housing Preservation and Development,Plumbing,DAMP,Yes,Apartment,Basin/Sink,Basin Missing,Bathroom,Medium
Department of Housing Preservation and Development,Plumbing,DAMP,Yes,Apartment,Basin/Sink,Basin Missing,Kitchen,Medium
Department of Housing Preservation and Development,Plumbing,DAMP,Yes,Apartment,Basin/Sink,Cabinet Damaged or Missing,Kitchen,Low
Department of Housing Preservation and Development,Plumbing,DAMP,Yes,Apartment,Basin/Sink,Cabinet Damaged or Missing,Bathroom,Low
Department of Housing Preservation and Development,Plumbing,DAMP,Yes,Apartment,Basin/Sink,Cabinet Damaged or Missing,Other Room/Area,Low
Department of Housing Preservation and Development,Plumbing,DAMP,Yes,Apartment,Basin/Sink,Drain Pipe Blocked or Broken,Other Room/Area,Medium
Department of Housing Preservation and Development,Plumbing,DAMP,Yes,Apartment,Basin/Sink,Drain Pipe Blocked or Broken,Bathroom,Medium
Department of Housing Preservation and Development,Plumbing,DAMP,Yes,Apartment,Basin/Sink,Drain Pipe Blocked or Broken,Kitchen,Medium
Department of Housing Preservation and Development,Plumbing,DAMP,Yes,Apartment,Basin/Sink,Faucet Broken/Missing/Leaking,Kitchen,Medium
Department of Housing Preservation and Development,Plumbing,DAMP,Yes,Apartment,Basin/Sink,Faucet Broken/Missing/Leaking,Bathroom,Medium
Department of Housing Preservation and Development,Plumbing,DAMP,Yes,Apartment,Basin/Sink,Faucet Broken/Missing/Leaking,Other Room/Area,Medium
Department of Housing Preservation and Development,Plumbing,DAMP,Yes,Apartment,Basin/Sink,No Water,Other Room/Area,High
Department of Housing Preservation and Development,Plumbing,DAMP,Yes,Apartment,Basin/Sink,No Water,Bathroom,High
Department of Housing Preservation and Development,Plumbing,DAMP,Yes,Apartment,Basin/Sink,No Water,Kitchen,High
Department of Housing Preservation and Development,Plumbing,DAMP,Yes,Apartment,Basin/Sink,Pipe Leaking,Kitchen,Medium
Department of Housing Preservation and Development,Plumbing,DAMP,Yes,Apartment,Basin/Sink,Pipe Leaking,Bathroom,Medium
Department of Housing Preservation and Development,Plumbing,DAMP,Yes,Apartment,Basin/Sink,Pipe Leaking,Other Room/Area,Medium
Department of Housing Preservation and Development,Plumbing,DAMP,Yes,Apartment,Basin/Sink,Sink Detached from Wall,Other Room/Area,Medium
Department of Housing Preservation and Development,Plumbing,DAMP,Yes,Apartment,Basin/Sink,Sink Detached from Wall,Bathroom,Medium
Department of Housing Preservation and Development,Plumbing,DAMP,Yes,Apartment,Basin/Sink,Sink Detached from Wall,Kitchen,Medium
Department of Housing Preservation and Development,Plumbing,DAMP,Yes,Apartment,Bathtub/Shower,Broken or Missing,Bathroom,High
Department of Housing Preservation and Development,Plumbing,DAMP,Yes,Apartment,Bathtub/Shower,Broken or Missing,Other Room/Area,High
Department of Housing Preservation and Development,Plumbing,DAMP,Yes,Apartment,Bathtub/Shower,Chipped or Rusted,Other Room/Area,Medium
Department of Housing Preservation and Development,Plumbing,DAMP,Yes,Apartment,Bathtub/Shower,Chipped or Rusted,Bathroom,Medium
Department of Housing Preservation and Development,Plumbing,DAMP,Yes,Apartment,Bathtub/Shower,Faucet Broken/Missing/Leaking,Bathroom,Medium
Department of Housing Preservation and Development,Plumbing,DAMP,Yes,Apartment,Bathtub/Shower,Faucet Broken/Missing/Leaking,Other Room/Area,Medium
Department of Housing Preservation and Development,Plumbing,DAMP,Yes,Apartment,Bathtub/Shower,Leaking into Other Apartment,Other Room/Area,High
Department of Housing Preservation and Development,Plumbing,DAMP,Yes,Apartment,Bathtub/Shower,Leaking into Other Apartment,Bathroom,High
Department of Housing Preservation and Development,Plumbing,DAMP,Yes,Apartment,Bathtub/Shower,No Water,Bathroom,High
Department of Housing Preservation and Development,Plumbing,DAMP,Yes,Apartment,Bathtub/Shower,No Water,Other Room/Area,High
Department of Housing Preservation and Development,Plumbing,DAMP,Yes,Apartment,Radiator,Air Valve Broken or Missing,Other Room/Area,Medium
Department of Housing Preservation and Development,Plumbing,DAMP,Yes,Apartment,Radiator,Air Valve Broken or Missing,Private Hall,Medium
Department of Housing Preservation and Development,Plumbing,DAMP,Yes,Apartment,Radiator,Air Valve Broken or Missing,Bedroom,Medium
Department of Housing Preservation and Development,Plumbing,DAMP,Yes,Apartment,Radiator,Air Valve Broken or Missing,Bathroom,Medium
Department of Housing Preservation and Development,Plumbing,DAMP,Yes,Apartment,Radiator,Air Valve Broken or Missing,Living Room,Medium
Department of Housing Preservation and Development,Plumbing,DAMP,Yes,Apartment,Radiator,Air Valve Broken or Missing,Kitchen,Medium
Department of Housing Preservation and Development,Plumbing,DAMP,Yes,Apartment,Radiator,Air Valve Broken or Missing,Entrance/Foyer,Medium
Department of Housing Preservation and Development,Plumbing,DAMP,Yes,Apartment,Radiator,Broken or Missing,Entrance/Foyer,High
Department of Housing Preservation and Development,Plumbing,DAMP,Yes,Apartment,Radiator,Broken or Missing,Kitchen,High
Department of Housing Preservation and Development,Plumbing,DAMP,Yes,Apartment,Radiator,Broken or Missing,Living Room,High
Department of Housing Preservation and Development,Plumbing,DAMP,Yes,Apartment,Radiator,Broken or Missing,Bathroom,High
Department of Housing Preservation and Development,Plumbing,DAMP,Yes,Apartment,Radiator,Broken or Missing,Bedroom,High
Department of Housing Preservation and Development,Plumbing,DAMP,Yes,Apartment,Radiator,Broken or Missing,Private Hall,High
Department of Housing Preservation and Development,Plumbing,DAMP,Yes,Apartment,Radiator,Broken or Missing,Other Room/Area,High
Department of Housing Preservation and Development,Plumbing,DAMP,Yes,Apartment,Radiator,Cracked or Leaking,Other Room/Area,High
Department of Housing Preservation and Development,Plumbing,DAMP,Yes,Apartment,Radiator,Cracked or Leaking,Private Hall,High
Department of Housing Preservation and Development,Plumbing,DAMP,Yes,Apartment,Radiator,Cracked or Leaking,Bedroom,High
Department of Housing Preservation and Development,Plumbing,DAMP,Yes,Apartment,Radiator,Cracked or Leaking,Bathroom,High
Department of Housing Preservation and Development,Plumbing,DAMP,Yes,Apartment,Radiator,Cracked or Leaking,Living Room,High
Department of Housing Preservation and Development,Plumbing,DAMP,Yes,Apartment,Radiator,Cracked or Leaking,Kitchen,High
Department of Housing Preservation and Development,Plumbing,DAMP,Yes,Apartment,Radiator,Cracked or Leaking,Entrance/Foyer,High
Department of Housing Preservation and Development,Plumbing,DAMP,Yes,Apartment,Radiator,Loose or Disconnected,Entrance/Foyer,Medium
Department of Housing Preservation and Development,Plumbing,DAMP,Yes,Apartment,Radiator,Loose or Disconnected,Living Room,Medium
Department of Housing Preservation and Development,Plumbing,DAMP,Yes,Apartment,Radiator,Loose or Disconnected,Kitchen,Medium
Department of Housing Preservation and Development,Plumbing,DAMP,Yes,Apartment,Radiator,Loose or Disconnected,Bathroom,Medium
Department of Housing Preservation and Development,Plumbing,DAMP,Yes,Apartment,Radiator,Loose or Disconnected,Bedroom,Medium
Department of Housing Preservation and Development,Plumbing,DAMP,Yes,Apartment,Radiator,Loose or Disconnected,Private Hall,Medium
Department of Housing Preservation and Development,Plumbing,DAMP,Yes,Apartment,Radiator,Loose or Disconnected,Other Room/Area,Medium
Department of Housing Preservation and Development,Plumbing,DAMP,Yes,Apartment,Radiator,Missing or Removed,Other Room/Area,High
Department of Housing Preservation and Development,Plumbing,DAMP,Yes,Apartment,Radiator,Missing or Removed,Private Hall,High
Department of Housing Preservation and Development,Plumbing,DAMP,Yes,Apartment,Radiator,Missing or Removed,Bedroom,High
Department of Housing Preservation and Development,Plumbing,DAMP,Yes,Apartment,Radiator,Missing or Removed,Bathroom,High
Department of Housing Preservation and Development,Plumbing,DAMP,Yes,Apartment,Radiator,Missing or Removed,Entire Apartment,High
Department of Housing Preservation and Development,Plumbing,DAMP,Yes,Apartment,Radiator,Missing or Removed,Kitchen,High
Department of Housing Preservation and Development,Plumbing,DAMP,Yes,Apartment,Radiator,Missing or Removed,Living Room,High
Department of Housing Preservation and Development,Plumbing,DAMP,Yes,Apartment,Radiator,Missing or Removed,Entrance/Foyer,High
Department of Housing Preservation and Development,Plumbing,DAMP,Yes,Apartment,Radiator,Shut Off Valve Broken,Entrance/Foyer,Medium
Department of Housing Preservation and Development,Plumbing,DAMP,Yes,Apartment,Radiator,Shut Off Valve Broken,Living Room,Medium
Department of Housing Preservation and Development,Plumbing,DAMP,Yes,Apartment,Radiator,Shut Off Valve Broken,Kitchen,Medium
Department of Housing Preservation and Development,Plumbing,DAMP,Yes,Apartment,Radiator,Shut Off Valve Broken,Bedroom,Medium
Department of Housing Preservation and Development,Plumbing,DAMP,Yes,Apartment,Radiator,Shut Off Valve Broken,Bathroom,Medium
Department of Housing Preservation and Development,Plumbing,DAMP,Yes,Apartment,Radiator,Shut Off Valve Broken,Private Hall,Medium
Department of Housing Preservation and Development,Plumbing,DAMP,Yes,Apartment,Radiator,Shut Off Valve Broken,Other Room/Area,Medium
Department of Housing Preservation and Development,Plumbing,DAMP,Yes,Apartment,Steam Pipe/Riser,Banging Noise,Other Room/Area,Low
Department of Housing Preservation and Development,Plumbing,DAMP,Yes,Apartment,Steam Pipe/Riser,Banging Noise,Private Hall,Low
Department of Housing Preservation and Development,Plumbing,DAMP,Yes,Apartment,Steam Pipe/Riser,Banging Noise,Bedroom,Low
Department of Housing Preservation and Development,Plumbing,DAMP,Yes,Apartment,Steam Pipe/Riser,Banging Noise,Bathroom,Low
Department of Housing Preservation and Development,Plumbing,DAMP,Yes,Apartment,Steam Pipe/Riser,Banging Noise,Entire Apartment,Low
Department of Housing Preservation and Development,Plumbing,DAMP,Yes,Apartment,Steam Pipe/Riser,Banging Noise,Living Room,Low
Department of Housing Preservation and Development,Plumbing,DAMP,Yes,Apartment,Steam Pipe/Riser,Banging Noise,Entrance/Foyer,Low
Department of Housing Preservation and Development,Plumbing,DAMP,Yes,Apartment,Steam Pipe/Riser,Banging Noise,Kitchen,Low
Department of Housing Preservation and Development,Plumbing,DAMP,Yes,Apartment,Steam Pipe/Riser,Cracked or Broken,Kitchen,Medium
Department of Housing Preservation and Development,Plumbing,DAMP,Yes,Apartment,Steam Pipe/Riser,Cracked or Broken,Entrance/Foyer,Medium
Department of Housing Preservation and Development,Plumbing,DAMP,Yes,Apartment,Steam Pipe/Riser,Cracked or Broken,Living Room,Medium
Department of Housing Preservation and Development,Plumbing,DAMP,Yes,Apartment,Steam Pipe/Riser,Cracked or Broken,Bathroom,Medium
Department of Housing Preservation and Development,Plumbing,DAMP,Yes,Apartment,Steam Pipe/Riser,Cracked or Broken,Bedroom,Medium
Department of Housing Preservation and Development,Plumbing,DAMP,Yes,Apartment,Steam Pipe/Riser,Cracked or Broken,Private Hall,Medium
Department of Housing Preservation and Development,Plumbing,DAMP,Yes,Apartment,Steam Pipe/Riser,Cracked or Broken,Other Room/Area,Medium
Department of Housing Preservation and Development,Plumbing,DAMP,Yes,Apartment,Steam Pipe/Riser,Leaking,Other Room/Area,High
Department of Housing Preservation and Development,Plumbing,DAMP,Yes,Apartment,Steam Pipe/Riser,Leaking,Private Hall,High
Department of Housing Preservation and Development,Plumbing,DAMP,Yes,Apartment,Steam Pipe/Riser,Leaking,Bedroom,High
Department of Housing Preservation and Development,Plumbing,DAMP,Yes,Apartment,Steam Pipe/Riser,Leaking,Bathroom,High
Department of Housing Preservation and Development,Plumbing,DAMP,Yes,Apartment,Steam Pipe/Riser,Leaking,Entire Apartment,High
Department of Housing Preservation and Development,Plumbing,DAMP,Yes,Apartment,Steam Pipe/Riser,Leaking,Living Room,High
Department of Housing Preservation and Development,Plumbing,DAMP,Yes,Apartment,Steam Pipe/Riser,Leaking,Kitchen,High
Department of Housing Preservation and Development,Plumbing,DAMP,Yes,Apartment,Steam Pipe/Riser,Leaking,Entrance/Foyer,High
Department of Housing Preservation and Development,Plumbing,DAMP,Yes,Apartment,Toilet,Bowl Cracked or Leaking,Bathroom,High
Department of Housing Preservation and Development,Plumbing,DAMP,Yes,Apartment,Toilet,Bowl Cracked or Leaking,Other Room/Area,High
Department of Housing Preservation and Development,Plumbing,DAMP,Yes,Apartment,Toilet,Bowl Loose or Wobbly,Other Room/Area,Medium
Department of Housing Preservation and Development,Plumbing,DAMP,Yes,Apartment,Toilet,Bowl Loose or Wobbly,Bathroom,Medium
Department of Housing Preservation and Development,Plumbing,DAMP,Yes,Apartment,Toilet,Bowl Removed or Missing,Bathroom,High
Department of Housing Preservation and Development,Plumbing,DAMP,Yes,Apartment,Toilet,Bowl Removed or Missing,Other Room/Area,High
Department of Housing Preservation and Development,Plumbing,DAMP,Yes,Apartment,Toilet,Bowl Stopped Up,Other Room/Area,High
Department of Housing Preservation and Development,Plumbing,DAMP,Yes,Apartment,Toilet,Bowl Stopped Up,Bathroom,High
Department of Housing Preservation and Development,Plumbing,DAMP,Yes,Apartment,Toilet,Continuously Runs,Bathroom,Low
Department of Housing Preservation and Development,Plumbing,DAMP,Yes,Apartment,Toilet,Continuously Runs,Other Room/Area,Low
Department of Housing Preservation and Development,Plumbing,DAMP,Yes,Apartment,Toilet,Flush Handle Broken or Missing,Other Room/Area,Low
Department of Housing Preservation and Development,Plumbing,DAMP,Yes,Apartment,Toilet,Flush Handle Broken or Missing,Bathroom,Medium
Department of Housing Preservation and Development,Plumbing,DAMP,Yes,Apartment,Toilet,No Water,Bathroom,Medium
Department of Housing Preservation and Development,Plumbing,DAMP,Yes,Apartment,Toilet,No Water,Other Room/Area,Medium
Department of Housing Preservation and Development,Plumbing,DAMP,Yes,Apartment,Toilet,Tank Cracked or Leaking,Other Room/Area,Medium
Department of Housing Preservation and Development,Plumbing,DAMP,Yes,Apartment,Toilet,Tank Cracked or Leaking,Bathroom,Medium
Department of Housing Preservation and Development,Plumbing,DAMP,Yes,Apartment,Water Supply,Low Water Pressure,Bathroom,Medium
Department of Housing Preservation and Development,Plumbing,DAMP,Yes,Apartment,Water Supply,Low Water Pressure,Kitchen,High
Department of Housing Preservation and Development,Plumbing,DAMP,Yes,Apartment,Water Supply,Low Water Pressure,Other Room/Area,High
Department of Housing Preservation and Development,Plumbing,DAMP,Yes,Apartment,Water Supply,No Cold Water,Kitchen,High
Department of Housing Preservation and Development,Plumbing,DAMP,Yes,Apartment,Water Supply,No Cold Water,Bathroom,High
Department of Housing Preservation and Development,Plumbing,DAMP,Yes,Apartment,Water Supply,No Hot Water,Bathroom,High
Department of Housing Preservation and Development,Plumbing,DAMP,Yes,Apartment,Water Supply,No Hot Water,Entire Apartment,High
Department of Housing Preservation and Development,Plumbing,DAMP,Yes,Apartment,Water Supply,No Hot Water,Kitchen,High
Department of Housing Preservation and Development,Plumbing,DAMP,Yes,Apartment,Water Supply,No Hot Water,Entire Building,High
Department of Housing Preservation and Development,Plumbing,DAMP,Yes,Apartment,Water Supply,No Water,Entire Building,High
Department of Housing Preservation and Development,Plumbing,DAMP,Yes,Apartment,Water Supply,No Water,Entire Apartment,High
Department of Housing Preservation and Development,Plumbing,DAMP,Yes,Apartment,Water Supply,No Water,Kitchen,High
Department of Housing Preservation and Development,Plumbing,DAMP,Yes,Apartment,Water Supply,No Water,Bathroom,High
Department of Housing Preservation and Development,Plumbing,DAMP,Yes,Apartment,Water Supply,Scalding Hot Water,Bathroom,High
Department of Housing Preservation and Development,Plumbing,DAMP,Yes,Apartment,Water Supply,Scalding Hot Water,Kitchen,High
Department of Housing Preservation and Development,Plumbing,Sec 8,Yes,Apartment,Basin/Sink,Basin Broken/Leaking,Other Room/Area,High
Department of Housing Preservation and Development,Plumbing,Sec 8,Yes,Apartment,Basin/Sink,Basin Broken/Leaking,Bathroom,High
Department of Housing Preservation and Development,Plumbing,Sec 8,Yes,Apartment,Basin/Sink,Basin Broken/Leaking,Kitchen,High
Department of Housing Preservation and Development,Plumbing,Sec 8,Yes,Apartment,Basin/Sink,Basin Chipped or Rusted,Kitchen,Medium
Department of Housing Preservation and Development,Plumbing,Sec 8,Yes,Apartment,Basin/Sink,Basin Chipped or Rusted,Bathroom,Medium
Department of Housing Preservation and Development,Plumbing,Sec 8,Yes,Apartment,Basin/Sink,Basin Chipped or Rusted,Other Room/Area,Medium
Department of Housing Preservation and Development,Plumbing,Sec 8,Yes,Apartment,Basin/Sink,Basin Missing,Other Room/Area,High
Department of Housing Preservation and Development,Plumbing,Sec 8,Yes,Apartment,Basin/Sink,Basin Missing,Bathroom,High
Department of Housing Preservation and Development,Plumbing,Sec 8,Yes,Apartment,Basin/Sink,Basin Missing,Kitchen,High
Department of Housing Preservation and Development,Plumbing,Sec 8,Yes,Apartment,Basin/Sink,Drain Pipe Blocked or Broken,Kitchen,High
Department of Housing Preservation and Development,Plumbing,Sec 8,Yes,Apartment,Basin/Sink,Drain Pipe Blocked or Broken,Bathroom,High
Department of Housing Preservation and Development,Plumbing,Sec 8,Yes,Apartment,Basin/Sink,Drain Pipe Blocked or Broken,Other Room/Area,High
Department of Housing Preservation and Development,Plumbing,Sec 8,Yes,Apartment,Basin/Sink,Faucet Broken/Missing/Leaking,Other Room/Area,Medium
Department of Housing Preservation and Development,Plumbing,Sec 8,Yes,Apartment,Basin/Sink,Faucet Broken/Missing/Leaking,Bathroom,Medium
Department of Housing Preservation and Development,Plumbing,Sec 8,Yes,Apartment,Basin/Sink,Faucet Broken/Missing/Leaking,Kitchen,Medium
Department of Housing Preservation and Development,Plumbing,Sec 8,Yes,Apartment,Basin/Sink,No Water,Kitchen,High
Department of Housing Preservation and Development,Plumbing,Sec 8,Yes,Apartment,Basin/Sink,No Water,Bathroom,High
Department of Housing Preservation and Development,Plumbing,Sec 8,Yes,Apartment,Basin/Sink,No Water,Other Room/Area,High
Department of Housing Preservation and Development,Plumbing,Sec 8,Yes,Apartment,Basin/Sink,Pipe Leaking,Other Room/Area,High
Department of Housing Preservation and Development,Plumbing,Sec 8,Yes,Apartment,Basin/Sink,Pipe Leaking,Bathroom,High
Department of Housing Preservation and Development,Plumbing,Sec 8,Yes,Apartment,Basin/Sink,Pipe Leaking,Kitchen,High
Department of Housing Preservation and Development,Plumbing,Sec 8,Yes,Apartment,Basin/Sink,Sink Detached from Wall,Kitchen,Medium
Department of Housing Preservation and Development,Plumbing,Sec 8,Yes,Apartment,Basin/Sink,Sink Detached from Wall,Bathroom,Medium
Department of Housing Preservation and Development,Plumbing,Sec 8,Yes,Apartment,Basin/Sink,Sink Detached from Wall,Other Room/Area,Medium
Department of Housing Preservation and Development,Plumbing,Sec 8,Yes,Apartment,Bathtub/Shower,Broken or Missing,Other Room/Area,High
Department of Housing Preservation and Development,Plumbing,Sec 8,Yes,Apartment,Bathtub/Shower,Broken or Missing,Bathroom,High
Department of Housing Preservation and Development,Plumbing,Sec 8,Yes,Apartment,Bathtub/Shower,Chipped or Rusted,Bathroom,Medium
Department of Housing Preservation and Development,Plumbing,Sec 8,Yes,Apartment,Bathtub/Shower,Chipped or Rusted,Other Room/Area,Medium
Department of Housing Preservation and Development,Plumbing,Sec 8,Yes,Apartment,Bathtub/Shower,Faucet Broken/Missing/Leaking,Other Room/Area,Medium
Department of Housing Preservation and Development,Plumbing,Sec 8,Yes,Apartment,Bathtub/Shower,Faucet Broken/Missing/Leaking,Bathroom,Medium
Department of Housing Preservation and Development,Plumbing,Sec 8,Yes,Apartment,Bathtub/Shower,Leaking into Other Apartment,Bathroom,High
Department of Housing Preservation and Development,Plumbing,Sec 8,Yes,Apartment,Bathtub/Shower,Leaking into Other Apartment,Other Room/Area,High
Department of Housing Preservation and Development,Plumbing,Sec 8,Yes,Apartment,Bathtub/Shower,No Water,Other Room/Area,High
Department of Housing Preservation and Development,Plumbing,Sec 8,Yes,Apartment,Bathtub/Shower,No Water,Bathroom,High
Department of Housing Preservation and Development,Plumbing,Sec 8,Yes,Apartment,Radiator,Air Valve Broken or Missing,Bathroom,Medium
Department of Housing Preservation and Development,Plumbing,Sec 8,Yes,Apartment,Radiator,Air Valve Broken or Missing,Bedroom,Medium
Department of Housing Preservation and Development,Plumbing,Sec 8,Yes,Apartment,Radiator,Air Valve Broken or Missing,Kitchen,Medium
Department of Housing Preservation and Development,Plumbing,Sec 8,Yes,Apartment,Radiator,Air Valve Broken or Missing,Living Room,Medium
Department of Housing Preservation and Development,Plumbing,Sec 8,Yes,Apartment,Radiator,Air Valve Broken or Missing,Entrance/Foyer,Medium
Department of Housing Preservation and Development,Plumbing,Sec 8,Yes,Apartment,Radiator,Air Valve Broken or Missing,Other Room/Area,Medium
Department of Housing Preservation and Development,Plumbing,Sec 8,Yes,Apartment,Radiator,Air Valve Broken or Missing,Private Hall,Medium
Department of Housing Preservation and Development,Plumbing,Sec 8,Yes,Apartment,Radiator,Broken or Missing,Private Hall,High
Department of Housing Preservation and Development,Plumbing,Sec 8,Yes,Apartment,Radiator,Broken or Missing,Other Room/Area,High
Department of Housing Preservation and Development,Plumbing,Sec 8,Yes,Apartment,Radiator,Broken or Missing,Entrance/Foyer,High
Department of Housing Preservation and Development,Plumbing,Sec 8,Yes,Apartment,Radiator,Broken or Missing,Living Room,High
Department of Housing Preservation and Development,Plumbing,Sec 8,Yes,Apartment,Radiator,Broken or Missing,Kitchen,High
Department of Housing Preservation and Development,Plumbing,Sec 8,Yes,Apartment,Radiator,Broken or Missing,Bedroom,High
Department of Housing Preservation and Development,Plumbing,Sec 8,Yes,Apartment,Radiator,Broken or Missing,Bathroom,High
Department of Housing Preservation and Development,Plumbing,Sec 8,Yes,Apartment,Radiator,Cracked or Leaking,Bathroom,High
Department of Housing Preservation and Development,Plumbing,Sec 8,Yes,Apartment,Radiator,Cracked or Leaking,Bedroom,High
Department of Housing Preservation and Development,Plumbing,Sec 8,Yes,Apartment,Radiator,Cracked or Leaking,Kitchen,High
Department of Housing Preservation and Development,Plumbing,Sec 8,Yes,Apartment,Radiator,Cracked or Leaking,Living Room,High
Department of Housing Preservation and Development,Plumbing,Sec 8,Yes,Apartment,Radiator,Cracked or Leaking,Entrance/Foyer,High
Department of Housing Preservation and Development,Plumbing,Sec 8,Yes,Apartment,Radiator,Cracked or Leaking,Other Room/Area,Medium
Department of Housing Preservation and Development,Plumbing,Sec 8,Yes,Apartment,Radiator,Cracked or Leaking,Private Hall,Medium
Department of Housing Preservation and Development,Plumbing,Sec 8,Yes,Apartment,Radiator,Loose or Disconnected,Private Hall,Medium
Department of Housing Preservation and Development,Plumbing,Sec 8,Yes,Apartment,Radiator,Loose or Disconnected,Other Room/Area,Medium
Department of Housing Preservation and Development,Plumbing,Sec 8,Yes,Apartment,Radiator,Loose or Disconnected,Entrance/Foyer,Medium
Department of Housing Preservation and Development,Plumbing,Sec 8,Yes,Apartment,Radiator,Loose or Disconnected,Living Room,Medium
Department of Housing Preservation and Development,Plumbing,Sec 8,Yes,Apartment,Radiator,Loose or Disconnected,Kitchen,Medium
Department of Housing Preservation and Development,Plumbing,Sec 8,Yes,Apartment,Radiator,Loose or Disconnected,Bedroom,High
Department of Housing Preservation and Development,Plumbing,Sec 8,Yes,Apartment,Radiator,Loose or Disconnected,Bathroom,High
Department of Housing Preservation and Development,Plumbing,Sec 8,Yes,Apartment,Radiator,Missing or Removed,Bathroom,High
Department of Housing Preservation and Development,Plumbing,Sec 8,Yes,Apartment,Radiator,Missing or Removed,Bedroom,High
Department of Housing Preservation and Development,Plumbing,Sec 8,Yes,Apartment,Radiator,Missing or Removed,Kitchen,High
Department of Housing Preservation and Development,Plumbing,Sec 8,Yes,Apartment,Radiator,Missing or Removed,Living Room,High
Department of Housing Preservation and Development,Plumbing,Sec 8,Yes,Apartment,Radiator,Missing or Removed,Entrance/Foyer,High
Department of Housing Preservation and Development,Plumbing,Sec 8,Yes,Apartment,Radiator,Missing or Removed,Entire Apartment,High
Department of Housing Preservation and Development,Plumbing,Sec 8,Yes,Apartment,Radiator,Missing or Removed,Other Room/Area,Medium
Department of Housing Preservation and Development,Plumbing,Sec 8,Yes,Apartment,Radiator,Missing or Removed,Private Hall,Medium
Department of Housing Preservation and Development,Plumbing,Sec 8,Yes,Apartment,Radiator,Shut Off Valve Broken,Private Hall,Medium
Department of Housing Preservation and Development,Plumbing,Sec 8,Yes,Apartment,Radiator,Shut Off Valve Broken,Other Room/Area,Medium
Department of Housing Preservation and Development,Plumbing,Sec 8,Yes,Apartment,Radiator,Shut Off Valve Broken,Entrance/Foyer,Medium
Department of Housing Preservation and Development,Plumbing,Sec 8,Yes,Apartment,Radiator,Shut Off Valve Broken,Living Room,Medium
Department of Housing Preservation and Development,Plumbing,Sec 8,Yes,Apartment,Radiator,Shut Off Valve Broken,Kitchen,Medium
Department of Housing Preservation and Development,Plumbing,Sec 8,Yes,Apartment,Radiator,Shut Off Valve Broken,Bedroom,Medium
Department of Housing Preservation and Development,Plumbing,Sec 8,Yes,Apartment,Radiator,Shut Off Valve Broken,Bathroom,Medium
Department of Housing Preservation and Development,Plumbing,Sec 8,Yes,Apartment,Steam Pipe/Riser,Cracked or Broken,Bathroom,High
Department of Housing Preservation and Development,Plumbing,Sec 8,Yes,Apartment,Steam Pipe/Riser,Cracked or Broken,Bedroom,High
Department of Housing Preservation and Development,Plumbing,Sec 8,Yes,Apartment,Steam Pipe/Riser,Cracked or Broken,Kitchen,High
Department of Housing Preservation and Development,Plumbing,Sec 8,Yes,Apartment,Steam Pipe/Riser,Cracked or Broken,Living Room,High
Department of Housing Preservation and Development,Plumbing,Sec 8,Yes,Apartment,Steam Pipe/Riser,Cracked or Broken,Entrance/Foyer,High
Department of Housing Preservation and Development,Plumbing,Sec 8,Yes,Apartment,Steam Pipe/Riser,Cracked or Broken,Other Room/Area,High
Department of Housing Preservation and Development,Plumbing,Sec 8,Yes,Apartment,Steam Pipe/Riser,Cracked or Broken,Private Hall,High
Department of Housing Preservation and Development,Plumbing,Sec 8,Yes,Apartment,Steam Pipe/Riser,Leaking,Private Hall,High
Department of Housing Preservation and Development,Plumbing,Sec 8,Yes,Apartment,Steam Pipe/Riser,Leaking,Other Room/Area,High
Department of Housing Preservation and Development,Plumbing,Sec 8,Yes,Apartment,Steam Pipe/Riser,Leaking,Entrance/Foyer,High
Department of Housing Preservation and Development,Plumbing,Sec 8,Yes,Apartment,Steam Pipe/Riser,Leaking,Entire Apartment,High
Department of Housing Preservation and Development,Plumbing,Sec 8,Yes,Apartment,Steam Pipe/Riser,Leaking,Living Room,High
Department of Housing Preservation and Development,Plumbing,Sec 8,Yes,Apartment,Steam Pipe/Riser,Leaking,Kitchen,High
Department of Housing Preservation and Development,Plumbing,Sec 8,Yes,Apartment,Steam Pipe/Riser,Leaking,Bedroom,High
Department of Housing Preservation and Development,Plumbing,Sec 8,Yes,Apartment,Steam Pipe/Riser,Leaking,Bathroom,High
Department of Housing Preservation and Development,Plumbing,Sec 8,Yes,Apartment,Toilet,Bowl Cracked or Leaking,Bathroom,High
Department of Housing Preservation and Development,Plumbing,Sec 8,Yes,Apartment,Toilet,Bowl Cracked or Leaking,Other Room/Area,High
Department of Housing Preservation and Development,Plumbing,Sec 8,Yes,Apartment,Toilet,Bowl Loose or Wobbly,Other Room/Area,Medium
Department of Housing Preservation and Development,Plumbing,Sec 8,Yes,Apartment,Toilet,Bowl Loose or Wobbly,Bathroom,Medium
Department of Housing Preservation and Development,Plumbing,Sec 8,Yes,Apartment,Toilet,Bowl Removed or Missing,Bathroom,High
Department of Housing Preservation and Development,Plumbing,Sec 8,Yes,Apartment,Toilet,Bowl Removed or Missing,Other Room/Area,High
Department of Housing Preservation and Development,Plumbing,Sec 8,Yes,Apartment,Toilet,Bowl Stopped Up,Other Room/Area,Medium
Department of Housing Preservation and Development,Plumbing,Sec 8,Yes,Apartment,Toilet,Bowl Stopped Up,Bathroom,Medium
Department of Housing Preservation and Development,Plumbing,Sec 8,Yes,Apartment,Toilet,Continuously Runs,Bathroom,High
Department of Housing Preservation and Development,Plumbing,Sec 8,Yes,Apartment,Toilet,Continuously Runs,Other Room/Area,High
Department of Housing Preservation and Development,Plumbing,Sec 8,Yes,Apartment,Toilet,Disconnected,Other Room/Area,Medium
Department of Housing Preservation and Development,Plumbing,Sec 8,Yes,Apartment,Toilet,Disconnected,Bathroom,Medium
Department of Housing Preservation and Development,Plumbing,Sec 8,Yes,Apartment,Toilet,Flush Handle Broken or Missing,Bathroom,Medium
Department of Housing Preservation and Development,Plumbing,Sec 8,Yes,Apartment,Toilet,Flush Handle Broken or Missing,Other Room/Area,Medium
Department of Housing Preservation and Development,Plumbing,Sec 8,Yes,Apartment,Toilet,No Water,Other Room/Area,High
Department of Housing Preservation and Development,Plumbing,Sec 8,Yes,Apartment,Toilet,No Water,Bathroom,High
Department of Housing Preservation and Development,Plumbing,Sec 8,Yes,Apartment,Toilet,Tank Cracked or Leaking,Bathroom,High
Department of Housing Preservation and Development,Plumbing,Sec 8,Yes,Apartment,Toilet,Tank Cracked or Leaking,Other Room/Area,High
Department of Housing Preservation and Development,Plumbing,Sec 8,Yes,Apartment,Water Supply,Low Water Pressure,Other Room/Area,Medium
Department of Housing Preservation and Development,Plumbing,Sec 8,Yes,Apartment,Water Supply,Low Water Pressure,Bathroom,Medium
Department of Housing Preservation and Development,Plumbing,Sec 8,Yes,Apartment,Water Supply,Low Water Pressure,Kitchen,Medium
Department of Housing Preservation and Development,Plumbing,Sec 8,Yes,Apartment,Water Supply,No Cold Water,Kitchen,Medium
Department of Housing Preservation and Development,Plumbing,Sec 8,Yes,Apartment,Water Supply,No Cold Water,Bathroom,Medium
Department of Housing Preservation and Development,Plumbing,Sec 8,Yes,Apartment,Water Supply,No Hot Water,Bathroom,High
Department of Housing Preservation and Development,Plumbing,Sec 8,Yes,Apartment,Water Supply,No Hot Water,Kitchen,High
Department of Housing Preservation and Development,Plumbing,Sec 8,Yes,Apartment,Water Supply,No Hot Water,Entire Apartment,High
Department of Housing Preservation and Development,Plumbing,Sec 8,Yes,Apartment,Water Supply,No Hot Water,Entire Building,High
Department of Housing Preservation and Development,Plumbing,Sec 8,Yes,Apartment,Water Supply,No Water,Entire Building,High
Department of Housing Preservation and Development,Plumbing,Sec 8,Yes,Apartment,Water Supply,No Water,Entire Apartment,High
Department of Housing Preservation and Development,Plumbing,Sec 8,Yes,Apartment,Water Supply,No Water,Kitchen,High
Department of Housing Preservation and Development,Plumbing,Sec 8,Yes,Apartment,Water Supply,No Water,Bathroom,High
Department of Housing Preservation and Development,Plumbing,Sec 8,Yes,Apartment,Water Supply,Scalding Hot Water,Bathroom,High
Department of Housing Preservation and Development,Plumbing,Sec 8,Yes,Apartment,Water Supply,Scalding Hot Water,Kitchen,High
Department of Housing Preservation and Development,Plumbing,DAMP,Yes,Public Area,Basin/Sink,Basin Broken/Leaking,Kitchen,High
Department of Housing Preservation and Development,Plumbing,DAMP,Yes,Public Area,Basin/Sink,Basin Broken/Leaking,Bathroom,High
Department of Housing Preservation and Development,Plumbing,DAMP,Yes,Public Area,Basin/Sink,Basin Chipped or Rusted,Bathroom,High
Department of Housing Preservation and Development,Plumbing,DAMP,Yes,Public Area,Basin/Sink,Basin Chipped or Rusted,Kitchen,High
Department of Housing Preservation and Development,Plumbing,DAMP,Yes,Public Area,Basin/Sink,Basin Chipped or Rusted,Other Room/Area,Medium
Department of Housing Preservation and Development,Plumbing,DAMP,Yes,Public Area,Basin/Sink,Basin Missing,Other Room/Area,Medium
Department of Housing Preservation and Development,Plumbing,DAMP,Yes,Public Area,Basin/Sink,Basin Missing,Kitchen,Medium
Department of Housing Preservation and Development,Plumbing,DAMP,Yes,Public Area,Basin/Sink,Basin Missing,Bathroom,Medium
Department of Housing Preservation and Development,Plumbing,DAMP,Yes,Public Area,Basin/Sink,Drain Pipe Blocked or Broken,Bathroom,Medium
Department of Housing Preservation and Development,Plumbing,DAMP,Yes,Public Area,Basin/Sink,Drain Pipe Blocked or Broken,Kitchen,Medium
Department of Housing Preservation and Development,Plumbing,DAMP,Yes,Public Area,Basin/Sink,Drain Pipe Blocked or Broken,Other Room/Area,High
Department of Housing Preservation and Development,Plumbing,DAMP,Yes,Public Area,Basin/Sink,Faucet Broken/Missing/Leaking,Other Room/Area,High
Department of Housing Preservation and Development,Plumbing,DAMP,Yes,Public Area,Basin/Sink,Faucet Broken/Missing/Leaking,Kitchen,High
Department of Housing Preservation and Development,Plumbing,DAMP,Yes,Public Area,Basin/Sink,Faucet Broken/Missing/Leaking,Bathroom,High
Department of Housing Preservation and Development,Plumbing,DAMP,Yes,Public Area,Basin/Sink,No Water,Bathroom,High
Department of Housing Preservation and Development,Plumbing,DAMP,Yes,Public Area,Basin/Sink,No Water,Kitchen,High
Department of Housing Preservation and Development,Plumbing,DAMP,Yes,Public Area,Basin/Sink,No Water,Other Room/Area,High
Department of Housing Preservation and Development,Plumbing,DAMP,Yes,Public Area,Basin/Sink,Pipe Leaking,Other Room/Area,High
Department of Housing Preservation and Development,Plumbing,DAMP,Yes,Public Area,Basin/Sink,Pipe Leaking,Kitchen,High
Department of Housing Preservation and Development,Plumbing,DAMP,Yes,Public Area,Basin/Sink,Pipe Leaking,Bathroom,High
Department of Housing Preservation and Development,Plumbing,DAMP,Yes,Public Area,Basin/Sink,Sink Detached from Wall,Bathroom,High
Department of Housing Preservation and Development,Plumbing,DAMP,Yes,Public Area,Basin/Sink,Sink Detached from Wall,Kitchen,High
Department of Housing Preservation and Development,Plumbing,DAMP,Yes,Public Area,Basin/Sink,Sink Detached from Wall,Other Room/Area,High
Department of Housing Preservation and Development,Plumbing,DAMP,Yes,Public Area,Bathtub/Shower,Broken or Missing,Other Room/Area,Medium
Department of Housing Preservation and Development,Plumbing,DAMP,Yes,Public Area,Bathtub/Shower,Broken or Missing,Bathroom,Medium
Department of Housing Preservation and Development,Plumbing,DAMP,Yes,Public Area,Bathtub/Shower,Chipped or Rusted,Bathroom,Medium
Department of Housing Preservation and Development,Plumbing,DAMP,Yes,Public Area,Bathtub/Shower,Faucet Broken/Missing/Leaking,Bathroom,Medium
Department of Housing Preservation and Development,Plumbing,DAMP,Yes,Public Area,Bathtub/Shower,Faucet Broken/Missing/Leaking,Other Room/Area,Medium
Department of Housing Preservation and Development,Plumbing,DAMP,Yes,Public Area,Bathtub/Shower,Leaking into Other Apartment,Other Room/Area,Medium
Department of Housing Preservation and Development,Plumbing,DAMP,Yes,Public Area,Bathtub/Shower,Leaking into Other Apartment,Bathroom,High
Department of Housing Preservation and Development,Plumbing,DAMP,Yes,Public Area,Bathtub/Shower,No Water,Bathroom,High
Department of Housing Preservation and Development,Plumbing,DAMP,Yes,Public Area,Bathtub/Shower,No Water,Other Room/Area,High
Department of Housing Preservation and Development,Plumbing,DAMP,Yes,Public Area,Boiler,Broken,Boiler Room,High
Department of Housing Preservation and Development,Plumbing,DAMP,Yes,Public Area,Radiator,Air Valve Broken or Missing,Cellar,High
Department of Housing Preservation and Development,Plumbing,DAMP,Yes,Public Area,Radiator,Air Valve Broken or Missing,Bathroom,High
Department of Housing Preservation and Development,Plumbing,DAMP,Yes,Public Area,Radiator,Air Valve Broken or Missing,Basement,High
Department of Housing Preservation and Development,Plumbing,DAMP,Yes,Public Area,Radiator,Air Valve Broken or Missing,Lobby,High
Department of Housing Preservation and Development,Plumbing,DAMP,Yes,Public Area,Radiator,Air Valve Broken or Missing,Kitchen,High
Department of Housing Preservation and Development,Plumbing,DAMP,Yes,Public Area,Radiator,Air Valve Broken or Missing,Hallway,High
Department of Housing Preservation and Development,Plumbing,DAMP,Yes,Public Area,Radiator,Air Valve Broken or Missing,Other Room/Area,High
Department of Housing Preservation and Development,Plumbing,DAMP,Yes,Public Area,Radiator,Air Valve Broken or Missing,Stairs,High
Department of Housing Preservation and Development,Plumbing,DAMP,Yes,Public Area,Radiator,Air Valve Broken or Missing,Storage Room,High
Department of Housing Preservation and Development,Plumbing,DAMP,Yes,Public Area,Radiator,Broken or Missing,Storage Room,High
Department of Housing Preservation and Development,Plumbing,DAMP,Yes,Public Area,Radiator,Broken or Missing,Stairs,High
Department of Housing Preservation and Development,Plumbing,DAMP,Yes,Public Area,Radiator,Broken or Missing,Other Room/Area,High
Department of Housing Preservation and Development,Plumbing,DAMP,Yes,Public Area,Radiator,Broken or Missing,Hallway,High
Department of Housing Preservation and Development,Plumbing,DAMP,Yes,Public Area,Radiator,Broken or Missing,Kitchen,High
Department of Housing Preservation and Development,Plumbing,DAMP,Yes,Public Area,Radiator,Broken or Missing,Lobby,High
Department of Housing Preservation and Development,Plumbing,DAMP,Yes,Public Area,Radiator,Broken or Missing,Basement,High
Department of Housing Preservation and Development,Plumbing,DAMP,Yes,Public Area,Radiator,Broken or Missing,Bathroom,High
Department of Housing Preservation and Development,Plumbing,DAMP,Yes,Public Area,Radiator,Broken or Missing,Cellar,High
Department of Housing Preservation and Development,Plumbing,DAMP,Yes,Public Area,Radiator,Cracked or Leaking,Cellar,High
Department of Housing Preservation and Development,Plumbing,DAMP,Yes,Public Area,Radiator,Cracked or Leaking,Bathroom,High
Department of Housing Preservation and Development,Plumbing,DAMP,Yes,Public Area,Radiator,Cracked or Leaking,Basement,High
Department of Housing Preservation and Development,Plumbing,DAMP,Yes,Public Area,Radiator,Cracked or Leaking,Lobby,High
Department of Housing Preservation and Development,Plumbing,DAMP,Yes,Public Area,Radiator,Cracked or Leaking,Kitchen,Medium
Department of Housing Preservation and Development,Plumbing,DAMP,Yes,Public Area,Radiator,Cracked or Leaking,Hallway,Medium
Department of Housing Preservation and Development,Plumbing,DAMP,Yes,Public Area,Radiator,Cracked or Leaking,Other Room/Area,Medium
Department of Housing Preservation and Development,Plumbing,DAMP,Yes,Public Area,Radiator,Cracked or Leaking,Stairs,Medium
Department of Housing Preservation and Development,Plumbing,DAMP,Yes,Public Area,Radiator,Cracked or Leaking,Storage Room,Medium
Department of Housing Preservation and Development,Plumbing,DAMP,Yes,Public Area,Radiator,Loose or Disconnected,Storage Room,Medium
Department of Housing Preservation and Development,Plumbing,DAMP,Yes,Public Area,Radiator,Loose or Disconnected,Stairs,Medium
Department of Housing Preservation and Development,Plumbing,DAMP,Yes,Public Area,Radiator,Loose or Disconnected,Other Room/Area,Medium
Department of Housing Preservation and Development,Plumbing,DAMP,Yes,Public Area,Radiator,Loose or Disconnected,Hallway,Medium
Department of Housing Preservation and Development,Plumbing,DAMP,Yes,Public Area,Radiator,Loose or Disconnected,Lobby,High
Department of Housing Preservation and Development,Plumbing,DAMP,Yes,Public Area,Radiator,Loose or Disconnected,Kitchen,High
Department of Housing Preservation and Development,Plumbing,DAMP,Yes,Public Area,Radiator,Loose or Disconnected,Basement,High
Department of Housing Preservation and Development,Plumbing,DAMP,Yes,Public Area,Radiator,Loose or Disconnected,Bathroom,High
Department of Housing Preservation and Development,Plumbing,DAMP,Yes,Public Area,Radiator,Loose or Disconnected,Cellar,High
Department of Housing Preservation and Development,Plumbing,DAMP,Yes,Public Area,Radiator,Shut Off Valve Broken,Cellar,High
Department of Housing Preservation and Development,Plumbing,DAMP,Yes,Public Area,Radiator,Shut Off Valve Broken,Basement,High
Department of Housing Preservation and Development,Plumbing,DAMP,Yes,Public Area,Radiator,Shut Off Valve Broken,Bathroom,High
Department of Housing Preservation and Development,Plumbing,DAMP,Yes,Public Area,Radiator,Shut Off Valve Broken,Kitchen,High
Department of Housing Preservation and Development,Plumbing,DAMP,Yes,Public Area,Radiator,Shut Off Valve Broken,Laundry Room,High
Department of Housing Preservation and Development,Plumbing,DAMP,Yes,Public Area,Radiator,Shut Off Valve Broken,Lobby,High
Department of Housing Preservation and Development,Plumbing,DAMP,Yes,Public Area,Radiator,Shut Off Valve Broken,Hallway,High
Department of Housing Preservation and Development,Plumbing,DAMP,Yes,Public Area,Radiator,Shut Off Valve Broken,Other Room/Area,High
Department of Housing Preservation and Development,Plumbing,DAMP,Yes,Public Area,Radiator,Shut Off Valve Broken,Stairs,High
Department of Housing Preservation and Development,Plumbing,DAMP,Yes,Public Area,Radiator,Shut Off Valve Broken,Storage Room,High
Department of Housing Preservation and Development,Plumbing,DAMP,Yes,Public Area,Sewer,Broken or Blocked Drain,Laundry Room,High
Department of Housing Preservation and Development,Plumbing,DAMP,Yes,Public Area,Sewer,Broken or Blocked Pipe,Laundry Room,High
Department of Housing Preservation and Development,Plumbing,DAMP,Yes,Public Area,Sewer,Broken or Blocked Pipe,Lobby,High
Department of Housing Preservation and Development,Plumbing,DAMP,Yes,Public Area,Sewer,Broken or Blocked Pipe,Meter Room,High
Department of Housing Preservation and Development,Plumbing,DAMP,Yes,Public Area,Sewer,Broken or Blocked Pipe,Fire Exit/Passageway,High
Department of Housing Preservation and Development,Plumbing,DAMP,Yes,Public Area,Sewer,Broken or Blocked Pipe,Basement,High
Department of Housing Preservation and Development,Plumbing,DAMP,Yes,Public Area,Sewer,Broken or Blocked Pipe,Courtyard,High
Department of Housing Preservation and Development,Plumbing,DAMP,Yes,Public Area,Sewer,Broken or Blocked Pipe,Cellar,High
Department of Housing Preservation and Development,Plumbing,DAMP,Yes,Public Area,Sewer,Broken or Blocked Pipe,Boiler Room,High
Department of Housing Preservation and Development,Plumbing,DAMP,Yes,Public Area,Sewer,Broken or Blocked Pipe,Building Entrance,High
Department of Housing Preservation and Development,Plumbing,DAMP,Yes,Public Area,Sewer,Broken or Blocked Pipe,Storage Room,High
Department of Housing Preservation and Development,Plumbing,DAMP,Yes,Public Area,Sewer,Broken or Blocked Pipe,Yard,High
Department of Housing Preservation and Development,Plumbing,DAMP,Yes,Public Area,Sewer,Broken or Blocked Pipe,Other Room/Area,High
Department of Housing Preservation and Development,Plumbing,DAMP,Yes,Public Area,Steam Pipe/Riser,Cracked or Broken,Other Room/Area,High
Department of Housing Preservation and Development,Plumbing,DAMP,Yes,Public Area,Steam Pipe/Riser,Cracked or Broken,Stairs,High
Department of Housing Preservation and Development,Plumbing,DAMP,Yes,Public Area,Steam Pipe/Riser,Cracked or Broken,Storage Room,High
Department of Housing Preservation and Development,Plumbing,DAMP,Yes,Public Area,Steam Pipe/Riser,Cracked or Broken,Cellar,High
Department of Housing Preservation and Development,Plumbing,DAMP,Yes,Public Area,Steam Pipe/Riser,Cracked or Broken,Basement,High
Department of Housing Preservation and Development,Plumbing,DAMP,Yes,Public Area,Steam Pipe/Riser,Cracked or Broken,Bathroom,High
Department of Housing Preservation and Development,Plumbing,DAMP,Yes,Public Area,Steam Pipe/Riser,Cracked or Broken,Hallway,High
Department of Housing Preservation and Development,Plumbing,DAMP,Yes,Public Area,Steam Pipe/Riser,Cracked or Broken,Kitchen,High
Department of Housing Preservation and Development,Plumbing,DAMP,Yes,Public Area,Steam Pipe/Riser,Cracked or Broken,Lobby,High
Department of Housing Preservation and Development,Plumbing,DAMP,Yes,Public Area,Steam Pipe/Riser,Cracked or Broken,Laundry Room,High
Department of Housing Preservation and Development,Plumbing,DAMP,Yes,Public Area,Steam Pipe/Riser,Leaking,Laundry Room,Medium
Department of Housing Preservation and Development,Plumbing,DAMP,Yes,Public Area,Steam Pipe/Riser,Leaking,Kitchen,Medium
Department of Housing Preservation and Development,Plumbing,DAMP,Yes,Public Area,Steam Pipe/Riser,Leaking,Lobby,Medium
Department of Housing Preservation and Development,Plumbing,DAMP,Yes,Public Area,Steam Pipe/Riser,Leaking,Hallway,Medium
Department of Housing Preservation and Development,Plumbing,DAMP,Yes,Public Area,Steam Pipe/Riser,Leaking,Bathroom,Medium
Department of Housing Preservation and Development,Plumbing,DAMP,Yes,Public Area,Steam Pipe/Riser,Leaking,Basement,Medium
Department of Housing Preservation and Development,Plumbing,DAMP,Yes,Public Area,Steam Pipe/Riser,Leaking,Boiler Room,Medium
Department of Housing Preservation and Development,Plumbing,DAMP,Yes,Public Area,Steam Pipe/Riser,Leaking,Cellar,Medium
Department of Housing Preservation and Development,Plumbing,DAMP,Yes,Public Area,Steam Pipe/Riser,Leaking,Compactor Closet,Medium
Department of Housing Preservation and Development,Plumbing,DAMP,Yes,Public Area,Steam Pipe/Riser,Leaking,Storage Room,Medium
Department of Housing Preservation and Development,Plumbing,DAMP,Yes,Public Area,Steam Pipe/Riser,Leaking,Stairs,Medium
Department of Housing Preservation and Development,Plumbing,DAMP,Yes,Public Area,Steam Pipe/Riser,Leaking,Other Room/Area,Medium
Department of Housing Preservation and Development,Plumbing,DAMP,Yes,Public Area,Steam Pipe/Riser,Leaking,Meter Room,Medium
Department of Housing Preservation and Development,Plumbing,DAMP,Yes,Public Area,Toilet,Bowl Cracked or Leaking,Bathroom,Medium
Department of Housing Preservation and Development,Plumbing,DAMP,Yes,Public Area,Toilet,Bowl Loose or Wobbly,Bathroom,Medium
Department of Housing Preservation and Development,Plumbing,DAMP,Yes,Public Area,Toilet,Bowl Removed or Missing,Bathroom,Medium
Department of Housing Preservation and Development,Plumbing,DAMP,Yes,Public Area,Toilet,Bowl Stopped Up,Bathroom,Medium
Department of Housing Preservation and Development,Plumbing,DAMP,Yes,Public Area,Toilet,Continuously Runs,Bathroom,Medium
Department of Housing Preservation and Development,Plumbing,DAMP,Yes,Public Area,Toilet,Flush Handle Broken or Missing,Bathroom,Medium
Department of Housing Preservation and Development,Plumbing,DAMP,Yes,Public Area,Toilet,No Water,Bathroom,Medium
Department of Housing Preservation and Development,Plumbing,DAMP,Yes,Public Area,Toilet,Tank Cracked or Leaking,Bathroom,Medium
Department of Housing Preservation and Development,Plumbing,DAMP,Yes,Public Area,Water Supply,Low Water Pressure,Bathroom,Medium
Department of Housing Preservation and Development,Plumbing,DAMP,Yes,Public Area,Water Supply,Low Water Pressure,Kitchen,High
Department of Housing Preservation and Development,Plumbing,DAMP,Yes,Public Area,Water Supply,No Cold Water,Kitchen,High
Department of Housing Preservation and Development,Plumbing,DAMP,Yes,Public Area,Water Supply,No Cold Water,Bathroom,High
Department of Housing Preservation and Development,Plumbing,DAMP,Yes,Public Area,Water Supply,No Hot Water,Bathroom,High
Department of Housing Preservation and Development,Plumbing,DAMP,Yes,Public Area,Water Supply,No Hot Water,Kitchen,High
Department of Housing Preservation and Development,Plumbing,DAMP,Yes,Public Area,Water Supply,No Water,Kitchen,High
Department of Housing Preservation and Development,Plumbing,DAMP,Yes,Public Area,Water Supply,No Water,Bathroom,High
Department of Housing Preservation and Development,Plumbing,DAMP,Yes,Public Area,Water Supply,Scalding Hot Water,Bathroom,High
Department of Housing Preservation and Development,Plumbing,DAMP,Yes,Public Area,Water Supply,Scalding Hot Water,Kitchen,High
Department of Housing Preservation and Development,Safety,DAMP,Yes,Public Area,Fire Escape,Blocked,Fire Escape/Egress,
Department of Housing Preservation and Development,Safety,DAMP,Yes,Public Area,Fire Escape,Broken or Defective,Fire Escape/Egress,
Department of Housing Preservation and Development,Safety,DAMP,Yes,Public Area,Fire Escape,Window Broken or Blocked,Hallway,
Department of Housing Preservation and Development,Safety,DAMP,Yes,Public Area,Fire Escape,Window Broken or Blocked,Kitchen,
Department of Housing Preservation and Development,Safety,DAMP,Yes,Public Area,Fire Escape,Window Broken or Blocked,Lobby,
Department of Housing Preservation and Development,Safety,DAMP,Yes,Public Area,Fire Escape,Window Broken or Blocked,Bathroom,
Department of Housing Preservation and Development,Safety,DAMP,Yes,Public Area,Fire Escape,Window Broken or Blocked,Courtyard,
Department of Housing Preservation and Development,Safety,DAMP,Yes,Public Area,Fire Escape,Window Broken or Blocked,Other Room/Area,
Department of Housing Preservation and Development,Safety,DAMP,Yes,Public Area,Fire Escape,Window Broken or Blocked,Stairs,
Department of Housing Preservation and Development,Safety,DAMP,Yes,Public Area,Fire Escape,Window Broken or Blocked,Yard,
Department of Housing Preservation and Development,Safety,DAMP,Yes,Public Area,Outlet Cover,Missing,Hallway,
Department of Housing Preservation and Development,Safety,DAMP,Yes,Public Area,Sprinkler,Sprinkler Missing,Hallway,
Department of Housing Preservation and Development,Safety,DAMP,Yes,Public Area,Sprinkler,Sprinkler Missing,Fire Stairs/Tower,
Department of Housing Preservation and Development,Safety,DAMP,Yes,Public Area,Sprinkler,Sprinkler Missing,Fire Exit/Passageway,
Department of Housing Preservation and Development,Safety,DAMP,Yes,Public Area,Sprinkler,Sprinkler Missing,Lobby,
Department of Housing Preservation and Development,Safety,DAMP,Yes,Public Area,Sprinkler,Sprinkler Missing,Kitchen,
Department of Housing Preservation and Development,Safety,DAMP,Yes,Public Area,Sprinkler,Sprinkler Missing,Laundry Room,
Department of Housing Preservation and Development,Safety,DAMP,Yes,Public Area,Sprinkler,Sprinkler Missing,Compactor Closet,
Department of Housing Preservation and Development,Safety,DAMP,Yes,Public Area,Sprinkler,Sprinkler Missing,Cellar,
Department of Housing Preservation and Development,Safety,DAMP,Yes,Public Area,Sprinkler,Sprinkler Missing,Boiler Room,
Department of Housing Preservation and Development,Safety,DAMP,Yes,Public Area,Sprinkler,Sprinkler Missing,Bathroom,
Department of Housing Preservation and Development,Safety,DAMP,Yes,Public Area,Sprinkler,Sprinkler Missing,Basement,
Department of Housing Preservation and Development,Safety,DAMP,Yes,Public Area,Sprinkler,Sprinkler Missing,Storage Room,
Department of Housing Preservation and Development,Safety,DAMP,Yes,Public Area,Sprinkler,Sprinkler Missing,Stairs,
Department of Housing Preservation and Development,Safety,DAMP,Yes,Public Area,Sprinkler,Sprinkler Missing,Other Room/Area,
Department of Housing Preservation and Development,Safety,DAMP,Yes,Public Area,Sprinkler,Sprinkler Missing,Meter Room,
Department of Housing Preservation and Development,Safety,DAMP,Yes,Public Area,Sprinkler,Sprinkler Painted,Meter Room,
Department of Housing Preservation and Development,Safety,DAMP,Yes,Public Area,Sprinkler,Sprinkler Painted,Other Room/Area,
Department of Housing Preservation and Development,Safety,DAMP,Yes,Public Area,Sprinkler,Sprinkler Painted,Stairs,
Department of Housing Preservation and Development,Safety,DAMP,Yes,Public Area,Sprinkler,Sprinkler Painted,Storage Room,
Department of Housing Preservation and Development,Safety,DAMP,Yes,Public Area,Sprinkler,Sprinkler Painted,Basement,
Department of Housing Preservation and Development,Safety,DAMP,Yes,Public Area,Sprinkler,Sprinkler Painted,Bathroom,
Department of Housing Preservation and Development,Safety,DAMP,Yes,Public Area,Sprinkler,Sprinkler Painted,Boiler Room,
Department of Housing Preservation and Development,Safety,DAMP,Yes,Public Area,Sprinkler,Sprinkler Painted,Cellar,
Department of Housing Preservation and Development,Safety,DAMP,Yes,Public Area,Sprinkler,Sprinkler Painted,Compactor Closet,
Department of Housing Preservation and Development,Safety,DAMP,Yes,Public Area,Sprinkler,Sprinkler Painted,Laundry Room,
Department of Housing Preservation and Development,Safety,DAMP,Yes,Public Area,Sprinkler,Sprinkler Painted,Kitchen,
Department of Housing Preservation and Development,Safety,DAMP,Yes,Public Area,Sprinkler,Sprinkler Painted,Lobby,
Department of Housing Preservation and Development,Safety,DAMP,Yes,Public Area,Sprinkler,Sprinkler Painted,Fire Exit/Passageway,
Department of Housing Preservation and Development,Safety,DAMP,Yes,Public Area,Sprinkler,Sprinkler Painted,Fire Stairs/Tower,
Department of Housing Preservation and Development,Safety,DAMP,Yes,Public Area,Sprinkler,Sprinkler Painted,Hallway,
Department of Housing Preservation and Development,Safety,DAMP,Yes,Public Area,Sprinkler,System Broken or Missing,Hallway,
Department of Housing Preservation and Development,Safety,DAMP,Yes,Public Area,Sprinkler,System Broken or Missing,Fire Stairs/Tower,
Department of Housing Preservation and Development,Safety,DAMP,Yes,Public Area,Sprinkler,System Broken or Missing,Fire Exit/Passageway,
Department of Housing Preservation and Development,Safety,DAMP,Yes,Public Area,Sprinkler,System Broken or Missing,Lobby,
Department of Housing Preservation and Development,Safety,DAMP,Yes,Public Area,Sprinkler,System Broken or Missing,Kitchen,
Department of Housing Preservation and Development,Safety,DAMP,Yes,Public Area,Sprinkler,System Broken or Missing,Laundry Room,
Department of Housing Preservation and Development,Safety,DAMP,Yes,Public Area,Sprinkler,System Broken or Missing,Compactor Closet,
Department of Housing Preservation and Development,Safety,DAMP,Yes,Public Area,Sprinkler,System Broken or Missing,Cellar,
Department of Housing Preservation and Development,Safety,DAMP,Yes,Public Area,Sprinkler,System Broken or Missing,Boiler Room,
Department of Housing Preservation and Development,Safety,DAMP,Yes,Public Area,Sprinkler,System Broken or Missing,Bathroom,
Department of Housing Preservation and Development,Safety,DAMP,Yes,Public Area,Sprinkler,System Broken or Missing,Basement,
Department of Housing Preservation and Development,Safety,DAMP,Yes,Public Area,Sprinkler,System Broken or Missing,Storage Room,
Department of Housing Preservation and Development,Safety,DAMP,Yes,Public Area,Sprinkler,System Broken or Missing,Stairs,
Department of Housing Preservation and Development,Safety,DAMP,Yes,Public Area,Sprinkler,System Broken or Missing,Other Room/Area,
Department of Housing Preservation and Development,Safety,DAMP,Yes,Public Area,Sprinkler,System Broken or Missing,Meter Room,
Department of Housing Preservation and Development,Safety,DAMP,Yes,Public Area,Window Guard Broken/Missing,Child Under 11,Other Room/Area,
Department of Housing Preservation and Development,Safety,DAMP,Yes,Public Area,Window Guard Broken/Missing,Child Under 11,Stairs,
Department of Housing Preservation and Development,Safety,DAMP,Yes,Public Area,Window Guard Broken/Missing,Child Under 11,Storage Room,
Department of Housing Preservation and Development,Safety,DAMP,Yes,Public Area,Window Guard Broken/Missing,Child Under 11,Air Shaft,
Department of Housing Preservation and Development,Safety,DAMP,Yes,Public Area,Window Guard Broken/Missing,Child Under 11,Bathroom,
Department of Housing Preservation and Development,Safety,DAMP,Yes,Public Area,Window Guard Broken/Missing,Child Under 11,Kitchen,
Department of Housing Preservation and Development,Safety,DAMP,Yes,Public Area,Window Guard Broken/Missing,Child Under 11,Lobby,
Department of Housing Preservation and Development,Safety,DAMP,Yes,Public Area,Window Guard Broken/Missing,Child Under 11,Hallway,
Department of Housing Preservation and Development,Safety,DAMP,Yes,Public Area,Window Guard Broken/Missing,No Child Under 11,Hallway,
Department of Housing Preservation and Development,Safety,DAMP,Yes,Public Area,Window Guard Broken/Missing,No Child Under 11,Lobby,
Department of Housing Preservation and Development,Safety,DAMP,Yes,Public Area,Window Guard Broken/Missing,No Child Under 11,Kitchen,
Department of Housing Preservation and Development,Safety,DAMP,Yes,Public Area,Window Guard Broken/Missing,No Child Under 11,Bathroom,
Department of Housing Preservation and Development,Safety,DAMP,Yes,Public Area,Window Guard Broken/Missing,No Child Under 11,Air Shaft,
Department of Housing Preservation and Development,Safety,DAMP,Yes,Public Area,Window Guard Broken/Missing,No Child Under 11,Storage Room,
Department of Housing Preservation and Development,Safety,DAMP,Yes,Public Area,Window Guard Broken/Missing,No Child Under 11,Stairs,
Department of Housing Preservation and Development,Safety,DAMP,Yes,Public Area,Window Guard Broken/Missing,No Child Under 11,Other Room/Area,
Department of Housing Preservation and Development,Safety,Sec 8,Yes,Apartment,Carbon Monoxide Detector,Broken or Missing,Entire Apartment,
Department of Housing Preservation and Development,Safety,Sec 8,Yes,Apartment,Fire Escape,Window Broken or Blocked,Entire Apartment,
Department of Housing Preservation and Development,Safety,Sec 8,Yes,Apartment,Fire Escape,Window Broken or Blocked,Kitchen,
Department of Housing Preservation and Development,Safety,Sec 8,Yes,Apartment,Fire Escape,Window Broken or Blocked,Living Room,
Department of Housing Preservation and Development,Safety,Sec 8,Yes,Apartment,Fire Escape,Window Broken or Blocked,Bathroom,
Department of Housing Preservation and Development,Safety,Sec 8,Yes,Apartment,Fire Escape,Window Broken or Blocked,Bedroom,
Department of Housing Preservation and Development,Safety,Sec 8,Yes,Apartment,Fire Escape,Window Broken or Blocked,Other Room/Area,
Department of Housing Preservation and Development,Safety,Sec 8,Yes,Apartment,Fire Escape,Window Broken or Blocked,Private Hall,
Department of Housing Preservation and Development,Safety,Sec 8,Yes,Apartment,Smoke Detector,Broken or Missing,Entire Apartment,
Department of Housing Preservation and Development,Safety,Sec 8,Yes,Apartment,Sprinkler,No Water,Entire Apartment,
Department of Housing Preservation and Development,Safety,Sec 8,Yes,Apartment,Sprinkler,No Water,Entire Building,
Department of Housing Preservation and Development,Safety,Sec 8,Yes,Apartment,Sprinkler,Sprinkler Missing,Entire Apartment,
Department of Housing Preservation and Development,Safety,Sec 8,Yes,Apartment,Sprinkler,Sprinkler Missing,Entrance/Foyer,
Department of Housing Preservation and Development,Safety,Sec 8,Yes,Apartment,Sprinkler,Sprinkler Missing,Living Room,
Department of Housing Preservation and Development,Safety,Sec 8,Yes,Apartment,Sprinkler,Sprinkler Missing,Kitchen,
Department of Housing Preservation and Development,Safety,Sec 8,Yes,Apartment,Sprinkler,Sprinkler Missing,Bedroom,
Department of Housing Preservation and Development,Safety,Sec 8,Yes,Apartment,Sprinkler,Sprinkler Missing,Private Hall,
Department of Housing Preservation and Development,Safety,Sec 8,Yes,Apartment,Sprinkler,Sprinkler Missing,Other Room/Area,
Department of Housing Preservation and Development,Safety,Sec 8,Yes,Apartment,Sprinkler,Sprinkler Painted,Other Room/Area,
Department of Housing Preservation and Development,Safety,Sec 8,Yes,Apartment,Sprinkler,Sprinkler Painted,Private Hall,
Department of Housing Preservation and Development,Safety,Sec 8,Yes,Apartment,Sprinkler,Sprinkler Painted,Bedroom,
Department of Housing Preservation and Development,Safety,Sec 8,Yes,Apartment,Sprinkler,Sprinkler Painted,Kitchen,
Department of Housing Preservation and Development,Safety,Sec 8,Yes,Apartment,Sprinkler,Sprinkler Painted,Living Room,
Department of Housing Preservation and Development,Safety,Sec 8,Yes,Apartment,Sprinkler,Sprinkler Painted,Entrance/Foyer,
Department of Housing Preservation and Development,Safety,Sec 8,Yes,Apartment,Sprinkler,Sprinkler Painted,Entire Apartment,
Department of Housing Preservation and Development,Safety,Sec 8,Yes,Apartment,Sprinkler,System Broken or Missing,Entire Apartment,
Department of Housing Preservation and Development,Safety,Sec 8,Yes,Apartment,Sprinkler,System Broken or Missing,Entire Building,
Department of Housing Preservation and Development,Safety,Sec 8,Yes,Apartment,Window Guard Broken/Missing,Child Under 11,Entire Apartment,
Department of Housing Preservation and Development,Safety,Sec 8,Yes,Apartment,Window Guard Broken/Missing,Child Under 11,Living Room,
Department of Housing Preservation and Development,Safety,Sec 8,Yes,Apartment,Window Guard Broken/Missing,Child Under 11,Kitchen,
Department of Housing Preservation and Development,Safety,Sec 8,Yes,Apartment,Window Guard Broken/Missing,Child Under 11,Bedroom,
Department of Housing Preservation and Development,Safety,Sec 8,Yes,Apartment,Window Guard Broken/Missing,Child Under 11,Bathroom,
Department of Housing Preservation and Development,Safety,Sec 8,Yes,Apartment,Window Guard Broken/Missing,Child Under 11,Other Room/Area,
Department of Housing Preservation and Development,Safety,Sec 8,Yes,Apartment,Window Guard Broken/Missing,No Child Under 11,Other Room/Area,
Department of Housing Preservation and Development,Safety,Sec 8,Yes,Apartment,Window Guard Broken/Missing,No Child Under 11,Bathroom,
Department of Housing Preservation and Development,Safety,Sec 8,Yes,Apartment,Window Guard Broken/Missing,No Child Under 11,Bedroom,
Department of Housing Preservation and Development,Safety,Sec 8,Yes,Apartment,Window Guard Broken/Missing,No Child Under 11,Kitchen,
Department of Housing Preservation and Development,Safety,Sec 8,Yes,Apartment,Window Guard Broken/Missing,No Child Under 11,Living Room,
Department of Housing Preservation and Development,Safety,Sec 8,Yes,Apartment,Window Guard Broken/Missing,No Child Under 11,Entire Apartment,
Department of Housing Preservation and Development,Safety,DAMP,Yes,Apartment,Carbon Monoxide Detector,Broken or Missing,Entire Apartment,
Department of Housing Preservation and Development,Safety,DAMP,Yes,Apartment,Fire Escape,Window Broken or Blocked,Bathroom,
Department of Housing Preservation and Development,Safety,DAMP,Yes,Apartment,Fire Escape,Window Broken or Blocked,Bedroom,
Department of Housing Preservation and Development,Safety,DAMP,Yes,Apartment,Fire Escape,Window Broken or Blocked,Kitchen,
Department of Housing Preservation and Development,Safety,DAMP,Yes,Apartment,Fire Escape,Window Broken or Blocked,Living Room,
Department of Housing Preservation and Development,Safety,DAMP,Yes,Apartment,Fire Escape,Window Broken or Blocked,Entire Apartment,
Department of Housing Preservation and Development,Safety,DAMP,Yes,Apartment,Fire Escape,Window Broken or Blocked,Other Room/Area,
Department of Housing Preservation and Development,Safety,DAMP,Yes,Apartment,Fire Escape,Window Broken or Blocked,Private Hall,
Department of Housing Preservation and Development,Safety,DAMP,Yes,Apartment,Smoke Detector,Broken or Missing,Entire Apartment,
Department of Housing Preservation and Development,Safety,DAMP,Yes,Apartment,Sprinkler,No Water,Entire Apartment,
Department of Housing Preservation and Development,Safety,DAMP,Yes,Apartment,Sprinkler,No Water,Entire Building,
Department of Housing Preservation and Development,Safety,DAMP,Yes,Apartment,Sprinkler,Sprinkler Missing,Entrance/Foyer,
Department of Housing Preservation and Development,Safety,DAMP,Yes,Apartment,Sprinkler,Sprinkler Missing,Entire Apartment,
Department of Housing Preservation and Development,Safety,DAMP,Yes,Apartment,Sprinkler,Sprinkler Missing,Living Room,
Department of Housing Preservation and Development,Safety,DAMP,Yes,Apartment,Sprinkler,Sprinkler Missing,Kitchen,
Department of Housing Preservation and Development,Safety,DAMP,Yes,Apartment,Sprinkler,Sprinkler Missing,Bedroom,
Department of Housing Preservation and Development,Safety,DAMP,Yes,Apartment,Sprinkler,Sprinkler Missing,Private Hall,
Department of Housing Preservation and Development,Safety,DAMP,Yes,Apartment,Sprinkler,Sprinkler Missing,Other Room/Area,
Department of Housing Preservation and Development,Safety,DAMP,Yes,Apartment,Sprinkler,Sprinkler Painted,Other Room/Area,
Department of Housing Preservation and Development,Safety,DAMP,Yes,Apartment,Sprinkler,Sprinkler Painted,Private Hall,
Department of Housing Preservation and Development,Safety,DAMP,Yes,Apartment,Sprinkler,Sprinkler Painted,Bedroom,
Department of Housing Preservation and Development,Safety,DAMP,Yes,Apartment,Sprinkler,Sprinkler Painted,Kitchen,
Department of Housing Preservation and Development,Safety,DAMP,Yes,Apartment,Sprinkler,Sprinkler Painted,Living Room,
Department of Housing Preservation and Development,Safety,DAMP,Yes,Apartment,Sprinkler,Sprinkler Painted,Entire Apartment,
Department of Housing Preservation and Development,Safety,DAMP,Yes,Apartment,Sprinkler,Sprinkler Painted,Entrance/Foyer,
Department of Housing Preservation and Development,Safety,DAMP,Yes,Apartment,Sprinkler,System Broken or Missing,Entire Building,
Department of Housing Preservation and Development,Safety,DAMP,Yes,Apartment,Sprinkler,System Broken or Missing,Entire Apartment,
Department of Housing Preservation and Development,Safety,DAMP,Yes,Apartment,Window Guard Broken/Missing,Child Under 11,Kitchen,
Department of Housing Preservation and Development,Safety,DAMP,Yes,Apartment,Window Guard Broken/Missing,Child Under 11,Living Room,
Department of Housing Preservation and Development,Safety,DAMP,Yes,Apartment,Window Guard Broken/Missing,Child Under 11,Bedroom,
Department of Housing Preservation and Development,Safety,DAMP,Yes,Apartment,Window Guard Broken/Missing,Child Under 11,Bathroom,
Department of Housing Preservation and Development,Safety,DAMP,Yes,Apartment,Window Guard Broken/Missing,Child Under 11,Entire Apartment,
Department of Housing Preservation and Development,Safety,DAMP,Yes,Apartment,Window Guard Broken/Missing,Child Under 11,Other Room/Area,
Department of Housing Preservation and Development,Safety,DAMP,Yes,Apartment,Window Guard Broken/Missing,No Child Under 11,Other Room/Area,
Department of Housing Preservation and Development,Safety,DAMP,Yes,Apartment,Window Guard Broken/Missing,No Child Under 11,Bathroom,
Department of Housing Preservation and Development,Safety,DAMP,Yes,Apartment,Window Guard Broken/Missing,No Child Under 11,Bedroom,
Department of Housing Preservation and Development,Safety,DAMP,Yes,Apartment,Window Guard Broken/Missing,No Child Under 11,Living Room,
Department of Housing Preservation and Development,Safety,DAMP,Yes,Apartment,Window Guard Broken/Missing,No Child Under 11,Kitchen,
Department of Housing Preservation and Development,Safety,DAMP,Yes,Apartment,Window Guard Broken/Missing,No Child Under 11,Entire Apartment,
Department of Housing Preservation and Development,Safety,DPM,Yes,Apartment,Carbon Monoxide Detector,Broken or Missing,Entire Apartment,
Department of Housing Preservation and Development,Safety,DPM,Yes,Apartment,Fire Escape,Window Broken or Blocked,Entire Apartment,
Department of Housing Preservation and Development,Safety,DPM,Yes,Apartment,Fire Escape,Window Broken or Blocked,Bathroom,
Department of Housing Preservation and Development,Safety,DPM,Yes,Apartment,Fire Escape,Window Broken or Blocked,Bedroom,
Department of Housing Preservation and Development,Safety,DPM,Yes,Apartment,Fire Escape,Window Broken or Blocked,Kitchen,
Department of Housing Preservation and Development,Safety,DPM,Yes,Apartment,Fire Escape,Window Broken or Blocked,Living Room,
Department of Housing Preservation and Development,Safety,DPM,Yes,Apartment,Fire Escape,Window Broken or Blocked,Other Room/Area,
Department of Housing Preservation and Development,Safety,DPM,Yes,Apartment,Fire Escape,Window Broken or Blocked,Private Hall,
Department of Housing Preservation and Development,Safety,DPM,Yes,Apartment,Smoke Detector,Broken or Missing,Entire Apartment,
Department of Housing Preservation and Development,Safety,DPM,Yes,Apartment,Sprinkler,No Water,Entire Apartment,
Department of Housing Preservation and Development,Safety,DPM,Yes,Apartment,Sprinkler,No Water,Entire Building,
Department of Housing Preservation and Development,Safety,DPM,Yes,Apartment,Sprinkler,Sprinkler Missing,Entrance/Foyer,
Department of Housing Preservation and Development,Safety,DPM,Yes,Apartment,Sprinkler,Sprinkler Missing,Kitchen,
Department of Housing Preservation and Development,Safety,DPM,Yes,Apartment,Sprinkler,Sprinkler Missing,Living Room,
Department of Housing Preservation and Development,Safety,DPM,Yes,Apartment,Sprinkler,Sprinkler Missing,Entire Apartment,
Department of Housing Preservation and Development,Safety,DPM,Yes,Apartment,Sprinkler,Sprinkler Missing,Bedroom,
Department of Housing Preservation and Development,Safety,DPM,Yes,Apartment,Sprinkler,Sprinkler Missing,Private Hall,
Department of Housing Preservation and Development,Safety,DPM,Yes,Apartment,Sprinkler,Sprinkler Missing,Other Room/Area,
Department of Housing Preservation and Development,Safety,DPM,Yes,Apartment,Sprinkler,Sprinkler Painted,Other Room/Area,
Department of Housing Preservation and Development,Safety,DPM,Yes,Apartment,Sprinkler,Sprinkler Painted,Private Hall,
Department of Housing Preservation and Development,Safety,DPM,Yes,Apartment,Sprinkler,Sprinkler Painted,Bedroom,
Department of Housing Preservation and Development,Safety,DPM,Yes,Apartment,Sprinkler,Sprinkler Painted,Entire Apartment,
Department of Housing Preservation and Development,Safety,DPM,Yes,Apartment,Sprinkler,Sprinkler Painted,Living Room,
Department of Housing Preservation and Development,Safety,DPM,Yes,Apartment,Sprinkler,Sprinkler Painted,Kitchen,
Department of Housing Preservation and Development,Safety,DPM,Yes,Apartment,Sprinkler,Sprinkler Painted,Entrance/Foyer,
Department of Housing Preservation and Development,Safety,DPM,Yes,Apartment,Sprinkler,System Broken or Missing,Entire Building,
Department of Housing Preservation and Development,Safety,DPM,Yes,Apartment,Sprinkler,System Broken or Missing,Entire Apartment,
Department of Housing Preservation and Development,Safety,DPM,Yes,Apartment,Window Guard Broken/Missing,Child Under 11,Entire Apartment,
Department of Housing Preservation and Development,Safety,DPM,Yes,Apartment,Window Guard Broken/Missing,Child Under 11,Bedroom,
Department of Housing Preservation and Development,Safety,DPM,Yes,Apartment,Window Guard Broken/Missing,Child Under 11,Bathroom,
Department of Housing Preservation and Development,Safety,DPM,Yes,Apartment,Window Guard Broken/Missing,Child Under 11,Kitchen,
Department of Housing Preservation and Development,Safety,DPM,Yes,Apartment,Window Guard Broken/Missing,Child Under 11,Living Room,
Department of Housing Preservation and Development,Safety,DPM,Yes,Apartment,Window Guard Broken/Missing,Child Under 11,Other Room/Area,
Department of Housing Preservation and Development,Safety,DPM,Yes,Apartment,Window Guard Broken/Missing,No Child Under 11,Other Room/Area,
Department of Housing Preservation and Development,Safety,DPM,Yes,Apartment,Window Guard Broken/Missing,No Child Under 11,Living Room,
Department of Housing Preservation and Development,Safety,DPM,Yes,Apartment,Window Guard Broken/Missing,No Child Under 11,Kitchen,
Department of Housing Preservation and Development,Safety,DPM,Yes,Apartment,Window Guard Broken/Missing,No Child Under 11,Bathroom,
Department of Housing Preservation and Development,Safety,DPM,Yes,Apartment,Window Guard Broken/Missing,No Child Under 11,Bedroom,
Department of Housing Preservation and Development,Safety,DPM,Yes,Apartment,Window Guard Broken/Missing,No Child Under 11,Entire Apartment,
Department of Housing Preservation and Development,Safety,DPM,Yes,Public Area,Fire Escape,Blocked,Fire Escape/Egress,
Department of Housing Preservation and Development,Safety,DPM,Yes,Public Area,Fire Escape,Broken or Defective,Fire Escape/Egress,
Department of Housing Preservation and Development,Safety,DPM,Yes,Public Area,Fire Escape,Window Broken or Blocked,Kitchen,
Department of Housing Preservation and Development,Safety,DPM,Yes,Public Area,Fire Escape,Window Broken or Blocked,Hallway,
Department of Housing Preservation and Development,Safety,DPM,Yes,Public Area,Fire Escape,Window Broken or Blocked,Lobby,
Department of Housing Preservation and Development,Safety,DPM,Yes,Public Area,Fire Escape,Window Broken or Blocked,Bathroom,
Department of Housing Preservation and Development,Safety,DPM,Yes,Public Area,Fire Escape,Window Broken or Blocked,Courtyard,
Department of Housing Preservation and Development,Safety,DPM,Yes,Public Area,Fire Escape,Window Broken or Blocked,Other Room/Area,
Department of Housing Preservation and Development,Safety,DPM,Yes,Public Area,Fire Escape,Window Broken or Blocked,Stairs,
Department of Housing Preservation and Development,Safety,DPM,Yes,Public Area,Fire Escape,Window Broken or Blocked,Yard,
Department of Housing Preservation and Development,Safety,DPM,Yes,Public Area,Outlet Cover,Missing,Hallway,
Department of Housing Preservation and Development,Safety,DPM,Yes,Public Area,Sprinkler,Sprinkler Missing,Hallway,
Department of Housing Preservation and Development,Safety,DPM,Yes,Public Area,Sprinkler,Sprinkler Missing,Fire Stairs/Tower,
Department of Housing Preservation and Development,Safety,DPM,Yes,Public Area,Sprinkler,Sprinkler Missing,Kitchen,
Department of Housing Preservation and Development,Safety,DPM,Yes,Public Area,Sprinkler,Sprinkler Missing,Fire Exit/Passageway,
Department of Housing Preservation and Development,Safety,DPM,Yes,Public Area,Sprinkler,Sprinkler Missing,Lobby,
Department of Housing Preservation and Development,Safety,DPM,Yes,Public Area,Sprinkler,Sprinkler Missing,Meter Room,
Department of Housing Preservation and Development,Safety,DPM,Yes,Public Area,Sprinkler,Sprinkler Missing,Laundry Room,
Department of Housing Preservation and Development,Safety,DPM,Yes,Public Area,Sprinkler,Sprinkler Missing,Compactor Closet,
Department of Housing Preservation and Development,Safety,DPM,Yes,Public Area,Sprinkler,Sprinkler Missing,Boiler Room,
Department of Housing Preservation and Development,Safety,DPM,Yes,Public Area,Sprinkler,Sprinkler Missing,Cellar,
Department of Housing Preservation and Development,Safety,DPM,Yes,Public Area,Sprinkler,Sprinkler Missing,Bathroom,
Department of Housing Preservation and Development,Safety,DPM,Yes,Public Area,Sprinkler,Sprinkler Missing,Basement,
Department of Housing Preservation and Development,Safety,DPM,Yes,Public Area,Sprinkler,Sprinkler Missing,Storage Room,
Department of Housing Preservation and Development,Safety,DPM,Yes,Public Area,Sprinkler,Sprinkler Missing,Stairs,
Department of Housing Preservation and Development,Safety,DPM,Yes,Public Area,Sprinkler,Sprinkler Missing,Other Room/Area,
Department of Housing Preservation and Development,Safety,DPM,Yes,Public Area,Sprinkler,Sprinkler Painted,Other Room/Area,
Department of Housing Preservation and Development,Safety,DPM,Yes,Public Area,Sprinkler,Sprinkler Painted,Stairs,
Department of Housing Preservation and Development,Safety,DPM,Yes,Public Area,Sprinkler,Sprinkler Painted,Storage Room,
Department of Housing Preservation and Development,Safety,DPM,Yes,Public Area,Sprinkler,Sprinkler Painted,Basement,
Department of Housing Preservation and Development,Safety,DPM,Yes,Public Area,Sprinkler,Sprinkler Painted,Bathroom,
Department of Housing Preservation and Development,Safety,DPM,Yes,Public Area,Sprinkler,Sprinkler Painted,Cellar,
Department of Housing Preservation and Development,Safety,DPM,Yes,Public Area,Sprinkler,Sprinkler Painted,Boiler Room,
Department of Housing Preservation and Development,Safety,DPM,Yes,Public Area,Sprinkler,Sprinkler Painted,Compactor Closet,
Department of Housing Preservation and Development,Safety,DPM,Yes,Public Area,Sprinkler,Sprinkler Painted,Laundry Room,
Department of Housing Preservation and Development,Safety,DPM,Yes,Public Area,Sprinkler,Sprinkler Painted,Meter Room,
Department of Housing Preservation and Development,Safety,DPM,Yes,Public Area,Sprinkler,Sprinkler Painted,Lobby,
Department of Housing Preservation and Development,Safety,DPM,Yes,Public Area,Sprinkler,Sprinkler Painted,Fire Exit/Passageway,
Department of Housing Preservation and Development,Safety,DPM,Yes,Public Area,Sprinkler,Sprinkler Painted,Kitchen,
Department of Housing Preservation and Development,Safety,DPM,Yes,Public Area,Sprinkler,Sprinkler Painted,Fire Stairs/Tower,
Department of Housing Preservation and Development,Safety,DPM,Yes,Public Area,Sprinkler,Sprinkler Painted,Hallway,
Department of Housing Preservation and Development,Safety,DPM,Yes,Public Area,Sprinkler,System Broken or Missing,Hallway,
Department of Housing Preservation and Development,Safety,DPM,Yes,Public Area,Sprinkler,System Broken or Missing,Fire Stairs/Tower,
Department of Housing Preservation and Development,Safety,DPM,Yes,Public Area,Sprinkler,System Broken or Missing,Kitchen,
Department of Housing Preservation and Development,Safety,DPM,Yes,Public Area,Sprinkler,System Broken or Missing,Fire Exit/Passageway,
Department of Housing Preservation and Development,Safety,DPM,Yes,Public Area,Sprinkler,System Broken or Missing,Lobby,
Department of Housing Preservation and Development,Safety,DPM,Yes,Public Area,Sprinkler,System Broken or Missing,Meter Room,
Department of Housing Preservation and Development,Safety,DPM,Yes,Public Area,Sprinkler,System Broken or Missing,Laundry Room,
Department of Housing Preservation and Development,Safety,DPM,Yes,Public Area,Sprinkler,System Broken or Missing,Compactor Closet,
Department of Housing Preservation and Development,Safety,DPM,Yes,Public Area,Sprinkler,System Broken or Missing,Boiler Room,
Department of Housing Preservation and Development,Safety,DPM,Yes,Public Area,Sprinkler,System Broken or Missing,Cellar,
Department of Housing Preservation and Development,Safety,DPM,Yes,Public Area,Sprinkler,System Broken or Missing,Bathroom,
Department of Housing Preservation and Development,Safety,DPM,Yes,Public Area,Sprinkler,System Broken or Missing,Basement,
Department of Housing Preservation and Development,Safety,DPM,Yes,Public Area,Sprinkler,System Broken or Missing,Storage Room,
Department of Housing Preservation and Development,Safety,DPM,Yes,Public Area,Sprinkler,System Broken or Missing,Stairs,
Department of Housing Preservation and Development,Safety,DPM,Yes,Public Area,Sprinkler,System Broken or Missing,Other Room/Area,
Department of Housing Preservation and Development,Safety,DPM,Yes,Public Area,Window Guard Broken/Missing,Child Under 11,Other Room/Area,
Department of Housing Preservation and Development,Safety,DPM,Yes,Public Area,Window Guard Broken/Missing,Child Under 11,Stairs,
Department of Housing Preservation and Development,Safety,DPM,Yes,Public Area,Window Guard Broken/Missing,Child Under 11,Storage Room,
Department of Housing Preservation and Development,Safety,DPM,Yes,Public Area,Window Guard Broken/Missing,Child Under 11,Air Shaft,
Department of Housing Preservation and Development,Safety,DPM,Yes,Public Area,Window Guard Broken/Missing,Child Under 11,Bathroom,
Department of Housing Preservation and Development,Safety,DPM,Yes,Public Area,Window Guard Broken/Missing,Child Under 11,Kitchen,
Department of Housing Preservation and Development,Safety,DPM,Yes,Public Area,Window Guard Broken/Missing,Child Under 11,Lobby,
Department of Housing Preservation and Development,Safety,DPM,Yes,Public Area,Window Guard Broken/Missing,Child Under 11,Hallway,
Department of Housing Preservation and Development,Safety,DPM,Yes,Public Area,Window Guard Broken/Missing,No Child Under 11,Hallway,
Department of Housing Preservation and Development,Safety,DPM,Yes,Public Area,Window Guard Broken/Missing,No Child Under 11,Lobby,
Department of Housing Preservation and Development,Safety,DPM,Yes,Public Area,Window Guard Broken/Missing,No Child Under 11,Kitchen,
Department of Housing Preservation and Development,Safety,DPM,Yes,Public Area,Window Guard Broken/Missing,No Child Under 11,Bathroom,
Department of Housing Preservation and Development,Safety,DPM,Yes,Public Area,Window Guard Broken/Missing,No Child Under 11,Air Shaft,
Department of Housing Preservation and Development,Safety,DPM,Yes,Public Area,Window Guard Broken/Missing,No Child Under 11,Storage Room,
Department of Housing Preservation and Development,Safety,DPM,Yes,Public Area,Window Guard Broken/Missing,No Child Under 11,Stairs,
Department of Housing Preservation and Development,Safety,DPM,Yes,Public Area,Window Guard Broken/Missing,No Child Under 11,Other Room/Area,
Department of Housing Preservation and Development,Safety,PVT,Yes,Public Area,Fire Escape,Blocked,Fire Escape/Egress,
Department of Housing Preservation and Development,Safety,PVT,Yes,Public Area,Fire Escape,Broken or Defective,Fire Escape/Egress,
Department of Housing Preservation and Development,Safety,PVT,Yes,Public Area,Fire Escape,Rusted or Peeling,Fire Escape/Egress,
Department of Housing Preservation and Development,Safety,PVT,Yes,Public Area,Fire Escape,Window Broken or Blocked,Hallway,
Department of Housing Preservation and Development,Safety,PVT,Yes,Public Area,Fire Escape,Window Broken or Blocked,Kitchen,
Department of Housing Preservation and Development,Safety,PVT,Yes,Public Area,Fire Escape,Window Broken or Blocked,Lobby,
Department of Housing Preservation and Development,Safety,PVT,Yes,Public Area,Fire Escape,Window Broken or Blocked,Bathroom,
Department of Housing Preservation and Development,Safety,PVT,Yes,Public Area,Fire Escape,Window Broken or Blocked,Courtyard,
Department of Housing Preservation and Development,Safety,PVT,Yes,Public Area,Fire Escape,Window Broken or Blocked,Other Room/Area,
Department of Housing Preservation and Development,Safety,PVT,Yes,Public Area,Fire Escape,Window Broken or Blocked,Stairs,
Department of Housing Preservation and Development,Safety,PVT,Yes,Public Area,Fire Escape,Window Broken or Blocked,Yard,
Department of Housing Preservation and Development,Safety,PVT,Yes,Public Area,Outlet Cover,Missing,Hallway,
Department of Housing Preservation and Development,Safety,PVT,Yes,Public Area,Sprinkler,Sprinkler Missing,Hallway,
Department of Housing Preservation and Development,Safety,PVT,Yes,Public Area,Sprinkler,Sprinkler Missing,Fire Stairs/Tower,
Department of Housing Preservation and Development,Safety,PVT,Yes,Public Area,Sprinkler,Sprinkler Missing,Fire Exit/Passageway,
Department of Housing Preservation and Development,Safety,PVT,Yes,Public Area,Sprinkler,Sprinkler Missing,Lobby,
Department of Housing Preservation and Development,Safety,PVT,Yes,Public Area,Sprinkler,Sprinkler Missing,Laundry Room,
Department of Housing Preservation and Development,Safety,PVT,Yes,Public Area,Sprinkler,Sprinkler Missing,Kitchen,
Department of Housing Preservation and Development,Safety,PVT,Yes,Public Area,Sprinkler,Sprinkler Missing,Compactor Closet,
Department of Housing Preservation and Development,Safety,PVT,Yes,Public Area,Sprinkler,Sprinkler Missing,Cellar,
Department of Housing Preservation and Development,Safety,PVT,Yes,Public Area,Sprinkler,Sprinkler Missing,Boiler Room,
Department of Housing Preservation and Development,Safety,PVT,Yes,Public Area,Sprinkler,Sprinkler Missing,Bathroom,
Department of Housing Preservation and Development,Safety,PVT,Yes,Public Area,Sprinkler,Sprinkler Missing,Basement,
Department of Housing Preservation and Development,Safety,PVT,Yes,Public Area,Sprinkler,Sprinkler Missing,Storage Room,
Department of Housing Preservation and Development,Safety,PVT,Yes,Public Area,Sprinkler,Sprinkler Missing,Stairs,
Department of Housing Preservation and Development,Safety,PVT,Yes,Public Area,Sprinkler,Sprinkler Missing,Other Room/Area,
Department of Housing Preservation and Development,Safety,PVT,Yes,Public Area,Sprinkler,Sprinkler Missing,Meter Room,
Department of Housing Preservation and Development,Safety,PVT,Yes,Public Area,Sprinkler,Sprinkler Painted,Meter Room,
Department of Housing Preservation and Development,Safety,PVT,Yes,Public Area,Sprinkler,Sprinkler Painted,Other Room/Area,
Department of Housing Preservation and Development,Safety,PVT,Yes,Public Area,Sprinkler,Sprinkler Painted,Stairs,
Department of Housing Preservation and Development,Safety,PVT,Yes,Public Area,Sprinkler,Sprinkler Painted,Storage Room,
Department of Housing Preservation and Development,Safety,PVT,Yes,Public Area,Sprinkler,Sprinkler Painted,Basement,
Department of Housing Preservation and Development,Safety,PVT,Yes,Public Area,Sprinkler,Sprinkler Painted,Bathroom,
Department of Housing Preservation and Development,Safety,PVT,Yes,Public Area,Sprinkler,Sprinkler Painted,Boiler Room,
Department of Housing Preservation and Development,Safety,PVT,Yes,Public Area,Sprinkler,Sprinkler Painted,Cellar,
Department of Housing Preservation and Development,Safety,PVT,Yes,Public Area,Sprinkler,Sprinkler Painted,Compactor Closet,
Department of Housing Preservation and Development,Safety,PVT,Yes,Public Area,Sprinkler,Sprinkler Painted,Kitchen,
Department of Housing Preservation and Development,Safety,PVT,Yes,Public Area,Sprinkler,Sprinkler Painted,Laundry Room,
Department of Housing Preservation and Development,Safety,PVT,Yes,Public Area,Sprinkler,Sprinkler Painted,Lobby,
Department of Housing Preservation and Development,Safety,PVT,Yes,Public Area,Sprinkler,Sprinkler Painted,Fire Exit/Passageway,
Department of Housing Preservation and Development,Safety,PVT,Yes,Public Area,Sprinkler,Sprinkler Painted,Fire Stairs/Tower,
Department of Housing Preservation and Development,Safety,PVT,Yes,Public Area,Sprinkler,Sprinkler Painted,Hallway,
Department of Housing Preservation and Development,Safety,PVT,Yes,Public Area,Sprinkler,System Broken or Missing,Hallway,
Department of Housing Preservation and Development,Safety,PVT,Yes,Public Area,Sprinkler,System Broken or Missing,Fire Stairs/Tower,
Department of Housing Preservation and Development,Safety,PVT,Yes,Public Area,Sprinkler,System Broken or Missing,Fire Exit/Passageway,
Department of Housing Preservation and Development,Safety,PVT,Yes,Public Area,Sprinkler,System Broken or Missing,Lobby,
Department of Housing Preservation and Development,Safety,PVT,Yes,Public Area,Sprinkler,System Broken or Missing,Laundry Room,
Department of Housing Preservation and Development,Safety,PVT,Yes,Public Area,Sprinkler,System Broken or Missing,Kitchen,
Department of Housing Preservation and Development,Safety,PVT,Yes,Public Area,Sprinkler,System Broken or Missing,Compactor Closet,
Department of Housing Preservation and Development,Safety,PVT,Yes,Public Area,Sprinkler,System Broken or Missing,Cellar,
Department of Housing Preservation and Development,Safety,PVT,Yes,Public Area,Sprinkler,System Broken or Missing,Boiler Room,
Department of Housing Preservation and Development,Safety,PVT,Yes,Public Area,Sprinkler,System Broken or Missing,Bathroom,
Department of Housing Preservation and Development,Safety,PVT,Yes,Public Area,Sprinkler,System Broken or Missing,Basement,
Department of Housing Preservation and Development,Safety,PVT,Yes,Public Area,Sprinkler,System Broken or Missing,Storage Room,
Department of Housing Preservation and Development,Safety,PVT,Yes,Public Area,Sprinkler,System Broken or Missing,Stairs,
Department of Housing Preservation and Development,Safety,PVT,Yes,Public Area,Sprinkler,System Broken or Missing,Other Room/Area,
Department of Housing Preservation and Development,Safety,PVT,Yes,Public Area,Sprinkler,System Broken or Missing,Meter Room,
Department of Housing Preservation and Development,Safety,PVT,Yes,Public Area,Window Guard Broken/Missing,Child Under 11,Other Room/Area,
Department of Housing Preservation and Development,Safety,PVT,Yes,Public Area,Window Guard Broken/Missing,Child Under 11,Stairs,
Department of Housing Preservation and Development,Safety,PVT,Yes,Public Area,Window Guard Broken/Missing,Child Under 11,Storage Room,
Department of Housing Preservation and Development,Safety,PVT,Yes,Public Area,Window Guard Broken/Missing,Child Under 11,Air Shaft,
Department of Housing Preservation and Development,Safety,PVT,Yes,Public Area,Window Guard Broken/Missing,Child Under 11,Bathroom,
Department of Housing Preservation and Development,Safety,PVT,Yes,Public Area,Window Guard Broken/Missing,Child Under 11,Kitchen,
Department of Housing Preservation and Development,Safety,PVT,Yes,Public Area,Window Guard Broken/Missing,Child Under 11,Lobby,
Department of Housing Preservation and Development,Safety,PVT,Yes,Public Area,Window Guard Broken/Missing,Child Under 11,Hallway,
Department of Housing Preservation and Development,Safety,PVT,Yes,Public Area,Window Guard Broken/Missing,No Child Under 11,Hallway,
Department of Housing Preservation and Development,Safety,PVT,Yes,Public Area,Window Guard Broken/Missing,No Child Under 11,Lobby,
Department of Housing Preservation and Development,Safety,PVT,Yes,Public Area,Window Guard Broken/Missing,No Child Under 11,Kitchen,
Department of Housing Preservation and Development,Safety,PVT,Yes,Public Area,Window Guard Broken/Missing,No Child Under 11,Bathroom,
Department of Housing Preservation and Development,Safety,PVT,Yes,Public Area,Window Guard Broken/Missing,No Child Under 11,Air Shaft,
Department of Housing Preservation and Development,Safety,PVT,Yes,Public Area,Window Guard Broken/Missing,No Child Under 11,Storage Room,
Department of Housing Preservation and Development,Safety,PVT,Yes,Public Area,Window Guard Broken/Missing,No Child Under 11,Stairs,
Department of Housing Preservation and Development,Safety,PVT,Yes,Public Area,Window Guard Broken/Missing,No Child Under 11,Other Room/Area,
Department of Housing Preservation and Development,Safety,Sec 8,Yes,Public Area,Fire Escape,Blocked,Fire Escape/Egress,
Department of Housing Preservation and Development,Safety,Sec 8,Yes,Public Area,Fire Escape,Broken or Defective,Fire Escape/Egress,
Department of Housing Preservation and Development,Safety,Sec 8,Yes,Public Area,Fire Escape,Rusted or Peeling,Fire Escape/Egress,
Department of Housing Preservation and Development,Safety,Sec 8,Yes,Public Area,Fire Escape,Window Broken or Blocked,Hallway,
Department of Housing Preservation and Development,Safety,Sec 8,Yes,Public Area,Fire Escape,Window Broken or Blocked,Kitchen,
Department of Housing Preservation and Development,Safety,Sec 8,Yes,Public Area,Fire Escape,Window Broken or Blocked,Lobby,
Department of Housing Preservation and Development,Safety,Sec 8,Yes,Public Area,Fire Escape,Window Broken or Blocked,Bathroom,
Department of Housing Preservation and Development,Safety,Sec 8,Yes,Public Area,Fire Escape,Window Broken or Blocked,Courtyard,
Department of Housing Preservation and Development,Safety,Sec 8,Yes,Public Area,Fire Escape,Window Broken or Blocked,Other Room/Area,
Department of Housing Preservation and Development,Safety,Sec 8,Yes,Public Area,Fire Escape,Window Broken or Blocked,Stairs,
Department of Housing Preservation and Development,Safety,Sec 8,Yes,Public Area,Fire Escape,Window Broken or Blocked,Yard,
Department of Housing Preservation and Development,Safety,Sec 8,Yes,Public Area,Outlet Cover,Missing,Hallway,
Department of Housing Preservation and Development,Safety,Sec 8,Yes,Public Area,Sprinkler,Sprinkler Missing,Hallway,
Department of Housing Preservation and Development,Safety,Sec 8,Yes,Public Area,Sprinkler,Sprinkler Missing,Fire Stairs/Tower,
Department of Housing Preservation and Development,Safety,Sec 8,Yes,Public Area,Sprinkler,Sprinkler Missing,Fire Exit/Passageway,
Department of Housing Preservation and Development,Safety,Sec 8,Yes,Public Area,Sprinkler,Sprinkler Missing,Lobby,
Department of Housing Preservation and Development,Safety,Sec 8,Yes,Public Area,Sprinkler,Sprinkler Missing,Kitchen,
Department of Housing Preservation and Development,Safety,Sec 8,Yes,Public Area,Sprinkler,Sprinkler Missing,Laundry Room,
Department of Housing Preservation and Development,Safety,Sec 8,Yes,Public Area,Sprinkler,Sprinkler Missing,Compactor Closet,
Department of Housing Preservation and Development,Safety,Sec 8,Yes,Public Area,Sprinkler,Sprinkler Missing,Cellar,
Department of Housing Preservation and Development,Safety,Sec 8,Yes,Public Area,Sprinkler,Sprinkler Missing,Boiler Room,
Department of Housing Preservation and Development,Safety,Sec 8,Yes,Public Area,Sprinkler,Sprinkler Missing,Bathroom,
Department of Housing Preservation and Development,Safety,Sec 8,Yes,Public Area,Sprinkler,Sprinkler Missing,Basement,
Department of Housing Preservation and Development,Safety,Sec 8,Yes,Public Area,Sprinkler,Sprinkler Missing,Storage Room,
Department of Housing Preservation and Development,Safety,Sec 8,Yes,Public Area,Sprinkler,Sprinkler Missing,Stairs,
Department of Housing Preservation and Development,Safety,Sec 8,Yes,Public Area,Sprinkler,Sprinkler Missing,Other Room/Area,
Department of Housing Preservation and Development,Safety,Sec 8,Yes,Public Area,Sprinkler,Sprinkler Missing,Meter Room,
Department of Housing Preservation and Development,Safety,Sec 8,Yes,Public Area,Sprinkler,Sprinkler Painted,Meter Room,
Department of Housing Preservation and Development,Safety,Sec 8,Yes,Public Area,Sprinkler,Sprinkler Painted,Other Room/Area,
Department of Housing Preservation and Development,Safety,Sec 8,Yes,Public Area,Sprinkler,Sprinkler Painted,Stairs,
Department of Housing Preservation and Development,Safety,Sec 8,Yes,Public Area,Sprinkler,Sprinkler Painted,Storage Room,
Department of Housing Preservation and Development,Safety,Sec 8,Yes,Public Area,Sprinkler,Sprinkler Painted,Basement,
Department of Housing Preservation and Development,Safety,Sec 8,Yes,Public Area,Sprinkler,Sprinkler Painted,Bathroom,
Department of Housing Preservation and Development,Safety,Sec 8,Yes,Public Area,Sprinkler,Sprinkler Painted,Boiler Room,
Department of Housing Preservation and Development,Safety,Sec 8,Yes,Public Area,Sprinkler,Sprinkler Painted,Cellar,
Department of Housing Preservation and Development,Safety,Sec 8,Yes,Public Area,Sprinkler,Sprinkler Painted,Compactor Closet,
Department of Housing Preservation and Development,Safety,Sec 8,Yes,Public Area,Sprinkler,Sprinkler Painted,Laundry Room,
Department of Housing Preservation and Development,Safety,Sec 8,Yes,Public Area,Sprinkler,Sprinkler Painted,Kitchen,
Department of Housing Preservation and Development,Safety,Sec 8,Yes,Public Area,Sprinkler,Sprinkler Painted,Lobby,
Department of Housing Preservation and Development,Safety,Sec 8,Yes,Public Area,Sprinkler,Sprinkler Painted,Fire Exit/Passageway,
Department of Housing Preservation and Development,Safety,Sec 8,Yes,Public Area,Sprinkler,Sprinkler Painted,Fire Stairs/Tower,
Department of Housing Preservation and Development,Safety,Sec 8,Yes,Public Area,Sprinkler,Sprinkler Painted,Hallway,
Department of Housing Preservation and Development,Safety,Sec 8,Yes,Public Area,Sprinkler,System Broken or Missing,Hallway,
Department of Housing Preservation and Development,Safety,Sec 8,Yes,Public Area,Sprinkler,System Broken or Missing,Fire Stairs/Tower,
Department of Housing Preservation and Development,Safety,Sec 8,Yes,Public Area,Sprinkler,System Broken or Missing,Fire Exit/Passageway,
Department of Housing Preservation and Development,Safety,Sec 8,Yes,Public Area,Sprinkler,System Broken or Missing,Lobby,
Department of Housing Preservation and Development,Safety,Sec 8,Yes,Public Area,Sprinkler,System Broken or Missing,Kitchen,
Department of Housing Preservation and Development,Safety,Sec 8,Yes,Public Area,Sprinkler,System Broken or Missing,Laundry Room,
Department of Housing Preservation and Development,Safety,Sec 8,Yes,Public Area,Sprinkler,System Broken or Missing,Compactor Closet,
Department of Housing Preservation and Development,Safety,Sec 8,Yes,Public Area,Sprinkler,System Broken or Missing,Cellar,
Department of Housing Preservation and Development,Safety,Sec 8,Yes,Public Area,Sprinkler,System Broken or Missing,Boiler Room,
Department of Housing Preservation and Development,Safety,Sec 8,Yes,Public Area,Sprinkler,System Broken or Missing,Bathroom,
Department of Housing Preservation and Development,Safety,Sec 8,Yes,Public Area,Sprinkler,System Broken or Missing,Basement,
Department of Housing Preservation and Development,Safety,Sec 8,Yes,Public Area,Sprinkler,System Broken or Missing,Storage Room,
Department of Housing Preservation and Development,Safety,Sec 8,Yes,Public Area,Sprinkler,System Broken or Missing,Stairs,
Department of Housing Preservation and Development,Safety,Sec 8,Yes,Public Area,Sprinkler,System Broken or Missing,Other Room/Area,
Department of Housing Preservation and Development,Safety,Sec 8,Yes,Public Area,Sprinkler,System Broken or Missing,Meter Room,
Department of Housing Preservation and Development,Safety,Sec 8,Yes,Public Area,Window Guard Broken/Missing,Child Under 11,Other Room/Area,
Department of Housing Preservation and Development,Safety,Sec 8,Yes,Public Area,Window Guard Broken/Missing,Child Under 11,Stairs,
Department of Housing Preservation and Development,Safety,Sec 8,Yes,Public Area,Window Guard Broken/Missing,Child Under 11,Storage Room,
Department of Housing Preservation and Development,Safety,Sec 8,Yes,Public Area,Window Guard Broken/Missing,Child Under 11,Air Shaft,
Department of Housing Preservation and Development,Safety,Sec 8,Yes,Public Area,Window Guard Broken/Missing,Child Under 11,Bathroom,
Department of Housing Preservation and Development,Safety,Sec 8,Yes,Public Area,Window Guard Broken/Missing,Child Under 11,Kitchen,
Department of Housing Preservation and Development,Safety,Sec 8,Yes,Public Area,Window Guard Broken/Missing,Child Under 11,Lobby,
Department of Housing Preservation and Development,Safety,Sec 8,Yes,Public Area,Window Guard Broken/Missing,Child Under 11,Hallway,
Department of Housing Preservation and Development,Safety,Sec 8,Yes,Public Area,Window Guard Broken/Missing,No Child Under 11,Hallway,
Department of Housing Preservation and Development,Safety,Sec 8,Yes,Public Area,Window Guard Broken/Missing,No Child Under 11,Lobby,
Department of Housing Preservation and Development,Safety,Sec 8,Yes,Public Area,Window Guard Broken/Missing,No Child Under 11,Kitchen,
Department of Housing Preservation and Development,Safety,Sec 8,Yes,Public Area,Window Guard Broken/Missing,No Child Under 11,Bathroom,
Department of Housing Preservation and Development,Safety,Sec 8,Yes,Public Area,Window Guard Broken/Missing,No Child Under 11,Air Shaft,
Department of Housing Preservation and Development,Safety,Sec 8,Yes,Public Area,Window Guard Broken/Missing,No Child Under 11,Storage Room,
Department of Housing Preservation and Development,Safety,Sec 8,Yes,Public Area,Window Guard Broken/Missing,No Child Under 11,Stairs,
Department of Housing Preservation and Development,Safety,Sec 8,Yes,Public Area,Window Guard Broken/Missing,No Child Under 11,Other Room/Area,
Department of Housing Preservation and Development,Safety,DAMP,Yes,Building-Wide,Fire Escape,Drop Ladder Missing or Broken,Building-Wide,
Department of Housing Preservation and Development,Safety,DAMP,Yes,Building-Wide,Fire Escape,Falling off Wall,Building-Wide,
Department of Housing Preservation and Development,Safety,DAMP,Yes,Building-Wide,Fire Escape,Removed,Building-Wide,
Department of Housing Preservation and Development,Safety,DAMP,Yes,Building-Wide,Sprinkler,No Water,Building-Wide,
Department of Housing Preservation and Development,Safety,DAMP,Yes,Building-Wide,Sprinkler,System Broken or Missing,Building-Wide,
Department of Housing Preservation and Development,Safety,DPM,Yes,Building-Wide,Fire Escape,Drop Ladder Missing or Broken,Building-Wide,
Department of Housing Preservation and Development,Safety,DPM,Yes,Building-Wide,Fire Escape,Falling off Wall,Building-Wide,
Department of Housing Preservation and Development,Safety,DPM,Yes,Building-Wide,Fire Escape,Removed,Building-Wide,
Department of Housing Preservation and Development,Safety,DPM,Yes,Building-Wide,Sprinkler,No Water,Building-Wide,
Department of Housing Preservation and Development,Safety,DPM,Yes,Building-Wide,Sprinkler,System Broken or Missing,Building-Wide,
Department of Housing Preservation and Development,Safety,PVT,Yes,Building-Wide,Fire Escape,Drop Ladder Missing or Broken,Building-Wide,
Department of Housing Preservation and Development,Safety,PVT,Yes,Building-Wide,Fire Escape,Falling off Wall,Building-Wide,
Department of Housing Preservation and Development,Safety,PVT,Yes,Building-Wide,Fire Escape,Removed,Building-Wide,
Department of Housing Preservation and Development,Safety,PVT,Yes,Building-Wide,Sprinkler,No Water,Building-Wide,
Department of Housing Preservation and Development,Safety,PVT,Yes,Building-Wide,Sprinkler,System Broken or Missing,Building-Wide,
Department of Housing Preservation and Development,Safety,Sec 8,Yes,Building-Wide,Fire Escape,Drop Ladder Missing or Broken,Building-Wide,
Department of Housing Preservation and Development,Safety,Sec 8,Yes,Building-Wide,Fire Escape,Falling off Wall,Building-Wide,
Department of Housing Preservation and Development,Safety,Sec 8,Yes,Building-Wide,Fire Escape,Removed,Building-Wide,
Department of Housing Preservation and Development,Safety,Sec 8,Yes,Building-Wide,Sprinkler,No Water,Building-Wide,
Department of Housing Preservation and Development,Safety,Sec 8,Yes,Building-Wide,Sprinkler,System Broken or Missing,Building-Wide,
Department of Housing Preservation and Development,Safety,PVT,Yes,Apartment,Carbon Monoxide Detector,Broken or Missing,Entire Apartment,
Department of Housing Preservation and Development,Safety,PVT,Yes,Apartment,Fire Escape,Window Broken or Blocked,Entire Apartment,
Department of Housing Preservation and Development,Safety,PVT,Yes,Apartment,Fire Escape,Window Broken or Blocked,Kitchen,
Department of Housing Preservation and Development,Safety,PVT,Yes,Apartment,Fire Escape,Window Broken or Blocked,Living Room,
Department of Housing Preservation and Development,Safety,PVT,Yes,Apartment,Fire Escape,Window Broken or Blocked,Bathroom,
Department of Housing Preservation and Development,Safety,PVT,Yes,Apartment,Fire Escape,Window Broken or Blocked,Bedroom,
Department of Housing Preservation and Development,Safety,PVT,Yes,Apartment,Fire Escape,Window Broken or Blocked,Other Room/Area,
Department of Housing Preservation and Development,Safety,PVT,Yes,Apartment,Fire Escape,Window Broken or Blocked,Private Hall,
Department of Housing Preservation and Development,Safety,PVT,Yes,Apartment,Smoke Detector,Broken or Missing,Entire Apartment,
Department of Housing Preservation and Development,Safety,PVT,Yes,Apartment,Sprinkler,No Water,Entire Apartment,
Department of Housing Preservation and Development,Safety,PVT,Yes,Apartment,Sprinkler,No Water,Entire Building,
Department of Housing Preservation and Development,Safety,PVT,Yes,Apartment,Sprinkler,Sprinkler Missing,Entire Apartment,
Department of Housing Preservation and Development,Safety,PVT,Yes,Apartment,Sprinkler,Sprinkler Missing,Entrance/Foyer,
Department of Housing Preservation and Development,Safety,PVT,Yes,Apartment,Sprinkler,Sprinkler Missing,Living Room,
Department of Housing Preservation and Development,Safety,PVT,Yes,Apartment,Sprinkler,Sprinkler Missing,Kitchen,
Department of Housing Preservation and Development,Safety,PVT,Yes,Apartment,Sprinkler,Sprinkler Missing,Bedroom,
Department of Housing Preservation and Development,Safety,PVT,Yes,Apartment,Sprinkler,Sprinkler Missing,Private Hall,
Department of Housing Preservation and Development,Safety,PVT,Yes,Apartment,Sprinkler,Sprinkler Missing,Other Room/Area,
Department of Housing Preservation and Development,Safety,PVT,Yes,Apartment,Sprinkler,Sprinkler Painted,Other Room/Area,
Department of Housing Preservation and Development,Safety,PVT,Yes,Apartment,Sprinkler,Sprinkler Painted,Private Hall,
Department of Housing Preservation and Development,Safety,PVT,Yes,Apartment,Sprinkler,Sprinkler Painted,Bedroom,
Department of Housing Preservation and Development,Safety,PVT,Yes,Apartment,Sprinkler,Sprinkler Painted,Kitchen,
Department of Housing Preservation and Development,Safety,PVT,Yes,Apartment,Sprinkler,Sprinkler Painted,Living Room,
Department of Housing Preservation and Development,Safety,PVT,Yes,Apartment,Sprinkler,Sprinkler Painted,Entrance/Foyer,
Department of Housing Preservation and Development,Safety,PVT,Yes,Apartment,Sprinkler,Sprinkler Painted,Entire Apartment,
Department of Housing Preservation and Development,Safety,PVT,Yes,Apartment,Sprinkler,System Broken or Missing,Entire Apartment,
Department of Housing Preservation and Development,Safety,PVT,Yes,Apartment,Sprinkler,System Broken or Missing,Entire Building,
Department of Housing Preservation and Development,Safety,PVT,Yes,Apartment,Window Guard Broken/Missing,Child Under 11,Entire Apartment,
Department of Housing Preservation and Development,Safety,PVT,Yes,Apartment,Window Guard Broken/Missing,Child Under 11,Living Room,
Department of Housing Preservation and Development,Safety,PVT,Yes,Apartment,Window Guard Broken/Missing,Child Under 11,Kitchen,
Department of Housing Preservation and Development,Safety,PVT,Yes,Apartment,Window Guard Broken/Missing,Child Under 11,Bedroom,
Department of Housing Preservation and Development,Safety,PVT,Yes,Apartment,Window Guard Broken/Missing,Child Under 11,Bathroom,
Department of Housing Preservation and Development,Safety,PVT,Yes,Apartment,Window Guard Broken/Missing,Child Under 11,Other Room/Area,
Department of Housing Preservation and Development,Safety,PVT,Yes,Apartment,Window Guard Broken/Missing,No Child Under 11,Other Room/Area,
Department of Housing Preservation and Development,Safety,PVT,Yes,Apartment,Window Guard Broken/Missing,No Child Under 11,Bathroom,
Department of Housing Preservation and Development,Safety,PVT,Yes,Apartment,Window Guard Broken/Missing,No Child Under 11,Bedroom,
Department of Housing Preservation and Development,Safety,PVT,Yes,Apartment,Window Guard Broken/Missing,No Child Under 11,Kitchen,
Department of Housing Preservation and Development,Safety,PVT,Yes,Apartment,Window Guard Broken/Missing,No Child Under 11,Living Room,
Department of Housing Preservation and Development,Safety,PVT,Yes,Apartment,Window Guard Broken/Missing,No Child Under 11,Entire Apartment,
Department of Housing Preservation and Development,Unsanitary Condition,PVT,Yes,Apartment,Mold,N/A,Entire Apartment,
Department of Housing Preservation and Development,Unsanitary Condition,PVT,Yes,Apartment,Mold,N/A,Entrance/Foyer,
Department of Housing Preservation and Development,Unsanitary Condition,PVT,Yes,Apartment,Mold,N/A,Living Room,
Department of Housing Preservation and Development,Unsanitary Condition,PVT,Yes,Apartment,Mold,N/A,Kitchen,
Department of Housing Preservation and Development,Unsanitary Condition,PVT,Yes,Apartment,Mold,N/A,Bedroom,
Department of Housing Preservation and Development,Unsanitary Condition,PVT,Yes,Apartment,Mold,N/A,Bathroom,
Department of Housing Preservation and Development,Unsanitary Condition,PVT,Yes,Apartment,Mold,N/A,Other Room/Area,
Department of Housing Preservation and Development,Unsanitary Condition,PVT,Yes,Apartment,Mold,N/A,Private Hall,
Department of Housing Preservation and Development,Unsanitary Condition,PVT,Yes,Apartment,Pests,Bed Bugs,Entire Apartment,
Department of Housing Preservation and Development,Unsanitary Condition,PVT,Yes,Apartment,Pests,Fleas,Entire Apartment,
Department of Housing Preservation and Development,Unsanitary Condition,PVT,Yes,Apartment,Pests,Flies,Entire Apartment,
Department of Housing Preservation and Development,Unsanitary Condition,PVT,Yes,Apartment,Pests,Mice,Entire Apartment,
Department of Housing Preservation and Development,Unsanitary Condition,PVT,Yes,Apartment,Pests,Other,Entire Apartment,
Department of Housing Preservation and Development,Unsanitary Condition,PVT,Yes,Apartment,Pests,Roaches,Entire Apartment,
Department of Housing Preservation and Development,Unsanitary Condition,PVT,Yes,Apartment,Pests,Termites,Entire Apartment,
Department of Housing Preservation and Development,Unsanitary Condition,PVT,Yes,Apartment,Sewage,Broken/Blocked Sewage Pipe,Kitchen,
Department of Housing Preservation and Development,Unsanitary Condition,PVT,Yes,Apartment,Sewage,Broken/Blocked Sewage Pipe,Bathroom,
Department of Housing Preservation and Development,Unsanitary Condition,PVT,Yes,Apartment,Sewage,Broken/Blocked Sewage Pipe,Other Room/Area,
Department of Housing Preservation and Development,Unsanitary Condition,PVT,Yes,Apartment,Sewage,Raw Sewage Accumulation,Other Room/Area,
Department of Housing Preservation and Development,Unsanitary Condition,PVT,Yes,Apartment,Sewage,Raw Sewage Accumulation,Private Hall,
Department of Housing Preservation and Development,Unsanitary Condition,PVT,Yes,Apartment,Sewage,Raw Sewage Accumulation,Bathroom,
Department of Housing Preservation and Development,Unsanitary Condition,PVT,Yes,Apartment,Sewage,Raw Sewage Accumulation,Kitchen,
Department of Housing Preservation and Development,Unsanitary Condition,PVT,Yes,Apartment,Sewage,Raw Sewage Accumulation,Entire Apartment,
Department of Housing Preservation and Development,Unsanitary Condition,Sec 8,Yes,Public Area,Garbage/Recycling Storage,Accumulation,Hallway,
Department of Housing Preservation and Development,Unsanitary Condition,Sec 8,Yes,Public Area,Garbage/Recycling Storage,Accumulation,Garage,
Department of Housing Preservation and Development,Unsanitary Condition,Sec 8,Yes,Public Area,Garbage/Recycling Storage,Accumulation,Fire Stairs/Tower,
Department of Housing Preservation and Development,Unsanitary Condition,Sec 8,Yes,Public Area,Garbage/Recycling Storage,Accumulation,Fire Exit/Passageway,
Department of Housing Preservation and Development,Unsanitary Condition,Sec 8,Yes,Public Area,Garbage/Recycling Storage,Accumulation,Fire Escape/Egress,
Department of Housing Preservation and Development,Unsanitary Condition,Sec 8,Yes,Public Area,Garbage/Recycling Storage,Accumulation,Lobby,
Department of Housing Preservation and Development,Unsanitary Condition,Sec 8,Yes,Public Area,Garbage/Recycling Storage,Accumulation,Kitchen,
Department of Housing Preservation and Development,Unsanitary Condition,Sec 8,Yes,Public Area,Garbage/Recycling Storage,Accumulation,Laundry Room,
Department of Housing Preservation and Development,Unsanitary Condition,Sec 8,Yes,Public Area,Garbage/Recycling Storage,Accumulation,Air Shaft,
Department of Housing Preservation and Development,Unsanitary Condition,Sec 8,Yes,Public Area,Garbage/Recycling Storage,Accumulation,Basement,
Department of Housing Preservation and Development,Unsanitary Condition,Sec 8,Yes,Public Area,Garbage/Recycling Storage,Accumulation,Bathroom,
Department of Housing Preservation and Development,Unsanitary Condition,Sec 8,Yes,Public Area,Garbage/Recycling Storage,Accumulation,Building Entrance,
Department of Housing Preservation and Development,Unsanitary Condition,Sec 8,Yes,Public Area,Garbage/Recycling Storage,Accumulation,Boiler Room,
Department of Housing Preservation and Development,Unsanitary Condition,Sec 8,Yes,Public Area,Garbage/Recycling Storage,Accumulation,Courtyard,
Department of Housing Preservation and Development,Unsanitary Condition,Sec 8,Yes,Public Area,Garbage/Recycling Storage,Accumulation,Cellar,
Department of Housing Preservation and Development,Unsanitary Condition,Sec 8,Yes,Public Area,Garbage/Recycling Storage,Accumulation,Compactor Closet,
Department of Housing Preservation and Development,Unsanitary Condition,Sec 8,Yes,Public Area,Garbage/Recycling Storage,Accumulation,Stairs,
Department of Housing Preservation and Development,Unsanitary Condition,Sec 8,Yes,Public Area,Garbage/Recycling Storage,Accumulation,Other Room/Area,
Department of Housing Preservation and Development,Unsanitary Condition,Sec 8,Yes,Public Area,Garbage/Recycling Storage,Accumulation,Meter Room,
Department of Housing Preservation and Development,Unsanitary Condition,Sec 8,Yes,Public Area,Garbage/Recycling Storage,Accumulation,Storage Room,
Department of Housing Preservation and Development,Unsanitary Condition,Sec 8,Yes,Public Area,Garbage/Recycling Storage,Accumulation,Stoop,
Department of Housing Preservation and Development,Unsanitary Condition,Sec 8,Yes,Public Area,Garbage/Recycling Storage,Accumulation,Yard,
Department of Housing Preservation and Development,Unsanitary Condition,Sec 8,Yes,Public Area,Garbage/Recycling Storage,Missing or Inadequate Cans/Lid,Yard,
Department of Housing Preservation and Development,Unsanitary Condition,Sec 8,Yes,Public Area,Garbage/Recycling Storage,Missing or Inadequate Cans/Lid,Stoop,
Department of Housing Preservation and Development,Unsanitary Condition,Sec 8,Yes,Public Area,Garbage/Recycling Storage,Missing or Inadequate Cans/Lid,Compactor Closet,
Department of Housing Preservation and Development,Unsanitary Condition,Sec 8,Yes,Public Area,Garbage/Recycling Storage,Missing or Inadequate Cans/Lid,Cellar,
Department of Housing Preservation and Development,Unsanitary Condition,Sec 8,Yes,Public Area,Garbage/Recycling Storage,Missing or Inadequate Cans/Lid,Courtyard,
Department of Housing Preservation and Development,Unsanitary Condition,Sec 8,Yes,Public Area,Garbage/Recycling Storage,Missing or Inadequate Cans/Lid,Building Entrance,
Department of Housing Preservation and Development,Unsanitary Condition,Sec 8,Yes,Public Area,Garbage/Recycling Storage,Missing or Inadequate Cans/Lid,Basement,
Department of Housing Preservation and Development,Unsanitary Condition,PVT,Yes,Public Area,Garbage/Recycling Storage,Accumulation,Hallway,
Department of Housing Preservation and Development,Unsanitary Condition,PVT,Yes,Public Area,Garbage/Recycling Storage,Accumulation,Fire Stairs/Tower,
Department of Housing Preservation and Development,Unsanitary Condition,PVT,Yes,Public Area,Garbage/Recycling Storage,Accumulation,Garage,
Department of Housing Preservation and Development,Unsanitary Condition,PVT,Yes,Public Area,Garbage/Recycling Storage,Accumulation,Fire Escape/Egress,
Department of Housing Preservation and Development,Unsanitary Condition,PVT,Yes,Public Area,Garbage/Recycling Storage,Accumulation,Fire Exit/Passageway,
Department of Housing Preservation and Development,Unsanitary Condition,PVT,Yes,Public Area,Garbage/Recycling Storage,Accumulation,Laundry Room,
Department of Housing Preservation and Development,Unsanitary Condition,PVT,Yes,Public Area,Garbage/Recycling Storage,Accumulation,Kitchen,
Department of Housing Preservation and Development,Unsanitary Condition,PVT,Yes,Public Area,Garbage/Recycling Storage,Accumulation,Lobby,
Department of Housing Preservation and Development,Unsanitary Condition,PVT,Yes,Public Area,Garbage/Recycling Storage,Accumulation,Air Shaft,
Department of Housing Preservation and Development,Unsanitary Condition,PVT,Yes,Public Area,Garbage/Recycling Storage,Accumulation,Basement,
Department of Housing Preservation and Development,Unsanitary Condition,PVT,Yes,Public Area,Garbage/Recycling Storage,Accumulation,Bathroom,
Department of Housing Preservation and Development,Unsanitary Condition,PVT,Yes,Public Area,Garbage/Recycling Storage,Accumulation,Building Entrance,
Department of Housing Preservation and Development,Unsanitary Condition,PVT,Yes,Public Area,Garbage/Recycling Storage,Accumulation,Boiler Room,
Department of Housing Preservation and Development,Unsanitary Condition,PVT,Yes,Public Area,Garbage/Recycling Storage,Accumulation,Courtyard,
Department of Housing Preservation and Development,Unsanitary Condition,PVT,Yes,Public Area,Garbage/Recycling Storage,Accumulation,Compactor Closet,
Department of Housing Preservation and Development,Unsanitary Condition,PVT,Yes,Public Area,Garbage/Recycling Storage,Accumulation,Cellar,
Department of Housing Preservation and Development,Unsanitary Condition,PVT,Yes,Public Area,Garbage/Recycling Storage,Accumulation,Yard,
Department of Housing Preservation and Development,Unsanitary Condition,PVT,Yes,Public Area,Garbage/Recycling Storage,Accumulation,Stoop,
Department of Housing Preservation and Development,Unsanitary Condition,PVT,Yes,Public Area,Garbage/Recycling Storage,Accumulation,Storage Room,
Department of Housing Preservation and Development,Unsanitary Condition,PVT,Yes,Public Area,Garbage/Recycling Storage,Accumulation,Stairs,
Department of Housing Preservation and Development,Unsanitary Condition,PVT,Yes,Public Area,Garbage/Recycling Storage,Accumulation,Other Room/Area,
Department of Housing Preservation and Development,Unsanitary Condition,PVT,Yes,Public Area,Garbage/Recycling Storage,Accumulation,Meter Room,
Department of Housing Preservation and Development,Unsanitary Condition,PVT,Yes,Public Area,Garbage/Recycling Storage,Missing or Inadequate Cans/Lid,Stoop,
Department of Housing Preservation and Development,Unsanitary Condition,PVT,Yes,Public Area,Garbage/Recycling Storage,Missing or Inadequate Cans/Lid,Yard,
Department of Housing Preservation and Development,Unsanitary Condition,PVT,Yes,Public Area,Garbage/Recycling Storage,Missing or Inadequate Cans/Lid,Cellar,
Department of Housing Preservation and Development,Unsanitary Condition,PVT,Yes,Public Area,Garbage/Recycling Storage,Missing or Inadequate Cans/Lid,Courtyard,
Department of Housing Preservation and Development,Unsanitary Condition,PVT,Yes,Public Area,Garbage/Recycling Storage,Missing or Inadequate Cans/Lid,Compactor Closet,
Department of Housing Preservation and Development,Unsanitary Condition,PVT,Yes,Public Area,Garbage/Recycling Storage,Missing or Inadequate Cans/Lid,Building Entrance,
Department of Housing Preservation and Development,Unsanitary Condition,PVT,Yes,Public Area,Garbage/Recycling Storage,Missing or Inadequate Cans/Lid,Basement,
Department of Housing Preservation and Development,Unsanitary Condition,DPM,Yes,Public Area,Garbage/Recycling Storage,Accumulation,Kitchen,
Department of Housing Preservation and Development,Unsanitary Condition,DPM,Yes,Public Area,Garbage/Recycling Storage,Accumulation,Hallway,
Department of Housing Preservation and Development,Unsanitary Condition,DPM,Yes,Public Area,Garbage/Recycling Storage,Accumulation,Garage,
Department of Housing Preservation and Development,Unsanitary Condition,DPM,Yes,Public Area,Garbage/Recycling Storage,Accumulation,Fire Escape/Egress,
Department of Housing Preservation and Development,Unsanitary Condition,DPM,Yes,Public Area,Garbage/Recycling Storage,Accumulation,Fire Exit/Passageway,
Department of Housing Preservation and Development,Unsanitary Condition,DPM,Yes,Public Area,Garbage/Recycling Storage,Accumulation,Fire Stairs/Tower,
Department of Housing Preservation and Development,Unsanitary Condition,DPM,Yes,Public Area,Garbage/Recycling Storage,Accumulation,Meter Room,
Department of Housing Preservation and Development,Unsanitary Condition,DPM,Yes,Public Area,Garbage/Recycling Storage,Accumulation,Lobby,
Department of Housing Preservation and Development,Unsanitary Condition,DPM,Yes,Public Area,Garbage/Recycling Storage,Accumulation,Laundry Room,
Department of Housing Preservation and Development,Unsanitary Condition,DPM,Yes,Public Area,Garbage/Recycling Storage,Accumulation,Air Shaft,
Department of Housing Preservation and Development,Unsanitary Condition,DPM,Yes,Public Area,Garbage/Recycling Storage,Accumulation,Basement,
Department of Housing Preservation and Development,Unsanitary Condition,DPM,Yes,Public Area,Garbage/Recycling Storage,Accumulation,Bathroom,
Department of Housing Preservation and Development,Unsanitary Condition,DPM,Yes,Public Area,Garbage/Recycling Storage,Accumulation,Courtyard,
Department of Housing Preservation and Development,Unsanitary Condition,DPM,Yes,Public Area,Garbage/Recycling Storage,Accumulation,Compactor Closet,
Department of Housing Preservation and Development,Unsanitary Condition,DPM,Yes,Public Area,Garbage/Recycling Storage,Accumulation,Building Entrance,
Department of Housing Preservation and Development,Unsanitary Condition,DPM,Yes,Public Area,Garbage/Recycling Storage,Accumulation,Boiler Room,
Department of Housing Preservation and Development,Unsanitary Condition,DPM,Yes,Public Area,Garbage/Recycling Storage,Accumulation,Cellar,
Department of Housing Preservation and Development,Unsanitary Condition,DPM,Yes,Public Area,Garbage/Recycling Storage,Accumulation,Stairs,
Department of Housing Preservation and Development,Unsanitary Condition,DPM,Yes,Public Area,Garbage/Recycling Storage,Accumulation,Other Room/Area,
Department of Housing Preservation and Development,Unsanitary Condition,DPM,Yes,Public Area,Garbage/Recycling Storage,Accumulation,Storage Room,
Department of Housing Preservation and Development,Unsanitary Condition,DPM,Yes,Public Area,Garbage/Recycling Storage,Accumulation,Stoop,
Department of Housing Preservation and Development,Unsanitary Condition,DPM,Yes,Public Area,Garbage/Recycling Storage,Accumulation,Yard,
Department of Housing Preservation and Development,Unsanitary Condition,DPM,Yes,Public Area,Garbage/Recycling Storage,Missing or Inadequate Cans/Lid,Yard,
Department of Housing Preservation and Development,Unsanitary Condition,DPM,Yes,Public Area,Garbage/Recycling Storage,Missing or Inadequate Cans/Lid,Stoop,
Department of Housing Preservation and Development,Unsanitary Condition,DPM,Yes,Public Area,Garbage/Recycling Storage,Missing or Inadequate Cans/Lid,Cellar,
Department of Housing Preservation and Development,Unsanitary Condition,DPM,Yes,Public Area,Garbage/Recycling Storage,Missing or Inadequate Cans/Lid,Building Entrance,
Department of Housing Preservation and Development,Unsanitary Condition,DPM,Yes,Public Area,Garbage/Recycling Storage,Missing or Inadequate Cans/Lid,Compactor Closet,
Department of Housing Preservation and Development,Unsanitary Condition,DPM,Yes,Public Area,Garbage/Recycling Storage,Missing or Inadequate Cans/Lid,Courtyard,
Department of Housing Preservation and Development,Unsanitary Condition,DPM,Yes,Public Area,Garbage/Recycling Storage,Missing or Inadequate Cans/Lid,Basement,
Department of Housing Preservation and Development,Unsanitary Condition,DAMP,Yes,Public Area,Garbage/Recycling Storage,Accumulation,Hallway,
Department of Housing Preservation and Development,Unsanitary Condition,DAMP,Yes,Public Area,Garbage/Recycling Storage,Accumulation,Fire Stairs/Tower,
Department of Housing Preservation and Development,Unsanitary Condition,DAMP,Yes,Public Area,Garbage/Recycling Storage,Accumulation,Garage,
Department of Housing Preservation and Development,Unsanitary Condition,DAMP,Yes,Public Area,Garbage/Recycling Storage,Accumulation,Kitchen,
Department of Housing Preservation and Development,Unsanitary Condition,DAMP,Yes,Public Area,Garbage/Recycling Storage,Accumulation,Fire Escape/Egress,
Department of Housing Preservation and Development,Unsanitary Condition,DAMP,Yes,Public Area,Garbage/Recycling Storage,Accumulation,Fire Exit/Passageway,
Department of Housing Preservation and Development,Unsanitary Condition,DAMP,Yes,Public Area,Garbage/Recycling Storage,Accumulation,Laundry Room,
Department of Housing Preservation and Development,Unsanitary Condition,DAMP,Yes,Public Area,Garbage/Recycling Storage,Accumulation,Lobby,
Department of Housing Preservation and Development,Unsanitary Condition,DAMP,Yes,Public Area,Garbage/Recycling Storage,Accumulation,Meter Room,
Department of Housing Preservation and Development,Unsanitary Condition,DAMP,Yes,Public Area,Garbage/Recycling Storage,Accumulation,Air Shaft,
Department of Housing Preservation and Development,Unsanitary Condition,DAMP,Yes,Public Area,Garbage/Recycling Storage,Accumulation,Basement,
Department of Housing Preservation and Development,Unsanitary Condition,DAMP,Yes,Public Area,Garbage/Recycling Storage,Accumulation,Bathroom,
Department of Housing Preservation and Development,Unsanitary Condition,DAMP,Yes,Public Area,Garbage/Recycling Storage,Accumulation,Courtyard,
Department of Housing Preservation and Development,Unsanitary Condition,DAMP,Yes,Public Area,Garbage/Recycling Storage,Accumulation,Compactor Closet,
Department of Housing Preservation and Development,Unsanitary Condition,DAMP,Yes,Public Area,Garbage/Recycling Storage,Accumulation,Building Entrance,
Department of Housing Preservation and Development,Unsanitary Condition,DAMP,Yes,Public Area,Garbage/Recycling Storage,Accumulation,Boiler Room,
Department of Housing Preservation and Development,Unsanitary Condition,DAMP,Yes,Public Area,Garbage/Recycling Storage,Accumulation,Cellar,
Department of Housing Preservation and Development,Unsanitary Condition,DAMP,Yes,Public Area,Garbage/Recycling Storage,Accumulation,Stairs,
Department of Housing Preservation and Development,Unsanitary Condition,DAMP,Yes,Public Area,Garbage/Recycling Storage,Accumulation,Other Room/Area,
Department of Housing Preservation and Development,Unsanitary Condition,DAMP,Yes,Public Area,Garbage/Recycling Storage,Accumulation,Storage Room,
Department of Housing Preservation and Development,Unsanitary Condition,DAMP,Yes,Public Area,Garbage/Recycling Storage,Accumulation,Stoop,
Department of Housing Preservation and Development,Unsanitary Condition,DAMP,Yes,Public Area,Garbage/Recycling Storage,Accumulation,Yard,
Department of Housing Preservation and Development,Unsanitary Condition,DAMP,Yes,Public Area,Garbage/Recycling Storage,Missing or Inadequate Cans/Lid,Yard,
Department of Housing Preservation and Development,Unsanitary Condition,DAMP,Yes,Public Area,Garbage/Recycling Storage,Missing or Inadequate Cans/Lid,Stoop,
Department of Housing Preservation and Development,Unsanitary Condition,DAMP,Yes,Public Area,Garbage/Recycling Storage,Missing or Inadequate Cans/Lid,Building Entrance,
Department of Housing Preservation and Development,Unsanitary Condition,DAMP,Yes,Public Area,Garbage/Recycling Storage,Missing or Inadequate Cans/Lid,Compactor Closet,
Department of Housing Preservation and Development,Unsanitary Condition,DAMP,Yes,Public Area,Garbage/Recycling Storage,Missing or Inadequate Cans/Lid,Cellar,
Department of Housing Preservation and Development,Unsanitary Condition,DAMP,Yes,Public Area,Garbage/Recycling Storage,Missing or Inadequate Cans/Lid,Courtyard,
Department of Housing Preservation and Development,Unsanitary Condition,DAMP,Yes,Public Area,Garbage/Recycling Storage,Missing or Inadequate Cans/Lid,Basement,
Department of Housing Preservation and Development,Unsanitary Condition,Sec 8,Yes,Building-Wide,Garbage/Recycling Storage,Missing or Inadequate Cans/Lid,Building-Wide,
Department of Housing Preservation and Development,Unsanitary Condition,PVT,Yes,Building-Wide,Garbage/Recycling Storage,Missing or Inadequate Cans/Lid,Building-Wide,
Department of Housing Preservation and Development,Unsanitary Condition,DPM,Yes,Building-Wide,Garbage/Recycling Storage,Missing or Inadequate Cans/Lid,Building-Wide,
Department of Housing Preservation and Development,Unsanitary Condition,DAMP,Yes,Building-Wide,Garbage/Recycling Storage,Missing or Inadequate Cans/Lid,Building-Wide,
Department of Housing Preservation and Development,Unsanitary Condition,Sec 8,Yes,Public Area,Mold,N/A,Storage Room,
Department of Housing Preservation and Development,Unsanitary Condition,Sec 8,Yes,Public Area,Mold,N/A,Stairs,
Department of Housing Preservation and Development,Unsanitary Condition,Sec 8,Yes,Public Area,Mold,N/A,Basement,
Department of Housing Preservation and Development,Unsanitary Condition,Sec 8,Yes,Public Area,Mold,N/A,Bathroom,
Department of Housing Preservation and Development,Unsanitary Condition,Sec 8,Yes,Public Area,Mold,N/A,Compactor Closet,
Department of Housing Preservation and Development,Unsanitary Condition,Sec 8,Yes,Public Area,Mold,N/A,Cellar,
Department of Housing Preservation and Development,Unsanitary Condition,Sec 8,Yes,Public Area,Mold,N/A,Hallway,
Department of Housing Preservation and Development,Unsanitary Condition,Sec 8,Yes,Public Area,Mold,N/A,Lobby,
Department of Housing Preservation and Development,Unsanitary Condition,Sec 8,Yes,Public Area,Mold,N/A,Laundry Room,
Department of Housing Preservation and Development,Unsanitary Condition,Sec 8,Yes,Public Area,Mold,N/A,Kitchen,
Department of Housing Preservation and Development,Unsanitary Condition,Sec 8,Yes,Public Area,Pests,Bed Bugs,Kitchen,
Department of Housing Preservation and Development,Unsanitary Condition,Sec 8,Yes,Public Area,Pests,Bed Bugs,Laundry Room,
Department of Housing Preservation and Development,Unsanitary Condition,Sec 8,Yes,Public Area,Pests,Bed Bugs,Lobby,
Department of Housing Preservation and Development,Unsanitary Condition,Sec 8,Yes,Public Area,Pests,Bed Bugs,Cellar,
Department of Housing Preservation and Development,Unsanitary Condition,Sec 8,Yes,Public Area,Pests,Bed Bugs,Boiler Room,
Department of Housing Preservation and Development,Unsanitary Condition,Sec 8,Yes,Public Area,Pests,Bed Bugs,Bathroom,
Department of Housing Preservation and Development,Unsanitary Condition,Sec 8,Yes,Public Area,Pests,Bed Bugs,Basement,
Department of Housing Preservation and Development,Unsanitary Condition,Sec 8,Yes,Public Area,Pests,Bed Bugs,Meter Room,
Department of Housing Preservation and Development,Unsanitary Condition,Sec 8,Yes,Public Area,Pests,Bed Bugs,Other Room/Area,
Department of Housing Preservation and Development,Unsanitary Condition,Sec 8,Yes,Public Area,Pests,Bed Bugs,Storage Room,
Department of Housing Preservation and Development,Unsanitary Condition,Sec 8,Yes,Public Area,Pests,Fleas,Storage Room,
Department of Housing Preservation and Development,Unsanitary Condition,Sec 8,Yes,Public Area,Pests,Fleas,Other Room/Area,
Department of Housing Preservation and Development,Unsanitary Condition,Sec 8,Yes,Public Area,Pests,Fleas,Meter Room,
Department of Housing Preservation and Development,Unsanitary Condition,Sec 8,Yes,Public Area,Pests,Fleas,Stairs,
Department of Housing Preservation and Development,Unsanitary Condition,Sec 8,Yes,Public Area,Pests,Fleas,Basement,
Department of Housing Preservation and Development,Unsanitary Condition,Sec 8,Yes,Public Area,Pests,Fleas,Air Shaft,
Department of Housing Preservation and Development,Unsanitary Condition,Sec 8,Yes,Public Area,Pests,Fleas,Bathroom,
Department of Housing Preservation and Development,Unsanitary Condition,Sec 8,Yes,Public Area,Pests,Fleas,Boiler Room,
Department of Housing Preservation and Development,Unsanitary Condition,Sec 8,Yes,Public Area,Pests,Fleas,Building Entrance,
Department of Housing Preservation and Development,Unsanitary Condition,Sec 8,Yes,Public Area,Pests,Fleas,Cellar,
Department of Housing Preservation and Development,Unsanitary Condition,Sec 8,Yes,Public Area,Pests,Fleas,Compactor Closet,
Department of Housing Preservation and Development,Unsanitary Condition,Sec 8,Yes,Public Area,Pests,Fleas,Courtyard,
Department of Housing Preservation and Development,Unsanitary Condition,Sec 8,Yes,Public Area,Pests,Fleas,Lobby,
Department of Housing Preservation and Development,Unsanitary Condition,Sec 8,Yes,Public Area,Pests,Fleas,Laundry Room,
Department of Housing Preservation and Development,Unsanitary Condition,Sec 8,Yes,Public Area,Pests,Fleas,Kitchen,
Department of Housing Preservation and Development,Unsanitary Condition,Sec 8,Yes,Public Area,Pests,Fleas,Hallway,
Department of Housing Preservation and Development,Unsanitary Condition,Sec 8,Yes,Public Area,Pests,Fleas,Fire Stairs/Tower,
Department of Housing Preservation and Development,Unsanitary Condition,Sec 8,Yes,Public Area,Pests,Fleas,Fire Exit/Passageway,
Department of Housing Preservation and Development,Unsanitary Condition,Sec 8,Yes,Public Area,Pests,Flies,Fire Exit/Passageway,
Department of Housing Preservation and Development,Unsanitary Condition,Sec 8,Yes,Public Area,Pests,Flies,Fire Escape/Egress,
Department of Housing Preservation and Development,Unsanitary Condition,Sec 8,Yes,Public Area,Pests,Flies,Fire Stairs/Tower,
Department of Housing Preservation and Development,Unsanitary Condition,Sec 8,Yes,Public Area,Pests,Flies,Kitchen,
Department of Housing Preservation and Development,Unsanitary Condition,Sec 8,Yes,Public Area,Pests,Flies,Laundry Room,
Department of Housing Preservation and Development,Unsanitary Condition,Sec 8,Yes,Public Area,Pests,Flies,Lobby,
Department of Housing Preservation and Development,Unsanitary Condition,Sec 8,Yes,Public Area,Pests,Flies,Courtyard,
Department of Housing Preservation and Development,Unsanitary Condition,Sec 8,Yes,Public Area,Pests,Flies,Compactor Closet,
Department of Housing Preservation and Development,Unsanitary Condition,Sec 8,Yes,Public Area,Pests,Flies,Cellar,
Department of Housing Preservation and Development,Unsanitary Condition,Sec 8,Yes,Public Area,Pests,Flies,Building Entrance,
Department of Housing Preservation and Development,Unsanitary Condition,Sec 8,Yes,Public Area,Pests,Flies,Boiler Room,
Department of Housing Preservation and Development,Unsanitary Condition,Sec 8,Yes,Public Area,Pests,Flies,Bathroom,
Department of Housing Preservation and Development,Unsanitary Condition,Sec 8,Yes,Public Area,Pests,Flies,Basement,
Department of Housing Preservation and Development,Unsanitary Condition,Sec 8,Yes,Public Area,Pests,Flies,Stairs,
Department of Housing Preservation and Development,Unsanitary Condition,Sec 8,Yes,Public Area,Pests,Flies,Meter Room,
Department of Housing Preservation and Development,Unsanitary Condition,Sec 8,Yes,Public Area,Pests,Flies,Other Room/Area,
Department of Housing Preservation and Development,Unsanitary Condition,Sec 8,Yes,Public Area,Pests,Flies,Storage Room,
Department of Housing Preservation and Development,Unsanitary Condition,Sec 8,Yes,Public Area,Pests,Mice,Storage Room,
Department of Housing Preservation and Development,Unsanitary Condition,Sec 8,Yes,Public Area,Pests,Mice,Yard,
Department of Housing Preservation and Development,Unsanitary Condition,Sec 8,Yes,Public Area,Pests,Mice,Other Room/Area,
Department of Housing Preservation and Development,Unsanitary Condition,Sec 8,Yes,Public Area,Pests,Mice,Meter Room,
Department of Housing Preservation and Development,Unsanitary Condition,Sec 8,Yes,Public Area,Pests,Mice,Stairs,
Department of Housing Preservation and Development,Unsanitary Condition,Sec 8,Yes,Public Area,Pests,Mice,Basement,
Department of Housing Preservation and Development,Unsanitary Condition,Sec 8,Yes,Public Area,Pests,Mice,Bathroom,
Department of Housing Preservation and Development,Unsanitary Condition,Sec 8,Yes,Public Area,Pests,Mice,Boiler Room,
Department of Housing Preservation and Development,Unsanitary Condition,Sec 8,Yes,Public Area,Pests,Mice,Building Entrance,
Department of Housing Preservation and Development,Unsanitary Condition,Sec 8,Yes,Public Area,Pests,Mice,Cellar,
Department of Housing Preservation and Development,Unsanitary Condition,Sec 8,Yes,Public Area,Pests,Mice,Compactor Closet,
Department of Housing Preservation and Development,Unsanitary Condition,Sec 8,Yes,Public Area,Pests,Mice,Lobby,
Department of Housing Preservation and Development,Unsanitary Condition,Sec 8,Yes,Public Area,Pests,Mice,Laundry Room,
Department of Housing Preservation and Development,Unsanitary Condition,Sec 8,Yes,Public Area,Pests,Mice,Kitchen,
Department of Housing Preservation and Development,Unsanitary Condition,Sec 8,Yes,Public Area,Pests,Mice,Hallway,
Department of Housing Preservation and Development,Unsanitary Condition,Sec 8,Yes,Public Area,Pests,Other,Hallway,
Department of Housing Preservation and Development,Unsanitary Condition,Sec 8,Yes,Public Area,Pests,Other,Kitchen,
Department of Housing Preservation and Development,Unsanitary Condition,Sec 8,Yes,Public Area,Pests,Other,Laundry Room,
Department of Housing Preservation and Development,Unsanitary Condition,Sec 8,Yes,Public Area,Pests,Other,Lobby,
Department of Housing Preservation and Development,Unsanitary Condition,Sec 8,Yes,Public Area,Pests,Other,Compactor Closet,
Department of Housing Preservation and Development,Unsanitary Condition,Sec 8,Yes,Public Area,Pests,Other,Cellar,
Department of Housing Preservation and Development,Unsanitary Condition,Sec 8,Yes,Public Area,Pests,Other,Courtyard,
Department of Housing Preservation and Development,Unsanitary Condition,Sec 8,Yes,Public Area,Pests,Other,Building Entrance,
Department of Housing Preservation and Development,Unsanitary Condition,Sec 8,Yes,Public Area,Pests,Other,Boiler Room,
Department of Housing Preservation and Development,Unsanitary Condition,Sec 8,Yes,Public Area,Pests,Other,Bathroom,
Department of Housing Preservation and Development,Unsanitary Condition,Sec 8,Yes,Public Area,Pests,Other,Basement,
Department of Housing Preservation and Development,Unsanitary Condition,Sec 8,Yes,Public Area,Pests,Other,Meter Room,
Department of Housing Preservation and Development,Unsanitary Condition,Sec 8,Yes,Public Area,Pests,Other,Other Room/Area,
Department of Housing Preservation and Development,Unsanitary Condition,Sec 8,Yes,Public Area,Pests,Other,Yard,
Department of Housing Preservation and Development,Unsanitary Condition,Sec 8,Yes,Public Area,Pests,Other,Storage Room,
Department of Housing Preservation and Development,Unsanitary Condition,Sec 8,Yes,Public Area,Pests,Roaches,Storage Room,
Department of Housing Preservation and Development,Unsanitary Condition,Sec 8,Yes,Public Area,Pests,Roaches,Other Room/Area,
Department of Housing Preservation and Development,Unsanitary Condition,Sec 8,Yes,Public Area,Pests,Roaches,Meter Room,
Department of Housing Preservation and Development,Unsanitary Condition,Sec 8,Yes,Public Area,Pests,Roaches,Stairs,
Department of Housing Preservation and Development,Unsanitary Condition,Sec 8,Yes,Public Area,Pests,Roaches,Basement,
Department of Housing Preservation and Development,Unsanitary Condition,Sec 8,Yes,Public Area,Pests,Roaches,Bathroom,
Department of Housing Preservation and Development,Unsanitary Condition,Sec 8,Yes,Public Area,Pests,Roaches,Building Entrance,
Department of Housing Preservation and Development,Unsanitary Condition,Sec 8,Yes,Public Area,Pests,Roaches,Cellar,
Department of Housing Preservation and Development,Unsanitary Condition,Sec 8,Yes,Public Area,Pests,Roaches,Compactor Closet,
Department of Housing Preservation and Development,Unsanitary Condition,Sec 8,Yes,Public Area,Pests,Roaches,Lobby,
Department of Housing Preservation and Development,Unsanitary Condition,Sec 8,Yes,Public Area,Pests,Roaches,Laundry Room,
Department of Housing Preservation and Development,Unsanitary Condition,Sec 8,Yes,Public Area,Pests,Roaches,Kitchen,
Department of Housing Preservation and Development,Unsanitary Condition,Sec 8,Yes,Public Area,Pests,Roaches,Hallway,
Department of Housing Preservation and Development,Unsanitary Condition,Sec 8,Yes,Public Area,Pests,Termites,Hallway,
Department of Housing Preservation and Development,Unsanitary Condition,Sec 8,Yes,Public Area,Pests,Termites,Kitchen,
Department of Housing Preservation and Development,Unsanitary Condition,Sec 8,Yes,Public Area,Pests,Termites,Laundry Room,
Department of Housing Preservation and Development,Unsanitary Condition,Sec 8,Yes,Public Area,Pests,Termites,Lobby,
Department of Housing Preservation and Development,Unsanitary Condition,Sec 8,Yes,Public Area,Pests,Termites,Compactor Closet,
Department of Housing Preservation and Development,Unsanitary Condition,Sec 8,Yes,Public Area,Pests,Termites,Cellar,
Department of Housing Preservation and Development,Unsanitary Condition,Sec 8,Yes,Public Area,Pests,Termites,Building Entrance,
Department of Housing Preservation and Development,Unsanitary Condition,Sec 8,Yes,Public Area,Pests,Termites,Bathroom,
Department of Housing Preservation and Development,Unsanitary Condition,Sec 8,Yes,Public Area,Pests,Termites,Basement,
Department of Housing Preservation and Development,Unsanitary Condition,Sec 8,Yes,Public Area,Pests,Termites,Stairs,
Department of Housing Preservation and Development,Unsanitary Condition,Sec 8,Yes,Public Area,Pests,Termites,Meter Room,
Department of Housing Preservation and Development,Unsanitary Condition,Sec 8,Yes,Public Area,Pests,Termites,Other Room/Area,
Department of Housing Preservation and Development,Unsanitary Condition,Sec 8,Yes,Public Area,Pests,Termites,Storage Room,
Department of Housing Preservation and Development,Unsanitary Condition,Sec 8,Yes,Public Area,Sewage,Raw Sewage Accumulation,Storage Room,
Department of Housing Preservation and Development,Unsanitary Condition,Sec 8,Yes,Public Area,Sewage,Raw Sewage Accumulation,Stoop,
Department of Housing Preservation and Development,Unsanitary Condition,Sec 8,Yes,Public Area,Sewage,Raw Sewage Accumulation,Yard,
Department of Housing Preservation and Development,Unsanitary Condition,Sec 8,Yes,Public Area,Sewage,Raw Sewage Accumulation,Other Room/Area,
Department of Housing Preservation and Development,Unsanitary Condition,Sec 8,Yes,Public Area,Sewage,Raw Sewage Accumulation,Meter Room,
Department of Housing Preservation and Development,Unsanitary Condition,Sec 8,Yes,Public Area,Sewage,Raw Sewage Accumulation,Stairs,
Department of Housing Preservation and Development,Unsanitary Condition,Sec 8,Yes,Public Area,Sewage,Raw Sewage Accumulation,Basement,
Department of Housing Preservation and Development,Unsanitary Condition,Sec 8,Yes,Public Area,Sewage,Raw Sewage Accumulation,Air Shaft,
Department of Housing Preservation and Development,Unsanitary Condition,Sec 8,Yes,Public Area,Sewage,Raw Sewage Accumulation,Building Entrance,
Department of Housing Preservation and Development,Unsanitary Condition,Sec 8,Yes,Public Area,Sewage,Raw Sewage Accumulation,Boiler Room,
Department of Housing Preservation and Development,Unsanitary Condition,Sec 8,Yes,Public Area,Sewage,Raw Sewage Accumulation,Cellar,
Department of Housing Preservation and Development,Unsanitary Condition,Sec 8,Yes,Public Area,Sewage,Raw Sewage Accumulation,Compactor Closet,
Department of Housing Preservation and Development,Unsanitary Condition,Sec 8,Yes,Public Area,Sewage,Raw Sewage Accumulation,Courtyard,
Department of Housing Preservation and Development,Unsanitary Condition,Sec 8,Yes,Public Area,Sewage,Raw Sewage Accumulation,Lobby,
Department of Housing Preservation and Development,Unsanitary Condition,Sec 8,Yes,Public Area,Sewage,Raw Sewage Accumulation,Laundry Room,
Department of Housing Preservation and Development,Unsanitary Condition,Sec 8,Yes,Public Area,Sewage,Raw Sewage Accumulation,Kitchen,
Department of Housing Preservation and Development,Unsanitary Condition,Sec 8,Yes,Public Area,Sewage,Raw Sewage Accumulation,Hallway,
Department of Housing Preservation and Development,Unsanitary Condition,Sec 8,Yes,Public Area,Sewage,Raw Sewage Accumulation,Fire Stairs/Tower,
Department of Housing Preservation and Development,Unsanitary Condition,Sec 8,Yes,Public Area,Sewage,Raw Sewage Accumulation,Fire Exit/Passageway,
Department of Housing Preservation and Development,Unsanitary Condition,PVT,Yes,Public Area,Mold,N/A,Stairs,
Department of Housing Preservation and Development,Unsanitary Condition,PVT,Yes,Public Area,Mold,N/A,Storage Room,
Department of Housing Preservation and Development,Unsanitary Condition,PVT,Yes,Public Area,Mold,N/A,Basement,
Department of Housing Preservation and Development,Unsanitary Condition,PVT,Yes,Public Area,Mold,N/A,Bathroom,
Department of Housing Preservation and Development,Unsanitary Condition,PVT,Yes,Public Area,Mold,N/A,Cellar,
Department of Housing Preservation and Development,Unsanitary Condition,PVT,Yes,Public Area,Mold,N/A,Compactor Closet,
Department of Housing Preservation and Development,Unsanitary Condition,PVT,Yes,Public Area,Mold,N/A,Hallway,
Department of Housing Preservation and Development,Unsanitary Condition,PVT,Yes,Public Area,Mold,N/A,Laundry Room,
Department of Housing Preservation and Development,Unsanitary Condition,PVT,Yes,Public Area,Mold,N/A,Lobby,
Department of Housing Preservation and Development,Unsanitary Condition,PVT,Yes,Public Area,Mold,N/A,Kitchen,
Department of Housing Preservation and Development,Unsanitary Condition,PVT,Yes,Public Area,Pests,Bed Bugs,Laundry Room,
Department of Housing Preservation and Development,Unsanitary Condition,PVT,Yes,Public Area,Pests,Bed Bugs,Kitchen,
Department of Housing Preservation and Development,Unsanitary Condition,PVT,Yes,Public Area,Pests,Bed Bugs,Lobby,
Department of Housing Preservation and Development,Unsanitary Condition,PVT,Yes,Public Area,Pests,Bed Bugs,Cellar,
Department of Housing Preservation and Development,Unsanitary Condition,PVT,Yes,Public Area,Pests,Bed Bugs,Boiler Room,
Department of Housing Preservation and Development,Unsanitary Condition,PVT,Yes,Public Area,Pests,Bed Bugs,Bathroom,
Department of Housing Preservation and Development,Unsanitary Condition,PVT,Yes,Public Area,Pests,Bed Bugs,Basement,
Department of Housing Preservation and Development,Unsanitary Condition,PVT,Yes,Public Area,Pests,Bed Bugs,Storage Room,
Department of Housing Preservation and Development,Unsanitary Condition,PVT,Yes,Public Area,Pests,Bed Bugs,Meter Room,
Department of Housing Preservation and Development,Unsanitary Condition,PVT,Yes,Public Area,Pests,Bed Bugs,Other Room/Area,
Department of Housing Preservation and Development,Unsanitary Condition,PVT,Yes,Public Area,Pests,Fleas,Meter Room,
Department of Housing Preservation and Development,Unsanitary Condition,PVT,Yes,Public Area,Pests,Fleas,Other Room/Area,
Department of Housing Preservation and Development,Unsanitary Condition,PVT,Yes,Public Area,Pests,Fleas,Stairs,
Department of Housing Preservation and Development,Unsanitary Condition,PVT,Yes,Public Area,Pests,Fleas,Storage Room,
Department of Housing Preservation and Development,Unsanitary Condition,PVT,Yes,Public Area,Pests,Fleas,Basement,
Department of Housing Preservation and Development,Unsanitary Condition,PVT,Yes,Public Area,Pests,Fleas,Air Shaft,
Department of Housing Preservation and Development,Unsanitary Condition,PVT,Yes,Public Area,Pests,Fleas,Bathroom,
Department of Housing Preservation and Development,Unsanitary Condition,PVT,Yes,Public Area,Pests,Fleas,Boiler Room,
Department of Housing Preservation and Development,Unsanitary Condition,PVT,Yes,Public Area,Pests,Fleas,Building Entrance,
Department of Housing Preservation and Development,Unsanitary Condition,PVT,Yes,Public Area,Pests,Fleas,Cellar,
Department of Housing Preservation and Development,Unsanitary Condition,PVT,Yes,Public Area,Pests,Fleas,Compactor Closet,
Department of Housing Preservation and Development,Unsanitary Condition,PVT,Yes,Public Area,Pests,Fleas,Courtyard,
Department of Housing Preservation and Development,Unsanitary Condition,PVT,Yes,Public Area,Pests,Fleas,Lobby,
Department of Housing Preservation and Development,Unsanitary Condition,PVT,Yes,Public Area,Pests,Fleas,Laundry Room,
Department of Housing Preservation and Development,Unsanitary Condition,PVT,Yes,Public Area,Pests,Fleas,Kitchen,
Department of Housing Preservation and Development,Unsanitary Condition,PVT,Yes,Public Area,Pests,Fleas,Hallway,
Department of Housing Preservation and Development,Unsanitary Condition,PVT,Yes,Public Area,Pests,Fleas,Fire Stairs/Tower,
Department of Housing Preservation and Development,Unsanitary Condition,PVT,Yes,Public Area,Pests,Fleas,Fire Exit/Passageway,
Department of Housing Preservation and Development,Unsanitary Condition,PVT,Yes,Public Area,Pests,Flies,Fire Exit/Passageway,
Department of Housing Preservation and Development,Unsanitary Condition,PVT,Yes,Public Area,Pests,Flies,Fire Escape/Egress,
Department of Housing Preservation and Development,Unsanitary Condition,PVT,Yes,Public Area,Pests,Flies,Fire Stairs/Tower,
Department of Housing Preservation and Development,Unsanitary Condition,PVT,Yes,Public Area,Pests,Flies,Kitchen,
Department of Housing Preservation and Development,Unsanitary Condition,PVT,Yes,Public Area,Pests,Flies,Laundry Room,
Department of Housing Preservation and Development,Unsanitary Condition,PVT,Yes,Public Area,Pests,Flies,Lobby,
Department of Housing Preservation and Development,Unsanitary Condition,PVT,Yes,Public Area,Pests,Flies,Courtyard,
Department of Housing Preservation and Development,Unsanitary Condition,PVT,Yes,Public Area,Pests,Flies,Compactor Closet,
Department of Housing Preservation and Development,Unsanitary Condition,PVT,Yes,Public Area,Pests,Flies,Cellar,
Department of Housing Preservation and Development,Unsanitary Condition,PVT,Yes,Public Area,Pests,Flies,Building Entrance,
Department of Housing Preservation and Development,Unsanitary Condition,PVT,Yes,Public Area,Pests,Flies,Boiler Room,
Department of Housing Preservation and Development,Unsanitary Condition,PVT,Yes,Public Area,Pests,Flies,Bathroom,
Department of Housing Preservation and Development,Unsanitary Condition,PVT,Yes,Public Area,Pests,Flies,Basement,
Department of Housing Preservation and Development,Unsanitary Condition,PVT,Yes,Public Area,Pests,Flies,Storage Room,
Department of Housing Preservation and Development,Unsanitary Condition,PVT,Yes,Public Area,Pests,Flies,Stairs,
Department of Housing Preservation and Development,Unsanitary Condition,PVT,Yes,Public Area,Pests,Flies,Other Room/Area,
Department of Housing Preservation and Development,Unsanitary Condition,PVT,Yes,Public Area,Pests,Flies,Meter Room,
Department of Housing Preservation and Development,Unsanitary Condition,PVT,Yes,Public Area,Pests,Mice,Meter Room,
Department of Housing Preservation and Development,Unsanitary Condition,PVT,Yes,Public Area,Pests,Mice,Other Room/Area,
Department of Housing Preservation and Development,Unsanitary Condition,PVT,Yes,Public Area,Pests,Mice,Stairs,
Department of Housing Preservation and Development,Unsanitary Condition,PVT,Yes,Public Area,Pests,Mice,Storage Room,
Department of Housing Preservation and Development,Unsanitary Condition,PVT,Yes,Public Area,Pests,Mice,Yard,
Department of Housing Preservation and Development,Unsanitary Condition,PVT,Yes,Public Area,Pests,Mice,Basement,
Department of Housing Preservation and Development,Unsanitary Condition,PVT,Yes,Public Area,Pests,Mice,Bathroom,
Department of Housing Preservation and Development,Unsanitary Condition,PVT,Yes,Public Area,Pests,Mice,Boiler Room,
Department of Housing Preservation and Development,Unsanitary Condition,PVT,Yes,Public Area,Pests,Mice,Building Entrance,
Department of Housing Preservation and Development,Unsanitary Condition,PVT,Yes,Public Area,Pests,Mice,Cellar,
Department of Housing Preservation and Development,Unsanitary Condition,PVT,Yes,Public Area,Pests,Mice,Compactor Closet,
Department of Housing Preservation and Development,Unsanitary Condition,PVT,Yes,Public Area,Pests,Mice,Lobby,
Department of Housing Preservation and Development,Unsanitary Condition,PVT,Yes,Public Area,Pests,Mice,Laundry Room,
Department of Housing Preservation and Development,Unsanitary Condition,PVT,Yes,Public Area,Pests,Mice,Kitchen,
Department of Housing Preservation and Development,Unsanitary Condition,PVT,Yes,Public Area,Pests,Mice,Hallway,
Department of Housing Preservation and Development,Unsanitary Condition,PVT,Yes,Public Area,Pests,Other,Hallway,
Department of Housing Preservation and Development,Unsanitary Condition,PVT,Yes,Public Area,Pests,Other,Kitchen,
Department of Housing Preservation and Development,Unsanitary Condition,PVT,Yes,Public Area,Pests,Other,Laundry Room,
Department of Housing Preservation and Development,Unsanitary Condition,PVT,Yes,Public Area,Pests,Other,Lobby,
Department of Housing Preservation and Development,Unsanitary Condition,PVT,Yes,Public Area,Pests,Other,Compactor Closet,
Department of Housing Preservation and Development,Unsanitary Condition,PVT,Yes,Public Area,Pests,Other,Courtyard,
Department of Housing Preservation and Development,Unsanitary Condition,PVT,Yes,Public Area,Pests,Other,Cellar,
Department of Housing Preservation and Development,Unsanitary Condition,PVT,Yes,Public Area,Pests,Other,Building Entrance,
Department of Housing Preservation and Development,Unsanitary Condition,PVT,Yes,Public Area,Pests,Other,Boiler Room,
Department of Housing Preservation and Development,Unsanitary Condition,PVT,Yes,Public Area,Pests,Other,Bathroom,
Department of Housing Preservation and Development,Unsanitary Condition,PVT,Yes,Public Area,Pests,Other,Basement,
Department of Housing Preservation and Development,Unsanitary Condition,PVT,Yes,Public Area,Pests,Other,Storage Room,
Department of Housing Preservation and Development,Unsanitary Condition,PVT,Yes,Public Area,Pests,Other,Yard,
Department of Housing Preservation and Development,Unsanitary Condition,PVT,Yes,Public Area,Pests,Other,Other Room/Area,
Department of Housing Preservation and Development,Unsanitary Condition,PVT,Yes,Public Area,Pests,Other,Meter Room,
Department of Housing Preservation and Development,Unsanitary Condition,PVT,Yes,Public Area,Pests,Roaches,Meter Room,
Department of Housing Preservation and Development,Unsanitary Condition,PVT,Yes,Public Area,Pests,Roaches,Other Room/Area,
Department of Housing Preservation and Development,Unsanitary Condition,PVT,Yes,Public Area,Pests,Roaches,Storage Room,
Department of Housing Preservation and Development,Unsanitary Condition,PVT,Yes,Public Area,Pests,Roaches,Stairs,
Department of Housing Preservation and Development,Unsanitary Condition,PVT,Yes,Public Area,Pests,Roaches,Basement,
Department of Housing Preservation and Development,Unsanitary Condition,PVT,Yes,Public Area,Pests,Roaches,Bathroom,
Department of Housing Preservation and Development,Unsanitary Condition,PVT,Yes,Public Area,Pests,Roaches,Building Entrance,
Department of Housing Preservation and Development,Unsanitary Condition,PVT,Yes,Public Area,Pests,Roaches,Cellar,
Department of Housing Preservation and Development,Unsanitary Condition,PVT,Yes,Public Area,Pests,Roaches,Compactor Closet,
Department of Housing Preservation and Development,Unsanitary Condition,PVT,Yes,Public Area,Pests,Roaches,Lobby,
Department of Housing Preservation and Development,Unsanitary Condition,PVT,Yes,Public Area,Pests,Roaches,Laundry Room,
Department of Housing Preservation and Development,Unsanitary Condition,PVT,Yes,Public Area,Pests,Roaches,Kitchen,
Department of Housing Preservation and Development,Unsanitary Condition,PVT,Yes,Public Area,Pests,Roaches,Hallway,
Department of Housing Preservation and Development,Unsanitary Condition,PVT,Yes,Public Area,Pests,Termites,Hallway,
Department of Housing Preservation and Development,Unsanitary Condition,PVT,Yes,Public Area,Pests,Termites,Kitchen,
Department of Housing Preservation and Development,Unsanitary Condition,PVT,Yes,Public Area,Pests,Termites,Laundry Room,
Department of Housing Preservation and Development,Unsanitary Condition,PVT,Yes,Public Area,Pests,Termites,Lobby,
Department of Housing Preservation and Development,Unsanitary Condition,PVT,Yes,Public Area,Pests,Termites,Compactor Closet,
Department of Housing Preservation and Development,Unsanitary Condition,PVT,Yes,Public Area,Pests,Termites,Cellar,
Department of Housing Preservation and Development,Unsanitary Condition,PVT,Yes,Public Area,Pests,Termites,Building Entrance,
Department of Housing Preservation and Development,Unsanitary Condition,PVT,Yes,Public Area,Pests,Termites,Bathroom,
Department of Housing Preservation and Development,Unsanitary Condition,PVT,Yes,Public Area,Pests,Termites,Basement,
Department of Housing Preservation and Development,Unsanitary Condition,PVT,Yes,Public Area,Pests,Termites,Stairs,
Department of Housing Preservation and Development,Unsanitary Condition,PVT,Yes,Public Area,Pests,Termites,Storage Room,
Department of Housing Preservation and Development,Unsanitary Condition,PVT,Yes,Public Area,Pests,Termites,Other Room/Area,
Department of Housing Preservation and Development,Unsanitary Condition,PVT,Yes,Public Area,Pests,Termites,Meter Room,
Department of Housing Preservation and Development,Unsanitary Condition,PVT,Yes,Public Area,Sewage,Raw Sewage Accumulation,Meter Room,
Department of Housing Preservation and Development,Unsanitary Condition,PVT,Yes,Public Area,Sewage,Raw Sewage Accumulation,Other Room/Area,
Department of Housing Preservation and Development,Unsanitary Condition,PVT,Yes,Public Area,Sewage,Raw Sewage Accumulation,Storage Room,
Department of Housing Preservation and Development,Unsanitary Condition,PVT,Yes,Public Area,Sewage,Raw Sewage Accumulation,Yard,
Department of Housing Preservation and Development,Unsanitary Condition,PVT,Yes,Public Area,Sewage,Raw Sewage Accumulation,Stairs,
Department of Housing Preservation and Development,Unsanitary Condition,PVT,Yes,Public Area,Sewage,Raw Sewage Accumulation,Stoop,
Department of Housing Preservation and Development,Unsanitary Condition,PVT,Yes,Public Area,Sewage,Raw Sewage Accumulation,Basement,
Department of Housing Preservation and Development,Unsanitary Condition,PVT,Yes,Public Area,Sewage,Raw Sewage Accumulation,Air Shaft,
Department of Housing Preservation and Development,Unsanitary Condition,PVT,Yes,Public Area,Sewage,Raw Sewage Accumulation,Building Entrance,
Department of Housing Preservation and Development,Unsanitary Condition,PVT,Yes,Public Area,Sewage,Raw Sewage Accumulation,Boiler Room,
Department of Housing Preservation and Development,Unsanitary Condition,PVT,Yes,Public Area,Sewage,Raw Sewage Accumulation,Cellar,
Department of Housing Preservation and Development,Unsanitary Condition,PVT,Yes,Public Area,Sewage,Raw Sewage Accumulation,Compactor Closet,
Department of Housing Preservation and Development,Unsanitary Condition,PVT,Yes,Public Area,Sewage,Raw Sewage Accumulation,Courtyard,
Department of Housing Preservation and Development,Unsanitary Condition,PVT,Yes,Public Area,Sewage,Raw Sewage Accumulation,Lobby,
Department of Housing Preservation and Development,Unsanitary Condition,PVT,Yes,Public Area,Sewage,Raw Sewage Accumulation,Laundry Room,
Department of Housing Preservation and Development,Unsanitary Condition,PVT,Yes,Public Area,Sewage,Raw Sewage Accumulation,Kitchen,
Department of Housing Preservation and Development,Unsanitary Condition,PVT,Yes,Public Area,Sewage,Raw Sewage Accumulation,Hallway,
Department of Housing Preservation and Development,Unsanitary Condition,PVT,Yes,Public Area,Sewage,Raw Sewage Accumulation,Fire Stairs/Tower,
Department of Housing Preservation and Development,Unsanitary Condition,PVT,Yes,Public Area,Sewage,Raw Sewage Accumulation,Fire Exit/Passageway,
Department of Housing Preservation and Development,Unsanitary Condition,DPM,Yes,Public Area,Mold,N/A,Storage Room,
Department of Housing Preservation and Development,Unsanitary Condition,DPM,Yes,Public Area,Mold,N/A,Stairs,
Department of Housing Preservation and Development,Unsanitary Condition,DPM,Yes,Public Area,Mold,N/A,Basement,
Department of Housing Preservation and Development,Unsanitary Condition,DPM,Yes,Public Area,Mold,N/A,Bathroom,
Department of Housing Preservation and Development,Unsanitary Condition,DPM,Yes,Public Area,Mold,N/A,Cellar,
Department of Housing Preservation and Development,Unsanitary Condition,DPM,Yes,Public Area,Mold,N/A,Compactor Closet,
Department of Housing Preservation and Development,Unsanitary Condition,DPM,Yes,Public Area,Mold,N/A,Hallway,
Department of Housing Preservation and Development,Unsanitary Condition,DPM,Yes,Public Area,Mold,N/A,Kitchen,
Department of Housing Preservation and Development,Unsanitary Condition,DPM,Yes,Public Area,Mold,N/A,Lobby,
Department of Housing Preservation and Development,Unsanitary Condition,DPM,Yes,Public Area,Mold,N/A,Laundry Room,
Department of Housing Preservation and Development,Unsanitary Condition,DPM,Yes,Public Area,Pests,Bed Bugs,Laundry Room,
Department of Housing Preservation and Development,Unsanitary Condition,DPM,Yes,Public Area,Pests,Bed Bugs,Meter Room,
Department of Housing Preservation and Development,Unsanitary Condition,DPM,Yes,Public Area,Pests,Bed Bugs,Lobby,
Department of Housing Preservation and Development,Unsanitary Condition,DPM,Yes,Public Area,Pests,Bed Bugs,Kitchen,
Department of Housing Preservation and Development,Unsanitary Condition,DPM,Yes,Public Area,Pests,Bed Bugs,Cellar,
Department of Housing Preservation and Development,Unsanitary Condition,DPM,Yes,Public Area,Pests,Bed Bugs,Boiler Room,
Department of Housing Preservation and Development,Unsanitary Condition,DPM,Yes,Public Area,Pests,Bed Bugs,Bathroom,
Department of Housing Preservation and Development,Unsanitary Condition,DPM,Yes,Public Area,Pests,Bed Bugs,Basement,
Department of Housing Preservation and Development,Unsanitary Condition,DPM,Yes,Public Area,Pests,Bed Bugs,Other Room/Area,
Department of Housing Preservation and Development,Unsanitary Condition,DPM,Yes,Public Area,Pests,Bed Bugs,Storage Room,
Department of Housing Preservation and Development,Unsanitary Condition,DPM,Yes,Public Area,Pests,Fleas,Storage Room,
Department of Housing Preservation and Development,Unsanitary Condition,DPM,Yes,Public Area,Pests,Fleas,Other Room/Area,
Department of Housing Preservation and Development,Unsanitary Condition,DPM,Yes,Public Area,Pests,Fleas,Stairs,
Department of Housing Preservation and Development,Unsanitary Condition,DPM,Yes,Public Area,Pests,Fleas,Air Shaft,
Department of Housing Preservation and Development,Unsanitary Condition,DPM,Yes,Public Area,Pests,Fleas,Basement,
Department of Housing Preservation and Development,Unsanitary Condition,DPM,Yes,Public Area,Pests,Fleas,Bathroom,
Department of Housing Preservation and Development,Unsanitary Condition,DPM,Yes,Public Area,Pests,Fleas,Boiler Room,
Department of Housing Preservation and Development,Unsanitary Condition,DPM,Yes,Public Area,Pests,Fleas,Building Entrance,
Department of Housing Preservation and Development,Unsanitary Condition,DPM,Yes,Public Area,Pests,Fleas,Cellar,
Department of Housing Preservation and Development,Unsanitary Condition,DPM,Yes,Public Area,Pests,Fleas,Compactor Closet,
Department of Housing Preservation and Development,Unsanitary Condition,DPM,Yes,Public Area,Pests,Fleas,Courtyard,
Department of Housing Preservation and Development,Unsanitary Condition,DPM,Yes,Public Area,Pests,Fleas,Kitchen,
Department of Housing Preservation and Development,Unsanitary Condition,DPM,Yes,Public Area,Pests,Fleas,Hallway,
Department of Housing Preservation and Development,Unsanitary Condition,DPM,Yes,Public Area,Pests,Fleas,Fire Stairs/Tower,
Department of Housing Preservation and Development,Unsanitary Condition,DPM,Yes,Public Area,Pests,Fleas,Fire Exit/Passageway,
Department of Housing Preservation and Development,Unsanitary Condition,DPM,Yes,Public Area,Pests,Fleas,Lobby,
Department of Housing Preservation and Development,Unsanitary Condition,DPM,Yes,Public Area,Pests,Fleas,Meter Room,
Department of Housing Preservation and Development,Unsanitary Condition,DPM,Yes,Public Area,Pests,Fleas,Laundry Room,
Department of Housing Preservation and Development,Unsanitary Condition,DPM,Yes,Public Area,Pests,Flies,Laundry Room,
Department of Housing Preservation and Development,Unsanitary Condition,DPM,Yes,Public Area,Pests,Flies,Meter Room,
Department of Housing Preservation and Development,Unsanitary Condition,DPM,Yes,Public Area,Pests,Flies,Lobby,
Department of Housing Preservation and Development,Unsanitary Condition,DPM,Yes,Public Area,Pests,Flies,Fire Exit/Passageway,
Department of Housing Preservation and Development,Unsanitary Condition,DPM,Yes,Public Area,Pests,Flies,Fire Escape/Egress,
Department of Housing Preservation and Development,Unsanitary Condition,DPM,Yes,Public Area,Pests,Flies,Fire Stairs/Tower,
Department of Housing Preservation and Development,Unsanitary Condition,DPM,Yes,Public Area,Pests,Flies,Kitchen,
Department of Housing Preservation and Development,Unsanitary Condition,DPM,Yes,Public Area,Pests,Flies,Courtyard,
Department of Housing Preservation and Development,Unsanitary Condition,DPM,Yes,Public Area,Pests,Flies,Compactor Closet,
Department of Housing Preservation and Development,Unsanitary Condition,DPM,Yes,Public Area,Pests,Flies,Cellar,
Department of Housing Preservation and Development,Unsanitary Condition,DPM,Yes,Public Area,Pests,Flies,Building Entrance,
Department of Housing Preservation and Development,Unsanitary Condition,DPM,Yes,Public Area,Pests,Flies,Boiler Room,
Department of Housing Preservation and Development,Unsanitary Condition,DPM,Yes,Public Area,Pests,Flies,Bathroom,
Department of Housing Preservation and Development,Unsanitary Condition,DPM,Yes,Public Area,Pests,Flies,Basement,
Department of Housing Preservation and Development,Unsanitary Condition,DPM,Yes,Public Area,Pests,Flies,Stairs,
Department of Housing Preservation and Development,Unsanitary Condition,DPM,Yes,Public Area,Pests,Flies,Other Room/Area,
Department of Housing Preservation and Development,Unsanitary Condition,DPM,Yes,Public Area,Pests,Flies,Storage Room,
Department of Housing Preservation and Development,Unsanitary Condition,DPM,Yes,Public Area,Pests,Mice,Storage Room,
Department of Housing Preservation and Development,Unsanitary Condition,DPM,Yes,Public Area,Pests,Mice,Yard,
Department of Housing Preservation and Development,Unsanitary Condition,DPM,Yes,Public Area,Pests,Mice,Other Room/Area,
Department of Housing Preservation and Development,Unsanitary Condition,DPM,Yes,Public Area,Pests,Mice,Stairs,
Department of Housing Preservation and Development,Unsanitary Condition,DPM,Yes,Public Area,Pests,Mice,Basement,
Department of Housing Preservation and Development,Unsanitary Condition,DPM,Yes,Public Area,Pests,Mice,Bathroom,
Department of Housing Preservation and Development,Unsanitary Condition,DPM,Yes,Public Area,Pests,Mice,Boiler Room,
Department of Housing Preservation and Development,Unsanitary Condition,DPM,Yes,Public Area,Pests,Mice,Building Entrance,
Department of Housing Preservation and Development,Unsanitary Condition,DPM,Yes,Public Area,Pests,Mice,Cellar,
Department of Housing Preservation and Development,Unsanitary Condition,DPM,Yes,Public Area,Pests,Mice,Compactor Closet,
Department of Housing Preservation and Development,Unsanitary Condition,DPM,Yes,Public Area,Pests,Mice,Kitchen,
Department of Housing Preservation and Development,Unsanitary Condition,DPM,Yes,Public Area,Pests,Mice,Hallway,
Department of Housing Preservation and Development,Unsanitary Condition,DPM,Yes,Public Area,Pests,Mice,Meter Room,
Department of Housing Preservation and Development,Unsanitary Condition,DPM,Yes,Public Area,Pests,Mice,Lobby,
Department of Housing Preservation and Development,Unsanitary Condition,DPM,Yes,Public Area,Pests,Mice,Laundry Room,
Department of Housing Preservation and Development,Unsanitary Condition,DPM,Yes,Public Area,Pests,Other,Laundry Room,
Department of Housing Preservation and Development,Unsanitary Condition,DPM,Yes,Public Area,Pests,Other,Lobby,
Department of Housing Preservation and Development,Unsanitary Condition,DPM,Yes,Public Area,Pests,Other,Meter Room,
Department of Housing Preservation and Development,Unsanitary Condition,DPM,Yes,Public Area,Pests,Other,Hallway,
Department of Housing Preservation and Development,Unsanitary Condition,DPM,Yes,Public Area,Pests,Other,Kitchen,
Department of Housing Preservation and Development,Unsanitary Condition,DPM,Yes,Public Area,Pests,Other,Compactor Closet,
Department of Housing Preservation and Development,Unsanitary Condition,DPM,Yes,Public Area,Pests,Other,Courtyard,
Department of Housing Preservation and Development,Unsanitary Condition,DPM,Yes,Public Area,Pests,Other,Cellar,
Department of Housing Preservation and Development,Unsanitary Condition,DPM,Yes,Public Area,Pests,Other,Building Entrance,
Department of Housing Preservation and Development,Unsanitary Condition,DPM,Yes,Public Area,Pests,Other,Boiler Room,
Department of Housing Preservation and Development,Unsanitary Condition,DPM,Yes,Public Area,Pests,Other,Bathroom,
Department of Housing Preservation and Development,Unsanitary Condition,DPM,Yes,Public Area,Pests,Other,Basement,
Department of Housing Preservation and Development,Unsanitary Condition,DPM,Yes,Public Area,Pests,Other,Other Room/Area,
Department of Housing Preservation and Development,Unsanitary Condition,DPM,Yes,Public Area,Pests,Other,Yard,
Department of Housing Preservation and Development,Unsanitary Condition,DPM,Yes,Public Area,Pests,Other,Storage Room,
Department of Housing Preservation and Development,Unsanitary Condition,DPM,Yes,Public Area,Pests,Roaches,Storage Room,
Department of Housing Preservation and Development,Unsanitary Condition,DPM,Yes,Public Area,Pests,Roaches,Other Room/Area,
Department of Housing Preservation and Development,Unsanitary Condition,DPM,Yes,Public Area,Pests,Roaches,Stairs,
Department of Housing Preservation and Development,Unsanitary Condition,DPM,Yes,Public Area,Pests,Roaches,Basement,
Department of Housing Preservation and Development,Unsanitary Condition,DPM,Yes,Public Area,Pests,Roaches,Bathroom,
Department of Housing Preservation and Development,Unsanitary Condition,DPM,Yes,Public Area,Pests,Roaches,Building Entrance,
Department of Housing Preservation and Development,Unsanitary Condition,DPM,Yes,Public Area,Pests,Roaches,Cellar,
Department of Housing Preservation and Development,Unsanitary Condition,DPM,Yes,Public Area,Pests,Roaches,Compactor Closet,
Department of Housing Preservation and Development,Unsanitary Condition,DPM,Yes,Public Area,Pests,Roaches,Kitchen,
Department of Housing Preservation and Development,Unsanitary Condition,DPM,Yes,Public Area,Pests,Roaches,Hallway,
Department of Housing Preservation and Development,Unsanitary Condition,DPM,Yes,Public Area,Pests,Roaches,Meter Room,
Department of Housing Preservation and Development,Unsanitary Condition,DPM,Yes,Public Area,Pests,Roaches,Lobby,
Department of Housing Preservation and Development,Unsanitary Condition,DPM,Yes,Public Area,Pests,Roaches,Laundry Room,
Department of Housing Preservation and Development,Unsanitary Condition,DPM,Yes,Public Area,Pests,Termites,Laundry Room,
Department of Housing Preservation and Development,Unsanitary Condition,DPM,Yes,Public Area,Pests,Termites,Lobby,
Department of Housing Preservation and Development,Unsanitary Condition,DPM,Yes,Public Area,Pests,Termites,Meter Room,
Department of Housing Preservation and Development,Unsanitary Condition,DPM,Yes,Public Area,Pests,Termites,Hallway,
Department of Housing Preservation and Development,Unsanitary Condition,DPM,Yes,Public Area,Pests,Termites,Kitchen,
Department of Housing Preservation and Development,Unsanitary Condition,DPM,Yes,Public Area,Pests,Termites,Compactor Closet,
Department of Housing Preservation and Development,Unsanitary Condition,DPM,Yes,Public Area,Pests,Termites,Cellar,
Department of Housing Preservation and Development,Unsanitary Condition,DPM,Yes,Public Area,Pests,Termites,Building Entrance,
Department of Housing Preservation and Development,Unsanitary Condition,DPM,Yes,Public Area,Pests,Termites,Bathroom,
Department of Housing Preservation and Development,Unsanitary Condition,DPM,Yes,Public Area,Pests,Termites,Basement,
Department of Housing Preservation and Development,Unsanitary Condition,DPM,Yes,Public Area,Pests,Termites,Stairs,
Department of Housing Preservation and Development,Unsanitary Condition,DPM,Yes,Public Area,Pests,Termites,Other Room/Area,
Department of Housing Preservation and Development,Unsanitary Condition,DPM,Yes,Public Area,Pests,Termites,Storage Room,
Department of Housing Preservation and Development,Unsanitary Condition,DPM,Yes,Public Area,Sewage,Raw Sewage Accumulation,Storage Room,
Department of Housing Preservation and Development,Unsanitary Condition,DPM,Yes,Public Area,Sewage,Raw Sewage Accumulation,Stoop,
Department of Housing Preservation and Development,Unsanitary Condition,DPM,Yes,Public Area,Sewage,Raw Sewage Accumulation,Yard,
Department of Housing Preservation and Development,Unsanitary Condition,DPM,Yes,Public Area,Sewage,Raw Sewage Accumulation,Other Room/Area,
Department of Housing Preservation and Development,Unsanitary Condition,DPM,Yes,Public Area,Sewage,Raw Sewage Accumulation,Stairs,
Department of Housing Preservation and Development,Unsanitary Condition,DPM,Yes,Public Area,Sewage,Raw Sewage Accumulation,Basement,
Department of Housing Preservation and Development,Unsanitary Condition,DPM,Yes,Public Area,Sewage,Raw Sewage Accumulation,Air Shaft,
Department of Housing Preservation and Development,Unsanitary Condition,DPM,Yes,Public Area,Sewage,Raw Sewage Accumulation,Building Entrance,
Department of Housing Preservation and Development,Unsanitary Condition,DPM,Yes,Public Area,Sewage,Raw Sewage Accumulation,Boiler Room,
Department of Housing Preservation and Development,Unsanitary Condition,DPM,Yes,Public Area,Sewage,Raw Sewage Accumulation,Cellar,
Department of Housing Preservation and Development,Unsanitary Condition,DPM,Yes,Public Area,Sewage,Raw Sewage Accumulation,Compactor Closet,
Department of Housing Preservation and Development,Unsanitary Condition,DPM,Yes,Public Area,Sewage,Raw Sewage Accumulation,Courtyard,
Department of Housing Preservation and Development,Unsanitary Condition,DPM,Yes,Public Area,Sewage,Raw Sewage Accumulation,Kitchen,
Department of Housing Preservation and Development,Unsanitary Condition,DPM,Yes,Public Area,Sewage,Raw Sewage Accumulation,Hallway,
Department of Housing Preservation and Development,Unsanitary Condition,DPM,Yes,Public Area,Sewage,Raw Sewage Accumulation,Fire Stairs/Tower,
Department of Housing Preservation and Development,Unsanitary Condition,DPM,Yes,Public Area,Sewage,Raw Sewage Accumulation,Fire Exit/Passageway,
Department of Housing Preservation and Development,Unsanitary Condition,DPM,Yes,Public Area,Sewage,Raw Sewage Accumulation,Meter Room,
Department of Housing Preservation and Development,Unsanitary Condition,DPM,Yes,Public Area,Sewage,Raw Sewage Accumulation,Lobby,
Department of Housing Preservation and Development,Unsanitary Condition,DPM,Yes,Public Area,Sewage,Raw Sewage Accumulation,Laundry Room,
Department of Housing Preservation and Development,Unsanitary Condition,DPM,Yes,Apartment,Mold,N/A,Entire Apartment,
Department of Housing Preservation and Development,Unsanitary Condition,DPM,Yes,Apartment,Mold,N/A,Bedroom,
Department of Housing Preservation and Development,Unsanitary Condition,DPM,Yes,Apartment,Mold,N/A,Bathroom,
Department of Housing Preservation and Development,Unsanitary Condition,DPM,Yes,Apartment,Mold,N/A,Kitchen,
Department of Housing Preservation and Development,Unsanitary Condition,DPM,Yes,Apartment,Mold,N/A,Entrance/Foyer,
Department of Housing Preservation and Development,Unsanitary Condition,DPM,Yes,Apartment,Mold,N/A,Living Room,
Department of Housing Preservation and Development,Unsanitary Condition,DPM,Yes,Apartment,Mold,N/A,Other Room/Area,
Department of Housing Preservation and Development,Unsanitary Condition,DPM,Yes,Apartment,Mold,N/A,Private Hall,
Department of Housing Preservation and Development,Unsanitary Condition,DPM,Yes,Apartment,Pests,Bed Bugs,Entire Apartment,
Department of Housing Preservation and Development,Unsanitary Condition,DPM,Yes,Apartment,Pests,Fleas,Entire Apartment,
Department of Housing Preservation and Development,Unsanitary Condition,DPM,Yes,Apartment,Pests,Flies,Entire Apartment,
Department of Housing Preservation and Development,Unsanitary Condition,DPM,Yes,Apartment,Pests,Mice,Entire Apartment,
Department of Housing Preservation and Development,Unsanitary Condition,DPM,Yes,Apartment,Pests,Other,Entire Apartment,
Department of Housing Preservation and Development,Unsanitary Condition,DPM,Yes,Apartment,Pests,Roaches,Entire Apartment,
Department of Housing Preservation and Development,Unsanitary Condition,DPM,Yes,Apartment,Pests,Termites,Entire Apartment,
Department of Housing Preservation and Development,Unsanitary Condition,DPM,Yes,Apartment,Sewage,Broken/Blocked Sewage Pipe,Bathroom,
Department of Housing Preservation and Development,Unsanitary Condition,DPM,Yes,Apartment,Sewage,Broken/Blocked Sewage Pipe,Kitchen,
Department of Housing Preservation and Development,Unsanitary Condition,DPM,Yes,Apartment,Sewage,Broken/Blocked Sewage Pipe,Other Room/Area,
Department of Housing Preservation and Development,Unsanitary Condition,DPM,Yes,Apartment,Sewage,Raw Sewage Accumulation,Other Room/Area,
Department of Housing Preservation and Development,Unsanitary Condition,DPM,Yes,Apartment,Sewage,Raw Sewage Accumulation,Private Hall,
Department of Housing Preservation and Development,Unsanitary Condition,DPM,Yes,Apartment,Sewage,Raw Sewage Accumulation,Kitchen,
Department of Housing Preservation and Development,Unsanitary Condition,DPM,Yes,Apartment,Sewage,Raw Sewage Accumulation,Entire Apartment,
Department of Housing Preservation and Development,Unsanitary Condition,DPM,Yes,Apartment,Sewage,Raw Sewage Accumulation,Bathroom,
Department of Housing Preservation and Development,Unsanitary Condition,DAMP,Yes,Apartment,Mold,N/A,Entrance/Foyer,
Department of Housing Preservation and Development,Unsanitary Condition,DAMP,Yes,Apartment,Mold,N/A,Kitchen,
Department of Housing Preservation and Development,Unsanitary Condition,DAMP,Yes,Apartment,Mold,N/A,Living Room,
Department of Housing Preservation and Development,Unsanitary Condition,DAMP,Yes,Apartment,Mold,N/A,Bedroom,
Department of Housing Preservation and Development,Unsanitary Condition,DAMP,Yes,Apartment,Mold,N/A,Bathroom,
Department of Housing Preservation and Development,Unsanitary Condition,DAMP,Yes,Apartment,Mold,N/A,Entire Apartment,
Department of Housing Preservation and Development,Unsanitary Condition,DAMP,Yes,Apartment,Mold,N/A,Other Room/Area,
Department of Housing Preservation and Development,Unsanitary Condition,DAMP,Yes,Apartment,Mold,N/A,Private Hall,
Department of Housing Preservation and Development,Unsanitary Condition,DAMP,Yes,Apartment,Pests,Bed Bugs,Entire Apartment,
Department of Housing Preservation and Development,Unsanitary Condition,DAMP,Yes,Apartment,Pests,Fleas,Entire Apartment,
Department of Housing Preservation and Development,Unsanitary Condition,DAMP,Yes,Apartment,Pests,Flies,Entire Apartment,
Department of Housing Preservation and Development,Unsanitary Condition,DAMP,Yes,Apartment,Pests,Mice,Entire Apartment,
Department of Housing Preservation and Development,Unsanitary Condition,DAMP,Yes,Apartment,Pests,Other,Entire Apartment,
Department of Housing Preservation and Development,Unsanitary Condition,DAMP,Yes,Apartment,Pests,Roaches,Entire Apartment,
Department of Housing Preservation and Development,Unsanitary Condition,DAMP,Yes,Apartment,Pests,Termites,Entire Apartment,
Department of Housing Preservation and Development,Unsanitary Condition,DAMP,Yes,Apartment,Sewage,Broken/Blocked Sewage Pipe,Kitchen,
Department of Housing Preservation and Development,Unsanitary Condition,DAMP,Yes,Apartment,Sewage,Broken/Blocked Sewage Pipe,Bathroom,
Department of Housing Preservation and Development,Unsanitary Condition,DAMP,Yes,Apartment,Sewage,Broken/Blocked Sewage Pipe,Other Room/Area,
Department of Housing Preservation and Development,Unsanitary Condition,DAMP,Yes,Apartment,Sewage,Raw Sewage Accumulation,Other Room/Area,
Department of Housing Preservation and Development,Unsanitary Condition,DAMP,Yes,Apartment,Sewage,Raw Sewage Accumulation,Private Hall,
Department of Housing Preservation and Development,Unsanitary Condition,DAMP,Yes,Apartment,Sewage,Raw Sewage Accumulation,Bathroom,
Department of Housing Preservation and Development,Unsanitary Condition,DAMP,Yes,Apartment,Sewage,Raw Sewage Accumulation,Kitchen,
Department of Housing Preservation and Development,Unsanitary Condition,DAMP,Yes,Apartment,Sewage,Raw Sewage Accumulation,Entire Apartment,
Department of Housing Preservation and Development,Unsanitary Condition,Sec 8,Yes,Apartment,Mold,N/A,Entire Apartment,
Department of Housing Preservation and Development,Unsanitary Condition,Sec 8,Yes,Apartment,Mold,N/A,Entrance/Foyer,
Department of Housing Preservation and Development,Unsanitary Condition,Sec 8,Yes,Apartment,Mold,N/A,Living Room,
Department of Housing Preservation and Development,Unsanitary Condition,Sec 8,Yes,Apartment,Mold,N/A,Kitchen,
Department of Housing Preservation and Development,Unsanitary Condition,Sec 8,Yes,Apartment,Mold,N/A,Bedroom,
Department of Housing Preservation and Development,Unsanitary Condition,Sec 8,Yes,Apartment,Mold,N/A,Bathroom,
Department of Housing Preservation and Development,Unsanitary Condition,Sec 8,Yes,Apartment,Mold,N/A,Other Room/Area,
Department of Housing Preservation and Development,Unsanitary Condition,Sec 8,Yes,Apartment,Mold,N/A,Private Hall,
Department of Housing Preservation and Development,Unsanitary Condition,Sec 8,Yes,Apartment,Pests,Bed Bugs,Entire Apartment,
Department of Housing Preservation and Development,Unsanitary Condition,Sec 8,Yes,Apartment,Pests,Fleas,Entire Apartment,
Department of Housing Preservation and Development,Unsanitary Condition,Sec 8,Yes,Apartment,Pests,Flies,Entire Apartment,
Department of Housing Preservation and Development,Unsanitary Condition,Sec 8,Yes,Apartment,Pests,Mice,Entire Apartment,
Department of Housing Preservation and Development,Unsanitary Condition,Sec 8,Yes,Apartment,Pests,Other,Entire Apartment,
Department of Housing Preservation and Development,Unsanitary Condition,Sec 8,Yes,Apartment,Pests,Roaches,Entire Apartment,
Department of Housing Preservation and Development,Unsanitary Condition,Sec 8,Yes,Apartment,Pests,Termites,Entire Apartment,
Department of Housing Preservation and Development,Unsanitary Condition,Sec 8,Yes,Apartment,Sewage,Broken/Blocked Sewage Pipe,Kitchen,
Department of Housing Preservation and Development,Unsanitary Condition,Sec 8,Yes,Apartment,Sewage,Broken/Blocked Sewage Pipe,Bathroom,
Department of Housing Preservation and Development,Unsanitary Condition,Sec 8,Yes,Apartment,Sewage,Broken/Blocked Sewage Pipe,Other Room/Area,
Department of Housing Preservation and Development,Unsanitary Condition,Sec 8,Yes,Apartment,Sewage,Raw Sewage Accumulation,Other Room/Area,
Department of Housing Preservation and Development,Unsanitary Condition,Sec 8,Yes,Apartment,Sewage,Raw Sewage Accumulation,Private Hall,
Department of Housing Preservation and Development,Unsanitary Condition,Sec 8,Yes,Apartment,Sewage,Raw Sewage Accumulation,Bathroom,
Department of Housing Preservation and Development,Unsanitary Condition,Sec 8,Yes,Apartment,Sewage,Raw Sewage Accumulation,Kitchen,
Department of Housing Preservation and Development,Unsanitary Condition,Sec 8,Yes,Apartment,Sewage,Raw Sewage Accumulation,Entire Apartment,
Department of Housing Preservation and Development,Unsanitary Condition,DAMP,Yes,Public Area,Mold,N/A,Storage Room,
Department of Housing Preservation and Development,Unsanitary Condition,DAMP,Yes,Public Area,Mold,N/A,Stairs,
Department of Housing Preservation and Development,Unsanitary Condition,DAMP,Yes,Public Area,Mold,N/A,Basement,
Department of Housing Preservation and Development,Unsanitary Condition,DAMP,Yes,Public Area,Mold,N/A,Bathroom,
Department of Housing Preservation and Development,Unsanitary Condition,DAMP,Yes,Public Area,Mold,N/A,Compactor Closet,
Department of Housing Preservation and Development,Unsanitary Condition,DAMP,Yes,Public Area,Mold,N/A,Cellar,
Department of Housing Preservation and Development,Unsanitary Condition,DAMP,Yes,Public Area,Mold,N/A,Hallway,
Department of Housing Preservation and Development,Unsanitary Condition,DAMP,Yes,Public Area,Mold,N/A,Lobby,
Department of Housing Preservation and Development,Unsanitary Condition,DAMP,Yes,Public Area,Mold,N/A,Laundry Room,
Department of Housing Preservation and Development,Unsanitary Condition,DAMP,Yes,Public Area,Mold,N/A,Kitchen,
Department of Housing Preservation and Development,Unsanitary Condition,DAMP,Yes,Public Area,Pests,Bed Bugs,Laundry Room,
Department of Housing Preservation and Development,Unsanitary Condition,DAMP,Yes,Public Area,Pests,Bed Bugs,Lobby,
Department of Housing Preservation and Development,Unsanitary Condition,DAMP,Yes,Public Area,Pests,Bed Bugs,Meter Room,
Department of Housing Preservation and Development,Unsanitary Condition,DAMP,Yes,Public Area,Pests,Bed Bugs,Kitchen,
Department of Housing Preservation and Development,Unsanitary Condition,DAMP,Yes,Public Area,Pests,Bed Bugs,Cellar,
Department of Housing Preservation and Development,Unsanitary Condition,DAMP,Yes,Public Area,Pests,Bed Bugs,Boiler Room,
Department of Housing Preservation and Development,Unsanitary Condition,DAMP,Yes,Public Area,Pests,Bed Bugs,Bathroom,
Department of Housing Preservation and Development,Unsanitary Condition,DAMP,Yes,Public Area,Pests,Bed Bugs,Basement,
Department of Housing Preservation and Development,Unsanitary Condition,DAMP,Yes,Public Area,Pests,Bed Bugs,Other Room/Area,
Department of Housing Preservation and Development,Unsanitary Condition,DAMP,Yes,Public Area,Pests,Bed Bugs,Storage Room,
Department of Housing Preservation and Development,Unsanitary Condition,DAMP,Yes,Public Area,Pests,Fleas,Storage Room,
Department of Housing Preservation and Development,Unsanitary Condition,DAMP,Yes,Public Area,Pests,Fleas,Other Room/Area,
Department of Housing Preservation and Development,Unsanitary Condition,DAMP,Yes,Public Area,Pests,Fleas,Stairs,
Department of Housing Preservation and Development,Unsanitary Condition,DAMP,Yes,Public Area,Pests,Fleas,Basement,
Department of Housing Preservation and Development,Unsanitary Condition,DAMP,Yes,Public Area,Pests,Fleas,Air Shaft,
Department of Housing Preservation and Development,Unsanitary Condition,DAMP,Yes,Public Area,Pests,Fleas,Bathroom,
Department of Housing Preservation and Development,Unsanitary Condition,DAMP,Yes,Public Area,Pests,Fleas,Boiler Room,
Department of Housing Preservation and Development,Unsanitary Condition,DAMP,Yes,Public Area,Pests,Fleas,Building Entrance,
Department of Housing Preservation and Development,Unsanitary Condition,DAMP,Yes,Public Area,Pests,Fleas,Cellar,
Department of Housing Preservation and Development,Unsanitary Condition,DAMP,Yes,Public Area,Pests,Fleas,Compactor Closet,
Department of Housing Preservation and Development,Unsanitary Condition,DAMP,Yes,Public Area,Pests,Fleas,Courtyard,
Department of Housing Preservation and Development,Unsanitary Condition,DAMP,Yes,Public Area,Pests,Fleas,Kitchen,
Department of Housing Preservation and Development,Unsanitary Condition,DAMP,Yes,Public Area,Pests,Fleas,Hallway,
Department of Housing Preservation and Development,Unsanitary Condition,DAMP,Yes,Public Area,Pests,Fleas,Fire Stairs/Tower,
Department of Housing Preservation and Development,Unsanitary Condition,DAMP,Yes,Public Area,Pests,Fleas,Fire Exit/Passageway,
Department of Housing Preservation and Development,Unsanitary Condition,DAMP,Yes,Public Area,Pests,Fleas,Meter Room,
Department of Housing Preservation and Development,Unsanitary Condition,DAMP,Yes,Public Area,Pests,Fleas,Lobby,
Department of Housing Preservation and Development,Unsanitary Condition,DAMP,Yes,Public Area,Pests,Fleas,Laundry Room,
Department of Housing Preservation and Development,Unsanitary Condition,DAMP,Yes,Public Area,Pests,Flies,Laundry Room,
Department of Housing Preservation and Development,Unsanitary Condition,DAMP,Yes,Public Area,Pests,Flies,Lobby,
Department of Housing Preservation and Development,Unsanitary Condition,DAMP,Yes,Public Area,Pests,Flies,Meter Room,
Department of Housing Preservation and Development,Unsanitary Condition,DAMP,Yes,Public Area,Pests,Flies,Fire Exit/Passageway,
Department of Housing Preservation and Development,Unsanitary Condition,DAMP,Yes,Public Area,Pests,Flies,Fire Escape/Egress,
Department of Housing Preservation and Development,Unsanitary Condition,DAMP,Yes,Public Area,Pests,Flies,Fire Stairs/Tower,
Department of Housing Preservation and Development,Unsanitary Condition,DAMP,Yes,Public Area,Pests,Flies,Kitchen,
Department of Housing Preservation and Development,Unsanitary Condition,DAMP,Yes,Public Area,Pests,Flies,Courtyard,
Department of Housing Preservation and Development,Unsanitary Condition,DAMP,Yes,Public Area,Pests,Flies,Compactor Closet,
Department of Housing Preservation and Development,Unsanitary Condition,DAMP,Yes,Public Area,Pests,Flies,Cellar,
Department of Housing Preservation and Development,Unsanitary Condition,DAMP,Yes,Public Area,Pests,Flies,Building Entrance,
Department of Housing Preservation and Development,Unsanitary Condition,DAMP,Yes,Public Area,Pests,Flies,Boiler Room,
Department of Housing Preservation and Development,Unsanitary Condition,DAMP,Yes,Public Area,Pests,Flies,Bathroom,
Department of Housing Preservation and Development,Unsanitary Condition,DAMP,Yes,Public Area,Pests,Flies,Basement,
Department of Housing Preservation and Development,Unsanitary Condition,DAMP,Yes,Public Area,Pests,Flies,Stairs,
Department of Housing Preservation and Development,Unsanitary Condition,DAMP,Yes,Public Area,Pests,Flies,Other Room/Area,
Department of Housing Preservation and Development,Unsanitary Condition,DAMP,Yes,Public Area,Pests,Flies,Storage Room,
Department of Housing Preservation and Development,Unsanitary Condition,DAMP,Yes,Public Area,Pests,Mice,Storage Room,
Department of Housing Preservation and Development,Unsanitary Condition,DAMP,Yes,Public Area,Pests,Mice,Yard,
Department of Housing Preservation and Development,Unsanitary Condition,DAMP,Yes,Public Area,Pests,Mice,Other Room/Area,
Department of Housing Preservation and Development,Unsanitary Condition,DAMP,Yes,Public Area,Pests,Mice,Meter Room,
Department of Housing Preservation and Development,Unsanitary Condition,DAMP,Yes,Public Area,Pests,Mice,Stairs,
Department of Housing Preservation and Development,Unsanitary Condition,DAMP,Yes,Public Area,Pests,Mice,Basement,
Department of Housing Preservation and Development,Unsanitary Condition,DAMP,Yes,Public Area,Pests,Mice,Bathroom,
Department of Housing Preservation and Development,Unsanitary Condition,DAMP,Yes,Public Area,Pests,Mice,Boiler Room,
Department of Housing Preservation and Development,Unsanitary Condition,DAMP,Yes,Public Area,Pests,Mice,Building Entrance,
Department of Housing Preservation and Development,Unsanitary Condition,DAMP,Yes,Public Area,Pests,Mice,Cellar,
Department of Housing Preservation and Development,Unsanitary Condition,DAMP,Yes,Public Area,Pests,Mice,Compactor Closet,
Department of Housing Preservation and Development,Unsanitary Condition,DAMP,Yes,Public Area,Pests,Mice,Hallway,
Department of Housing Preservation and Development,Unsanitary Condition,DAMP,Yes,Public Area,Pests,Mice,Lobby,
Department of Housing Preservation and Development,Unsanitary Condition,DAMP,Yes,Public Area,Pests,Mice,Laundry Room,
Department of Housing Preservation and Development,Unsanitary Condition,DAMP,Yes,Public Area,Pests,Mice,Kitchen,
Department of Housing Preservation and Development,Unsanitary Condition,DAMP,Yes,Public Area,Pests,Other,Kitchen,
Department of Housing Preservation and Development,Unsanitary Condition,DAMP,Yes,Public Area,Pests,Other,Laundry Room,
Department of Housing Preservation and Development,Unsanitary Condition,DAMP,Yes,Public Area,Pests,Other,Lobby,
Department of Housing Preservation and Development,Unsanitary Condition,DAMP,Yes,Public Area,Pests,Other,Hallway,
Department of Housing Preservation and Development,Unsanitary Condition,DAMP,Yes,Public Area,Pests,Other,Compactor Closet,
Department of Housing Preservation and Development,Unsanitary Condition,DAMP,Yes,Public Area,Pests,Other,Cellar,
Department of Housing Preservation and Development,Unsanitary Condition,DAMP,Yes,Public Area,Pests,Other,Courtyard,
Department of Housing Preservation and Development,Unsanitary Condition,DAMP,Yes,Public Area,Pests,Other,Building Entrance,
Department of Housing Preservation and Development,Unsanitary Condition,DAMP,Yes,Public Area,Pests,Other,Boiler Room,
Department of Housing Preservation and Development,Unsanitary Condition,DAMP,Yes,Public Area,Pests,Other,Basement,
Department of Housing Preservation and Development,Unsanitary Condition,DAMP,Yes,Public Area,Pests,Other,Bathroom,
Department of Housing Preservation and Development,Unsanitary Condition,DAMP,Yes,Public Area,Pests,Other,Meter Room,
Department of Housing Preservation and Development,Unsanitary Condition,DAMP,Yes,Public Area,Pests,Other,Other Room/Area,
Department of Housing Preservation and Development,Unsanitary Condition,DAMP,Yes,Public Area,Pests,Other,Yard,
Department of Housing Preservation and Development,Unsanitary Condition,DAMP,Yes,Public Area,Pests,Other,Storage Room,
Department of Housing Preservation and Development,Unsanitary Condition,DAMP,Yes,Public Area,Pests,Roaches,Storage Room,
Department of Housing Preservation and Development,Unsanitary Condition,DAMP,Yes,Public Area,Pests,Roaches,Other Room/Area,
Department of Housing Preservation and Development,Unsanitary Condition,DAMP,Yes,Public Area,Pests,Roaches,Meter Room,
Department of Housing Preservation and Development,Unsanitary Condition,DAMP,Yes,Public Area,Pests,Roaches,Stairs,
Department of Housing Preservation and Development,Unsanitary Condition,DAMP,Yes,Public Area,Pests,Roaches,Bathroom,
Department of Housing Preservation and Development,Unsanitary Condition,DAMP,Yes,Public Area,Pests,Roaches,Basement,
Department of Housing Preservation and Development,Unsanitary Condition,DAMP,Yes,Public Area,Pests,Roaches,Building Entrance,
Department of Housing Preservation and Development,Unsanitary Condition,DAMP,Yes,Public Area,Pests,Roaches,Cellar,
Department of Housing Preservation and Development,Unsanitary Condition,DAMP,Yes,Public Area,Pests,Roaches,Compactor Closet,
Department of Housing Preservation and Development,Unsanitary Condition,DAMP,Yes,Public Area,Pests,Roaches,Hallway,
Department of Housing Preservation and Development,Unsanitary Condition,DAMP,Yes,Public Area,Pests,Roaches,Lobby,
Department of Housing Preservation and Development,Unsanitary Condition,DAMP,Yes,Public Area,Pests,Roaches,Laundry Room,
Department of Housing Preservation and Development,Unsanitary Condition,DAMP,Yes,Public Area,Pests,Roaches,Kitchen,
Department of Housing Preservation and Development,Unsanitary Condition,DAMP,Yes,Public Area,Pests,Termites,Kitchen,
Department of Housing Preservation and Development,Unsanitary Condition,DAMP,Yes,Public Area,Pests,Termites,Laundry Room,
Department of Housing Preservation and Development,Unsanitary Condition,DAMP,Yes,Public Area,Pests,Termites,Lobby,
Department of Housing Preservation and Development,Unsanitary Condition,DAMP,Yes,Public Area,Pests,Termites,Hallway,
Department of Housing Preservation and Development,Unsanitary Condition,DAMP,Yes,Public Area,Pests,Termites,Compactor Closet,
Department of Housing Preservation and Development,Unsanitary Condition,DAMP,Yes,Public Area,Pests,Termites,Cellar,
Department of Housing Preservation and Development,Unsanitary Condition,DAMP,Yes,Public Area,Pests,Termites,Building Entrance,
Department of Housing Preservation and Development,Unsanitary Condition,DAMP,Yes,Public Area,Pests,Termites,Basement,
Department of Housing Preservation and Development,Unsanitary Condition,DAMP,Yes,Public Area,Pests,Termites,Bathroom,
Department of Housing Preservation and Development,Unsanitary Condition,DAMP,Yes,Public Area,Pests,Termites,Stairs,
Department of Housing Preservation and Development,Unsanitary Condition,DAMP,Yes,Public Area,Pests,Termites,Meter Room,
Department of Housing Preservation and Development,Unsanitary Condition,DAMP,Yes,Public Area,Pests,Termites,Other Room/Area,
Department of Housing Preservation and Development,Unsanitary Condition,DAMP,Yes,Public Area,Pests,Termites,Storage Room,
Department of Housing Preservation and Development,Unsanitary Condition,DAMP,Yes,Public Area,Sewage,Raw Sewage Accumulation,Storage Room,
Department of Housing Preservation and Development,Unsanitary Condition,DAMP,Yes,Public Area,Sewage,Raw Sewage Accumulation,Stoop,
Department of Housing Preservation and Development,Unsanitary Condition,DAMP,Yes,Public Area,Sewage,Raw Sewage Accumulation,Yard,
Department of Housing Preservation and Development,Unsanitary Condition,DAMP,Yes,Public Area,Sewage,Raw Sewage Accumulation,Other Room/Area,
Department of Housing Preservation and Development,Unsanitary Condition,DAMP,Yes,Public Area,Sewage,Raw Sewage Accumulation,Meter Room,
Department of Housing Preservation and Development,Unsanitary Condition,DAMP,Yes,Public Area,Sewage,Raw Sewage Accumulation,Stairs,
Department of Housing Preservation and Development,Unsanitary Condition,DAMP,Yes,Public Area,Sewage,Raw Sewage Accumulation,Basement,
Department of Housing Preservation and Development,Unsanitary Condition,DAMP,Yes,Public Area,Sewage,Raw Sewage Accumulation,Air Shaft,
Department of Housing Preservation and Development,Unsanitary Condition,DAMP,Yes,Public Area,Sewage,Raw Sewage Accumulation,Building Entrance,
Department of Housing Preservation and Development,Unsanitary Condition,DAMP,Yes,Public Area,Sewage,Raw Sewage Accumulation,Boiler Room,
Department of Housing Preservation and Development,Unsanitary Condition,DAMP,Yes,Public Area,Sewage,Raw Sewage Accumulation,Cellar,
Department of Housing Preservation and Development,Unsanitary Condition,DAMP,Yes,Public Area,Sewage,Raw Sewage Accumulation,Compactor Closet,
Department of Housing Preservation and Development,Unsanitary Condition,DAMP,Yes,Public Area,Sewage,Raw Sewage Accumulation,Courtyard,
Department of Housing Preservation and Development,Unsanitary Condition,DAMP,Yes,Public Area,Sewage,Raw Sewage Accumulation,Hallway,
Department of Housing Preservation and Development,Unsanitary Condition,DAMP,Yes,Public Area,Sewage,Raw Sewage Accumulation,Fire Stairs/Tower,
Department of Housing Preservation and Development,Unsanitary Condition,DAMP,Yes,Public Area,Sewage,Raw Sewage Accumulation,Fire Exit/Passageway,
Department of Housing Preservation and Development,Unsanitary Condition,DAMP,Yes,Public Area,Sewage,Raw Sewage Accumulation,Lobby,
Department of Housing Preservation and Development,Unsanitary Condition,DAMP,Yes,Public Area,Sewage,Raw Sewage Accumulation,Laundry Room,
Department of Housing Preservation and Development,Unsanitary Condition,DAMP,Yes,Public Area,Sewage,Raw Sewage Accumulation,Kitchen,
Department of Housing Preservation and Development,Vacant Apartment,DAMP,Yes,Apartment,Abandoned Apartment Unit,Not Maintained,Entire Apartment,
Department of Housing Preservation and Development,Vacant Apartment,DPM,Yes,Apartment,Abandoned Apartment Unit,Not Maintained,Entire Apartment,
Department of Housing Preservation and Development,Water Leak,DPM,Yes,Apartment,Damp Spot,From Wall or Ceiling,Entire Apartment,Medium
Department of Housing Preservation and Development,Water Leak,DPM,Yes,Apartment,Damp Spot,From Wall or Ceiling,Bedroom,Medium
Department of Housing Preservation and Development,Water Leak,DPM,Yes,Apartment,Damp Spot,From Wall or Ceiling,Bathroom,Medium
Department of Housing Preservation and Development,Water Leak,DPM,Yes,Apartment,Damp Spot,From Wall or Ceiling,Entrance/Foyer,Medium
Department of Housing Preservation and Development,Water Leak,DPM,Yes,Apartment,Damp Spot,From Wall or Ceiling,Kitchen,Medium
Department of Housing Preservation and Development,Water Leak,DPM,Yes,Apartment,Damp Spot,From Wall or Ceiling,Living Room,Medium
Department of Housing Preservation and Development,Water Leak,DPM,Yes,Apartment,Damp Spot,From Wall or Ceiling,Private Hall,Medium
Department of Housing Preservation and Development,Water Leak,DPM,Yes,Apartment,Damp Spot,From Wall or Ceiling,Other Room/Area,Medium
Department of Housing Preservation and Development,Water Leak,DPM,Yes,Apartment,Heavy Flow,At Wall or Ceiling,Other Room/Area,High
Department of Housing Preservation and Development,Water Leak,DPM,Yes,Apartment,Heavy Flow,At Wall or Ceiling,Private Hall,High
Department of Housing Preservation and Development,Water Leak,DPM,Yes,Apartment,Heavy Flow,At Wall or Ceiling,Living Room,High
Department of Housing Preservation and Development,Water Leak,DPM,Yes,Apartment,Heavy Flow,At Wall or Ceiling,Kitchen,High
Department of Housing Preservation and Development,Water Leak,DPM,Yes,Apartment,Heavy Flow,At Wall or Ceiling,Entrance/Foyer,High
Department of Housing Preservation and Development,Water Leak,DPM,Yes,Apartment,Heavy Flow,At Wall or Ceiling,Bathroom,High
Department of Housing Preservation and Development,Water Leak,DPM,Yes,Apartment,Heavy Flow,At Wall or Ceiling,Bedroom,High
Department of Housing Preservation and Development,Water Leak,DPM,Yes,Apartment,Heavy Flow,At Wall or Ceiling,Entire Apartment,High
Department of Housing Preservation and Development,Water Leak,DPM,Yes,Apartment,Slow Leak,At Wall or Ceiling,Entire Apartment,Low
Department of Housing Preservation and Development,Water Leak,DPM,Yes,Apartment,Slow Leak,At Wall or Ceiling,Bedroom,Low
Department of Housing Preservation and Development,Water Leak,DPM,Yes,Apartment,Slow Leak,At Wall or Ceiling,Bathroom,Low
Department of Housing Preservation and Development,Water Leak,DPM,Yes,Apartment,Slow Leak,At Wall or Ceiling,Entrance/Foyer,Low
Department of Housing Preservation and Development,Water Leak,DPM,Yes,Apartment,Slow Leak,At Wall or Ceiling,Kitchen,Low
Department of Housing Preservation and Development,Water Leak,DPM,Yes,Apartment,Slow Leak,At Wall or Ceiling,Living Room,Low
Department of Housing Preservation and Development,Water Leak,DPM,Yes,Apartment,Slow Leak,At Wall or Ceiling,Private Hall,Low
Department of Housing Preservation and Development,Water Leak,DPM,Yes,Apartment,Slow Leak,At Wall or Ceiling,Other Room/Area,Low
Department of Housing Preservation and Development,Water Leak,DAMP,Yes,Apartment,Damp Spot,From Wall or Ceiling,Entrance/Foyer,Medium
Department of Housing Preservation and Development,Water Leak,DAMP,Yes,Apartment,Damp Spot,From Wall or Ceiling,Kitchen,Medium
Department of Housing Preservation and Development,Water Leak,DAMP,Yes,Apartment,Damp Spot,From Wall or Ceiling,Living Room,Medium
Department of Housing Preservation and Development,Water Leak,DAMP,Yes,Apartment,Damp Spot,From Wall or Ceiling,Bedroom,Medium
Department of Housing Preservation and Development,Water Leak,DAMP,Yes,Apartment,Damp Spot,From Wall or Ceiling,Bathroom,Medium
Department of Housing Preservation and Development,Water Leak,DAMP,Yes,Apartment,Damp Spot,From Wall or Ceiling,Entire Apartment,Medium
Department of Housing Preservation and Development,Water Leak,DAMP,Yes,Apartment,Damp Spot,From Wall or Ceiling,Private Hall,Medium
Department of Housing Preservation and Development,Water Leak,DAMP,Yes,Apartment,Damp Spot,From Wall or Ceiling,Other Room/Area,Medium
Department of Housing Preservation and Development,Water Leak,DAMP,Yes,Apartment,Heavy Flow,At Wall or Ceiling,Other Room/Area,High
Department of Housing Preservation and Development,Water Leak,DAMP,Yes,Apartment,Heavy Flow,At Wall or Ceiling,Private Hall,High
Department of Housing Preservation and Development,Water Leak,DAMP,Yes,Apartment,Heavy Flow,At Wall or Ceiling,Entire Apartment,High
Department of Housing Preservation and Development,Water Leak,DAMP,Yes,Apartment,Heavy Flow,At Wall or Ceiling,Bathroom,High
Department of Housing Preservation and Development,Water Leak,DAMP,Yes,Apartment,Heavy Flow,At Wall or Ceiling,Bedroom,High
Department of Housing Preservation and Development,Water Leak,DAMP,Yes,Apartment,Heavy Flow,At Wall or Ceiling,Living Room,High
Department of Housing Preservation and Development,Water Leak,DAMP,Yes,Apartment,Heavy Flow,At Wall or Ceiling,Entrance/Foyer,High
Department of Housing Preservation and Development,Water Leak,DAMP,Yes,Apartment,Heavy Flow,At Wall or Ceiling,Kitchen,High
Department of Housing Preservation and Development,Water Leak,DAMP,Yes,Apartment,Slow Leak,At Wall or Ceiling,Kitchen,Low
Department of Housing Preservation and Development,Water Leak,DAMP,Yes,Apartment,Slow Leak,At Wall or Ceiling,Entrance/Foyer,Low
Department of Housing Preservation and Development,Water Leak,DAMP,Yes,Apartment,Slow Leak,At Wall or Ceiling,Living Room,Low
Department of Housing Preservation and Development,Water Leak,DAMP,Yes,Apartment,Slow Leak,At Wall or Ceiling,Bedroom,Low
Department of Housing Preservation and Development,Water Leak,DAMP,Yes,Apartment,Slow Leak,At Wall or Ceiling,Bathroom,Low
Department of Housing Preservation and Development,Water Leak,DAMP,Yes,Apartment,Slow Leak,At Wall or Ceiling,Entire Apartment,Low
Department of Housing Preservation and Development,Water Leak,DAMP,Yes,Apartment,Slow Leak,At Wall or Ceiling,Private Hall,Low
Department of Housing Preservation and Development,Water Leak,DAMP,Yes,Apartment,Slow Leak,At Wall or Ceiling,Other Room/Area,Low
Department of Housing Preservation and Development,Water Leak,DAMP,Yes,Public Area,Damp Spot,From Wall or Ceiling,Kitchen,Medium
Department of Housing Preservation and Development,Water Leak,DAMP,Yes,Public Area,Damp Spot,From Wall or Ceiling,Laundry Room,Medium
Department of Housing Preservation and Development,Water Leak,DAMP,Yes,Public Area,Damp Spot,From Wall or Ceiling,Lobby,Medium
Department of Housing Preservation and Development,Water Leak,DAMP,Yes,Public Area,Damp Spot,From Wall or Ceiling,Meter Room,Medium
Department of Housing Preservation and Development,Water Leak,DAMP,Yes,Public Area,Damp Spot,From Wall or Ceiling,Hallway,Medium
Department of Housing Preservation and Development,Water Leak,DAMP,Yes,Public Area,Damp Spot,From Wall or Ceiling,Compactor Closet,Medium
Department of Housing Preservation and Development,Water Leak,DAMP,Yes,Public Area,Damp Spot,From Wall or Ceiling,Cellar,Medium
Department of Housing Preservation and Development,Water Leak,DAMP,Yes,Public Area,Damp Spot,From Wall or Ceiling,Boiler Room,Medium
Department of Housing Preservation and Development,Water Leak,DAMP,Yes,Public Area,Damp Spot,From Wall or Ceiling,Building Entrance,Medium
Department of Housing Preservation and Development,Water Leak,DAMP,Yes,Public Area,Damp Spot,From Wall or Ceiling,Basement,Medium
Department of Housing Preservation and Development,Water Leak,DAMP,Yes,Public Area,Damp Spot,From Wall or Ceiling,Bathroom,Medium
Department of Housing Preservation and Development,Water Leak,DAMP,Yes,Public Area,Damp Spot,From Wall or Ceiling,Stairs,Medium
Department of Housing Preservation and Development,Water Leak,DAMP,Yes,Public Area,Damp Spot,From Wall or Ceiling,Other Room/Area,Medium
Department of Housing Preservation and Development,Water Leak,DAMP,Yes,Public Area,Damp Spot,From Wall or Ceiling,Storage Room,Medium
Department of Housing Preservation and Development,Water Leak,DAMP,Yes,Public Area,Heavy Flow,At Wall or Ceiling,Storage Room,High
Department of Housing Preservation and Development,Water Leak,DAMP,Yes,Public Area,Heavy Flow,At Wall or Ceiling,Other Room/Area,High
Department of Housing Preservation and Development,Water Leak,DAMP,Yes,Public Area,Heavy Flow,At Wall or Ceiling,Stairs,High
Department of Housing Preservation and Development,Water Leak,DAMP,Yes,Public Area,Heavy Flow,At Wall or Ceiling,Bathroom,High
Department of Housing Preservation and Development,Water Leak,DAMP,Yes,Public Area,Heavy Flow,At Wall or Ceiling,Basement,High
Department of Housing Preservation and Development,Water Leak,DAMP,Yes,Public Area,Heavy Flow,At Wall or Ceiling,Boiler Room,High
Department of Housing Preservation and Development,Water Leak,DAMP,Yes,Public Area,Heavy Flow,At Wall or Ceiling,Cellar,High
Department of Housing Preservation and Development,Water Leak,DAMP,Yes,Public Area,Heavy Flow,At Wall or Ceiling,Compactor Closet,High
Department of Housing Preservation and Development,Water Leak,DAMP,Yes,Public Area,Heavy Flow,At Wall or Ceiling,Hallway,High
Department of Housing Preservation and Development,Water Leak,DAMP,Yes,Public Area,Heavy Flow,At Wall or Ceiling,Kitchen,High
Department of Housing Preservation and Development,Water Leak,DAMP,Yes,Public Area,Heavy Flow,At Wall or Ceiling,Meter Room,High
Department of Housing Preservation and Development,Water Leak,DAMP,Yes,Public Area,Heavy Flow,At Wall or Ceiling,Lobby,High
Department of Housing Preservation and Development,Water Leak,DAMP,Yes,Public Area,Heavy Flow,At Wall or Ceiling,Laundry Room,High
Department of Housing Preservation and Development,Water Leak,DAMP,Yes,Public Area,Heavy Flow,From Wall or Ceiling,Building Entrance,High
Department of Housing Preservation and Development,Water Leak,DAMP,Yes,Public Area,Slow Leak,At Wall or Ceiling,Boiler Room,Low
Department of Housing Preservation and Development,Water Leak,DAMP,Yes,Public Area,Slow Leak,At Wall or Ceiling,Cellar,Low
Department of Housing Preservation and Development,Water Leak,DAMP,Yes,Public Area,Slow Leak,At Wall or Ceiling,Compactor Closet,Low
Department of Housing Preservation and Development,Water Leak,DAMP,Yes,Public Area,Slow Leak,At Wall or Ceiling,Basement,Low
Department of Housing Preservation and Development,Water Leak,DAMP,Yes,Public Area,Slow Leak,At Wall or Ceiling,Bathroom,Low
Department of Housing Preservation and Development,Water Leak,DAMP,Yes,Public Area,Slow Leak,At Wall or Ceiling,Laundry Room,Low
Department of Housing Preservation and Development,Water Leak,DAMP,Yes,Public Area,Slow Leak,At Wall or Ceiling,Lobby,Low
Department of Housing Preservation and Development,Water Leak,DAMP,Yes,Public Area,Slow Leak,At Wall or Ceiling,Meter Room,Low
Department of Housing Preservation and Development,Water Leak,DAMP,Yes,Public Area,Slow Leak,At Wall or Ceiling,Kitchen,Low
Department of Housing Preservation and Development,Water Leak,DAMP,Yes,Public Area,Slow Leak,At Wall or Ceiling,Hallway,Low
Department of Housing Preservation and Development,Water Leak,DAMP,Yes,Public Area,Slow Leak,At Wall or Ceiling,Stairs,Low
Department of Housing Preservation and Development,Water Leak,DAMP,Yes,Public Area,Slow Leak,At Wall or Ceiling,Other Room/Area,Low
Department of Housing Preservation and Development,Water Leak,DAMP,Yes,Public Area,Slow Leak,At Wall or Ceiling,Storage Room,Low
Department of Housing Preservation and Development,Water Leak,Sec 8,Yes,Apartment,Damp Spot,From Wall or Ceiling,Entire Apartment,Medium
Department of Housing Preservation and Development,Water Leak,Sec 8,Yes,Apartment,Damp Spot,From Wall or Ceiling,Entrance/Foyer,Medium
Department of Housing Preservation and Development,Water Leak,Sec 8,Yes,Apartment,Damp Spot,From Wall or Ceiling,Kitchen,Medium
Department of Housing Preservation and Development,Water Leak,Sec 8,Yes,Apartment,Damp Spot,From Wall or Ceiling,Living Room,Medium
Department of Housing Preservation and Development,Water Leak,Sec 8,Yes,Apartment,Damp Spot,From Wall or Ceiling,Bedroom,Medium
Department of Housing Preservation and Development,Water Leak,Sec 8,Yes,Apartment,Damp Spot,From Wall or Ceiling,Bathroom,Medium
Department of Housing Preservation and Development,Water Leak,Sec 8,Yes,Apartment,Damp Spot,From Wall or Ceiling,Private Hall,Medium
Department of Housing Preservation and Development,Water Leak,Sec 8,Yes,Apartment,Damp Spot,From Wall or Ceiling,Other Room/Area,Medium
Department of Housing Preservation and Development,Water Leak,Sec 8,Yes,Apartment,Heavy Flow,At Wall or Ceiling,Other Room/Area,High
Department of Housing Preservation and Development,Water Leak,Sec 8,Yes,Apartment,Heavy Flow,At Wall or Ceiling,Private Hall,High
Department of Housing Preservation and Development,Water Leak,Sec 8,Yes,Apartment,Heavy Flow,At Wall or Ceiling,Bathroom,High
Department of Housing Preservation and Development,Water Leak,Sec 8,Yes,Apartment,Heavy Flow,At Wall or Ceiling,Bedroom,High
Department of Housing Preservation and Development,Water Leak,Sec 8,Yes,Apartment,Heavy Flow,At Wall or Ceiling,Living Room,High
Department of Housing Preservation and Development,Water Leak,Sec 8,Yes,Apartment,Heavy Flow,At Wall or Ceiling,Kitchen,High
Department of Housing Preservation and Development,Water Leak,Sec 8,Yes,Apartment,Heavy Flow,At Wall or Ceiling,Entrance/Foyer,High
Department of Housing Preservation and Development,Water Leak,Sec 8,Yes,Apartment,Heavy Flow,At Wall or Ceiling,Entire Apartment,High
Department of Housing Preservation and Development,Water Leak,Sec 8,Yes,Apartment,Slow Leak,At Wall or Ceiling,Entire Apartment,Low
Department of Housing Preservation and Development,Water Leak,Sec 8,Yes,Apartment,Slow Leak,At Wall or Ceiling,Entrance/Foyer,Low
Department of Housing Preservation and Development,Water Leak,Sec 8,Yes,Apartment,Slow Leak,At Wall or Ceiling,Kitchen,Low
Department of Housing Preservation and Development,Water Leak,Sec 8,Yes,Apartment,Slow Leak,At Wall or Ceiling,Living Room,Low
Department of Housing Preservation and Development,Water Leak,Sec 8,Yes,Apartment,Slow Leak,At Wall or Ceiling,Bedroom,Low
Department of Housing Preservation and Development,Water Leak,Sec 8,Yes,Apartment,Slow Leak,At Wall or Ceiling,Bathroom,Low
Department of Housing Preservation and Development,Water Leak,Sec 8,Yes,Apartment,Slow Leak,At Wall or Ceiling,Private Hall,Low
Department of Housing Preservation and Development,Water Leak,Sec 8,Yes,Apartment,Slow Leak,At Wall or Ceiling,Other Room/Area,Low
Department of Housing Preservation and Development,Water Leak,DPM,Yes,Public Area,Damp Spot,From Wall or Ceiling,Laundry Room,Medium
Department of Housing Preservation and Development,Water Leak,DPM,Yes,Public Area,Damp Spot,From Wall or Ceiling,Lobby,Medium
Department of Housing Preservation and Development,Water Leak,DPM,Yes,Public Area,Damp Spot,From Wall or Ceiling,Meter Room,Medium
Department of Housing Preservation and Development,Water Leak,DPM,Yes,Public Area,Damp Spot,From Wall or Ceiling,Hallway,Medium
Department of Housing Preservation and Development,Water Leak,DPM,Yes,Public Area,Damp Spot,From Wall or Ceiling,Kitchen,Medium
Department of Housing Preservation and Development,Water Leak,DPM,Yes,Public Area,Damp Spot,From Wall or Ceiling,Compactor Closet,Medium
Department of Housing Preservation and Development,Water Leak,DPM,Yes,Public Area,Damp Spot,From Wall or Ceiling,Cellar,Medium
Department of Housing Preservation and Development,Water Leak,DPM,Yes,Public Area,Damp Spot,From Wall or Ceiling,Boiler Room,Medium
Department of Housing Preservation and Development,Water Leak,DPM,Yes,Public Area,Damp Spot,From Wall or Ceiling,Building Entrance,Medium
Department of Housing Preservation and Development,Water Leak,DPM,Yes,Public Area,Damp Spot,From Wall or Ceiling,Basement,Medium
Department of Housing Preservation and Development,Water Leak,DPM,Yes,Public Area,Damp Spot,From Wall or Ceiling,Bathroom,Medium
Department of Housing Preservation and Development,Water Leak,DPM,Yes,Public Area,Damp Spot,From Wall or Ceiling,Stairs,Medium
Department of Housing Preservation and Development,Water Leak,DPM,Yes,Public Area,Damp Spot,From Wall or Ceiling,Other Room/Area,Medium
Department of Housing Preservation and Development,Water Leak,DPM,Yes,Public Area,Damp Spot,From Wall or Ceiling,Storage Room,Medium
Department of Housing Preservation and Development,Water Leak,DPM,Yes,Public Area,Heavy Flow,At Wall or Ceiling,Storage Room,High
Department of Housing Preservation and Development,Water Leak,DPM,Yes,Public Area,Heavy Flow,At Wall or Ceiling,Other Room/Area,High
Department of Housing Preservation and Development,Water Leak,DPM,Yes,Public Area,Heavy Flow,At Wall or Ceiling,Stairs,High
Department of Housing Preservation and Development,Water Leak,DPM,Yes,Public Area,Heavy Flow,At Wall or Ceiling,Bathroom,High
Department of Housing Preservation and Development,Water Leak,DPM,Yes,Public Area,Heavy Flow,At Wall or Ceiling,Basement,High
Department of Housing Preservation and Development,Water Leak,DPM,Yes,Public Area,Heavy Flow,At Wall or Ceiling,Boiler Room,High
Department of Housing Preservation and Development,Water Leak,DPM,Yes,Public Area,Heavy Flow,At Wall or Ceiling,Cellar,High
Department of Housing Preservation and Development,Water Leak,DPM,Yes,Public Area,Heavy Flow,At Wall or Ceiling,Compactor Closet,High
Department of Housing Preservation and Development,Water Leak,DPM,Yes,Public Area,Heavy Flow,At Wall or Ceiling,Kitchen,High
Department of Housing Preservation and Development,Water Leak,DPM,Yes,Public Area,Heavy Flow,At Wall or Ceiling,Hallway,High
Department of Housing Preservation and Development,Water Leak,DPM,Yes,Public Area,Heavy Flow,At Wall or Ceiling,Meter Room,High
Department of Housing Preservation and Development,Water Leak,DPM,Yes,Public Area,Heavy Flow,At Wall or Ceiling,Lobby,High
Department of Housing Preservation and Development,Water Leak,DPM,Yes,Public Area,Heavy Flow,At Wall or Ceiling,Laundry Room,High
Department of Housing Preservation and Development,Water Leak,DPM,Yes,Public Area,Heavy Flow,From Wall or Ceiling,Building Entrance,High
Department of Housing Preservation and Development,Water Leak,DPM,Yes,Public Area,Slow Leak,At Wall or Ceiling,Boiler Room,Low
Department of Housing Preservation and Development,Water Leak,DPM,Yes,Public Area,Slow Leak,At Wall or Ceiling,Cellar,Low
Department of Housing Preservation and Development,Water Leak,DPM,Yes,Public Area,Slow Leak,At Wall or Ceiling,Compactor Closet,Low
Department of Housing Preservation and Development,Water Leak,DPM,Yes,Public Area,Slow Leak,At Wall or Ceiling,Basement,Low
Department of Housing Preservation and Development,Water Leak,DPM,Yes,Public Area,Slow Leak,At Wall or Ceiling,Bathroom,Low
Department of Housing Preservation and Development,Water Leak,DPM,Yes,Public Area,Slow Leak,At Wall or Ceiling,Laundry Room,Low
Department of Housing Preservation and Development,Water Leak,DPM,Yes,Public Area,Slow Leak,At Wall or Ceiling,Lobby,Low
Department of Housing Preservation and Development,Water Leak,DPM,Yes,Public Area,Slow Leak,At Wall or Ceiling,Meter Room,Low
Department of Housing Preservation and Development,Water Leak,DPM,Yes,Public Area,Slow Leak,At Wall or Ceiling,Hallway,Low
Department of Housing Preservation and Development,Water Leak,DPM,Yes,Public Area,Slow Leak,At Wall or Ceiling,Kitchen,Low
Department of Housing Preservation and Development,Water Leak,DPM,Yes,Public Area,Slow Leak,At Wall or Ceiling,Stairs,Low
Department of Housing Preservation and Development,Water Leak,DPM,Yes,Public Area,Slow Leak,At Wall or Ceiling,Other Room/Area,Low
Department of Housing Preservation and Development,Water Leak,DPM,Yes,Public Area,Slow Leak,At Wall or Ceiling,Storage Room,Low
Department of Housing Preservation and Development,Water Leak,PVT,Yes,Public Area,Damp Spot,From Wall or Ceiling,Hallway,Medium
Department of Housing Preservation and Development,Water Leak,PVT,Yes,Public Area,Damp Spot,From Wall or Ceiling,Kitchen,Medium
Department of Housing Preservation and Development,Water Leak,PVT,Yes,Public Area,Damp Spot,From Wall or Ceiling,Laundry Room,Medium
Department of Housing Preservation and Development,Water Leak,PVT,Yes,Public Area,Damp Spot,From Wall or Ceiling,Lobby,Medium
Department of Housing Preservation and Development,Water Leak,PVT,Yes,Public Area,Damp Spot,From Wall or Ceiling,Compactor Closet,Medium
Department of Housing Preservation and Development,Water Leak,PVT,Yes,Public Area,Damp Spot,From Wall or Ceiling,Cellar,Medium
Department of Housing Preservation and Development,Water Leak,PVT,Yes,Public Area,Damp Spot,From Wall or Ceiling,Boiler Room,Medium
Department of Housing Preservation and Development,Water Leak,PVT,Yes,Public Area,Damp Spot,From Wall or Ceiling,Building Entrance,Medium
Department of Housing Preservation and Development,Water Leak,PVT,Yes,Public Area,Damp Spot,From Wall or Ceiling,Basement,Medium
Department of Housing Preservation and Development,Water Leak,PVT,Yes,Public Area,Damp Spot,From Wall or Ceiling,Bathroom,Medium
Department of Housing Preservation and Development,Water Leak,PVT,Yes,Public Area,Damp Spot,From Wall or Ceiling,Stairs,Medium
Department of Housing Preservation and Development,Water Leak,PVT,Yes,Public Area,Damp Spot,From Wall or Ceiling,Storage Room,Medium
Department of Housing Preservation and Development,Water Leak,PVT,Yes,Public Area,Damp Spot,From Wall or Ceiling,Other Room/Area,Medium
Department of Housing Preservation and Development,Water Leak,PVT,Yes,Public Area,Damp Spot,From Wall or Ceiling,Meter Room,Medium
Department of Housing Preservation and Development,Water Leak,PVT,Yes,Public Area,Heavy Flow,At Wall or Ceiling,Meter Room,High
Department of Housing Preservation and Development,Water Leak,PVT,Yes,Public Area,Heavy Flow,At Wall or Ceiling,Other Room/Area,High
Department of Housing Preservation and Development,Water Leak,PVT,Yes,Public Area,Heavy Flow,At Wall or Ceiling,Stairs,High
Department of Housing Preservation and Development,Water Leak,PVT,Yes,Public Area,Heavy Flow,At Wall or Ceiling,Storage Room,High
Department of Housing Preservation and Development,Water Leak,PVT,Yes,Public Area,Heavy Flow,At Wall or Ceiling,Bathroom,High
Department of Housing Preservation and Development,Water Leak,PVT,Yes,Public Area,Heavy Flow,At Wall or Ceiling,Basement,High
Department of Housing Preservation and Development,Water Leak,PVT,Yes,Public Area,Heavy Flow,At Wall or Ceiling,Boiler Room,High
Department of Housing Preservation and Development,Water Leak,PVT,Yes,Public Area,Heavy Flow,At Wall or Ceiling,Cellar,High
Department of Housing Preservation and Development,Water Leak,PVT,Yes,Public Area,Heavy Flow,At Wall or Ceiling,Compactor Closet,High
Department of Housing Preservation and Development,Water Leak,PVT,Yes,Public Area,Heavy Flow,At Wall or Ceiling,Lobby,High
Department of Housing Preservation and Development,Water Leak,PVT,Yes,Public Area,Heavy Flow,At Wall or Ceiling,Laundry Room,High
Department of Housing Preservation and Development,Water Leak,PVT,Yes,Public Area,Heavy Flow,At Wall or Ceiling,Kitchen,High
Department of Housing Preservation and Development,Water Leak,PVT,Yes,Public Area,Heavy Flow,At Wall or Ceiling,Hallway,High
Department of Housing Preservation and Development,Water Leak,PVT,Yes,Public Area,Heavy Flow,From Wall or Ceiling,Building Entrance,High
Department of Housing Preservation and Development,Water Leak,PVT,Yes,Public Area,Slow Leak,At Wall or Ceiling,Boiler Room,Low
Department of Housing Preservation and Development,Water Leak,PVT,Yes,Public Area,Slow Leak,At Wall or Ceiling,Compactor Closet,Low
Department of Housing Preservation and Development,Water Leak,PVT,Yes,Public Area,Slow Leak,At Wall or Ceiling,Cellar,Low
Department of Housing Preservation and Development,Water Leak,PVT,Yes,Public Area,Slow Leak,At Wall or Ceiling,Basement,Low
Department of Housing Preservation and Development,Water Leak,PVT,Yes,Public Area,Slow Leak,At Wall or Ceiling,Bathroom,Low
Department of Housing Preservation and Development,Water Leak,PVT,Yes,Public Area,Slow Leak,At Wall or Ceiling,Hallway,Low
Department of Housing Preservation and Development,Water Leak,PVT,Yes,Public Area,Slow Leak,At Wall or Ceiling,Kitchen,Low
Department of Housing Preservation and Development,Water Leak,PVT,Yes,Public Area,Slow Leak,At Wall or Ceiling,Laundry Room,Low
Department of Housing Preservation and Development,Water Leak,PVT,Yes,Public Area,Slow Leak,At Wall or Ceiling,Lobby,Low
Department of Housing Preservation and Development,Water Leak,PVT,Yes,Public Area,Slow Leak,At Wall or Ceiling,Storage Room,Low
Department of Housing Preservation and Development,Water Leak,PVT,Yes,Public Area,Slow Leak,At Wall or Ceiling,Stairs,Low
Department of Housing Preservation and Development,Water Leak,PVT,Yes,Public Area,Slow Leak,At Wall or Ceiling,Other Room/Area,Low
Department of Housing Preservation and Development,Water Leak,PVT,Yes,Public Area,Slow Leak,At Wall or Ceiling,Meter Room,Low
Department of Housing Preservation and Development,Water Leak,Sec 8,Yes,Public Area,Damp Spot,From Wall or Ceiling,Hallway,Medium
Department of Housing Preservation and Development,Water Leak,Sec 8,Yes,Public Area,Damp Spot,From Wall or Ceiling,Kitchen,Medium
Department of Housing Preservation and Development,Water Leak,Sec 8,Yes,Public Area,Damp Spot,From Wall or Ceiling,Laundry Room,Medium
Department of Housing Preservation and Development,Water Leak,Sec 8,Yes,Public Area,Damp Spot,From Wall or Ceiling,Lobby,Medium
Department of Housing Preservation and Development,Water Leak,Sec 8,Yes,Public Area,Damp Spot,From Wall or Ceiling,Compactor Closet,Medium
Department of Housing Preservation and Development,Water Leak,Sec 8,Yes,Public Area,Damp Spot,From Wall or Ceiling,Cellar,Medium
Department of Housing Preservation and Development,Water Leak,Sec 8,Yes,Public Area,Damp Spot,From Wall or Ceiling,Boiler Room,Medium
Department of Housing Preservation and Development,Water Leak,Sec 8,Yes,Public Area,Damp Spot,From Wall or Ceiling,Building Entrance,Medium
Department of Housing Preservation and Development,Water Leak,Sec 8,Yes,Public Area,Damp Spot,From Wall or Ceiling,Basement,Medium
Department of Housing Preservation and Development,Water Leak,Sec 8,Yes,Public Area,Damp Spot,From Wall or Ceiling,Bathroom,Medium
Department of Housing Preservation and Development,Water Leak,Sec 8,Yes,Public Area,Damp Spot,From Wall or Ceiling,Stairs,Medium
Department of Housing Preservation and Development,Water Leak,Sec 8,Yes,Public Area,Damp Spot,From Wall or Ceiling,Meter Room,Medium
Department of Housing Preservation and Development,Water Leak,Sec 8,Yes,Public Area,Damp Spot,From Wall or Ceiling,Other Room/Area,Medium
Department of Housing Preservation and Development,Water Leak,Sec 8,Yes,Public Area,Damp Spot,From Wall or Ceiling,Storage Room,Medium
Department of Housing Preservation and Development,Water Leak,Sec 8,Yes,Public Area,Heavy Flow,Affecting Structural Stability,Basement,High
Department of Housing Preservation and Development,Water Leak,Sec 8,Yes,Public Area,Heavy Flow,At Wall or Ceiling,Basement,High
Department of Housing Preservation and Development,Water Leak,Sec 8,Yes,Public Area,Heavy Flow,At Wall or Ceiling,Bathroom,High
Department of Housing Preservation and Development,Water Leak,Sec 8,Yes,Public Area,Heavy Flow,At Wall or Ceiling,Boiler Room,High
Department of Housing Preservation and Development,Water Leak,Sec 8,Yes,Public Area,Heavy Flow,At Wall or Ceiling,Cellar,High
Department of Housing Preservation and Development,Water Leak,Sec 8,Yes,Public Area,Heavy Flow,At Wall or Ceiling,Compactor Closet,High
Department of Housing Preservation and Development,Water Leak,Sec 8,Yes,Public Area,Heavy Flow,At Wall or Ceiling,Lobby,High
Department of Housing Preservation and Development,Water Leak,Sec 8,Yes,Public Area,Heavy Flow,At Wall or Ceiling,Laundry Room,High
Department of Housing Preservation and Development,Water Leak,Sec 8,Yes,Public Area,Heavy Flow,At Wall or Ceiling,Kitchen,High
Department of Housing Preservation and Development,Water Leak,Sec 8,Yes,Public Area,Heavy Flow,At Wall or Ceiling,Hallway,High
Department of Housing Preservation and Development,Water Leak,Sec 8,Yes,Public Area,Heavy Flow,At Wall or Ceiling,Storage Room,High
Department of Housing Preservation and Development,Water Leak,Sec 8,Yes,Public Area,Heavy Flow,At Wall or Ceiling,Other Room/Area,High
Department of Housing Preservation and Development,Water Leak,Sec 8,Yes,Public Area,Heavy Flow,At Wall or Ceiling,Meter Room,High
Department of Housing Preservation and Development,Water Leak,Sec 8,Yes,Public Area,Heavy Flow,At Wall or Ceiling,Stairs,High
Department of Housing Preservation and Development,Water Leak,Sec 8,Yes,Public Area,Heavy Flow,From Wall or Ceiling,Building Entrance,High
Department of Housing Preservation and Development,Water Leak,Sec 8,Yes,Public Area,Slow Leak,At Wall or Ceiling,Boiler Room,Low
Department of Housing Preservation and Development,Water Leak,Sec 8,Yes,Public Area,Slow Leak,At Wall or Ceiling,Compactor Closet,Low
Department of Housing Preservation and Development,Water Leak,Sec 8,Yes,Public Area,Slow Leak,At Wall or Ceiling,Cellar,Low
Department of Housing Preservation and Development,Water Leak,Sec 8,Yes,Public Area,Slow Leak,At Wall or Ceiling,Bathroom,Low
Department of Housing Preservation and Development,Water Leak,Sec 8,Yes,Public Area,Slow Leak,At Wall or Ceiling,Basement,Low
Department of Housing Preservation and Development,Water Leak,Sec 8,Yes,Public Area,Slow Leak,At Wall or Ceiling,Hallway,Low
Department of Housing Preservation and Development,Water Leak,Sec 8,Yes,Public Area,Slow Leak,At Wall or Ceiling,Kitchen,Low
Department of Housing Preservation and Development,Water Leak,Sec 8,Yes,Public Area,Slow Leak,At Wall or Ceiling,Laundry Room,Low
Department of Housing Preservation and Development,Water Leak,Sec 8,Yes,Public Area,Slow Leak,At Wall or Ceiling,Lobby,Low
Department of Housing Preservation and Development,Water Leak,Sec 8,Yes,Public Area,Slow Leak,At Wall or Ceiling,Stairs,Low
Department of Housing Preservation and Development,Water Leak,Sec 8,Yes,Public Area,Slow Leak,At Wall or Ceiling,Meter Room,Low
Department of Housing Preservation and Development,Water Leak,Sec 8,Yes,Public Area,Slow Leak,At Wall or Ceiling,Other Room/Area,Low
Department of Housing Preservation and Development,Water Leak,Sec 8,Yes,Public Area,Slow Leak,At Wall or Ceiling,Storage Room,Low
Department of Housing Preservation and Development,Water Leak,PVT,Yes,Apartment,Damp Spot,From Wall or Ceiling,Entire Apartment,Medium
Department of Housing Preservation and Development,Water Leak,PVT,Yes,Apartment,Damp Spot,From Wall or Ceiling,Entrance/Foyer,Medium
Department of Housing Preservation and Development,Water Leak,PVT,Yes,Apartment,Damp Spot,From Wall or Ceiling,Kitchen,Medium
Department of Housing Preservation and Development,Water Leak,PVT,Yes,Apartment,Damp Spot,From Wall or Ceiling,Living Room,Medium
Department of Housing Preservation and Development,Water Leak,PVT,Yes,Apartment,Damp Spot,From Wall or Ceiling,Bathroom,Medium
Department of Housing Preservation and Development,Water Leak,PVT,Yes,Apartment,Damp Spot,From Wall or Ceiling,Bedroom,Medium
Department of Housing Preservation and Development,Water Leak,PVT,Yes,Apartment,Damp Spot,From Wall or Ceiling,Private Hall,Medium
Department of Housing Preservation and Development,Water Leak,PVT,Yes,Apartment,Damp Spot,From Wall or Ceiling,Other Room/Area,Medium
Department of Housing Preservation and Development,Water Leak,PVT,Yes,Apartment,Heavy Flow,At Wall or Ceiling,Private Hall,High
Department of Housing Preservation and Development,Water Leak,PVT,Yes,Apartment,Heavy Flow,At Wall or Ceiling,Other Room/Area,High
Department of Housing Preservation and Development,Water Leak,PVT,Yes,Apartment,Heavy Flow,At Wall or Ceiling,Bedroom,High
Department of Housing Preservation and Development,Water Leak,PVT,Yes,Apartment,Heavy Flow,At Wall or Ceiling,Bathroom,High
Department of Housing Preservation and Development,Water Leak,PVT,Yes,Apartment,Heavy Flow,At Wall or Ceiling,Living Room,High
Department of Housing Preservation and Development,Water Leak,PVT,Yes,Apartment,Heavy Flow,At Wall or Ceiling,Kitchen,High
Department of Housing Preservation and Development,Water Leak,PVT,Yes,Apartment,Heavy Flow,At Wall or Ceiling,Entrance/Foyer,High
Department of Housing Preservation and Development,Water Leak,PVT,Yes,Apartment,Heavy Flow,At Wall or Ceiling,Entire Apartment,High
Department of Housing Preservation and Development,Water Leak,PVT,Yes,Apartment,Slow Leak,At Wall or Ceiling,Entire Apartment,Low
Department of Housing Preservation and Development,Water Leak,PVT,Yes,Apartment,Slow Leak,At Wall or Ceiling,Entrance/Foyer,Low
Department of Housing Preservation and Development,Water Leak,PVT,Yes,Apartment,Slow Leak,At Wall or Ceiling,Kitchen,Low
Department of Housing Preservation and Development,Water Leak,PVT,Yes,Apartment,Slow Leak,At Wall or Ceiling,Living Room,Low
Department of Housing Preservation and Development,Water Leak,PVT,Yes,Apartment,Slow Leak,At Wall or Ceiling,Bathroom,Low
Department of Housing Preservation and Development,Water Leak,PVT,Yes,Apartment,Slow Leak,At Wall or Ceiling,Bedroom,Low
Department of Housing Preservation and Development,Water Leak,PVT,Yes,Apartment,Slow Leak,At Wall or Ceiling,Other Room/Area,Low
Department of Housing Preservation and Development,Water Leak,PVT,Yes,Apartment,Slow Leak,At Wall or Ceiling,Private Hall,Low